timestamp,variant,instance,omega,seed,metric,value
20260914_214911,C0+C0p+C3+FLOW+MTC+S11+WARM+PRE+K5+K7+FILT+MD+SEED,inputs_10x10_v_full,midpoint,0,status,TIME_LIMIT
20260914_214911,C0+C0p+C3+FLOW+MTC+S11+WARM+PRE+K5+K7+FILT+MD+SEED,inputs_10x10_v_full,midpoint,0,LB,338.6265504760285
20260914_214911,C0+C0p+C3+FLOW+MTC+S11+WARM+PRE+K5+K7+FILT+MD+SEED,inputs_10x10_v_full,midpoint,0,UB,5334.617362873368
20260914_214911,C0+C0p+C3+FLOW+MTC+S11+WARM+PRE+K5+K7+FILT+MD+SEED,inputs_10x10_v_full,midpoint,0,gap,0.9365228042722008
20260914_214911,C0+C0p+C3+FLOW+MTC+S11+WARM+PRE+K5+K7+FILT+MD+SEED,inputs_10x10_v_full,midpoint,0,iterations,164
20260914_214911,C0+C0p+C3+FLOW+MTC+S11+WARM+PRE+K5+K7+FILT+MD+SEED,inputs_10x10_v_full,midpoint,0,runtime_s,1800.002474308014
20260914_214911,C0+C0p+C3+FLOW+MTC+S11+WARM+PRE+K5+K7+FILT+MD+SEED,inputs_10x10_v_full,midpoint,0,wall_s,1800.0070116519928
20260914_214911,C0+C0p+C3+FLOW+MTC+S11+WARM+PRE+K5+K7+FILT+MD+SEED,inputs_10x10_v_full,midpoint,0,n_sp_calls,1
20260914_214911,C0+C0p+C3+FLOW+MTC+S11+WARM+PRE+K5+K7+FILT+MD+SEED,inputs_10x10_v_full,midpoint,0,incumbent_value,338.6265504760285
20260914_214911,C0+C0p+C3+FLOW+MTC+S11+WARM+PRE+K5+K7+FILT+MD+SEED,inputs_10x10_v_full,midpoint,0,certified,0
20260914_214911,C0+C0p+C3+FLOW+MTC+S11+WARM+PRE+K5+K7+FILT+MD+SEED,inputs_10x10_v_full,midpoint,0,n_Nf,90
20260914_214911,C0+C0p+C3+FLOW+MTC+S11+WARM+PRE+K5+K7+FILT+MD+SEED,inputs_10x10_v_full,midpoint,0,n_K,42
20260914_214911,C0+C0p+C3+FLOW+MTC+S11+WARM+PRE+K5+K7+FILT+MD+SEED,inputs_10x10_v_full,midpoint,0,sp_engine,strong_resource
20260914_214911,C0+C0p+C3+FLOW+MTC+S11+WARM+PRE+K5+K7+FILT+MD+SEED,inputs_10x10_v_full,midpoint,0,sp_mip_gap,0.0
20260914_214911,C0+C0p+C3+FLOW+MTC+S11+WARM+PRE+K5+K7+FILT+MD+SEED,inputs_10x10_v_full,midpoint,0,sp_tighten,0
20260914_214911,C0+C0p+C3+FLOW+MTC+S11+WARM+PRE+K5+K7+FILT+MD+SEED,inputs_10x10_v_full,midpoint,0,sp_tight_gap,0.0
20260914_214911,C0+C0p+C3+FLOW+MTC+S11+WARM+PRE+K5+K7+FILT+MD+SEED,inputs_10x10_v_full,midpoint,0,seed_localsearch,0
20260914_214911,C0+C0p+C3+FLOW+MTC+S11+WARM+PRE+K5+K7+FILT+MD+SEED,inputs_10x10_v_full,midpoint,0,seed_budget_s,120.0
20260914_214911,C0+C0p+C3+FLOW+MTC+S11+WARM+PRE+K5+K7+FILT+MD+SEED,inputs_10x10_v_full,midpoint,0,bigm_threshold,18
20260914_214911,C0+C0p+C3+FLOW+MTC+S11+WARM+PRE+K5+K7+FILT+MD+SEED,inputs_10x10_v_full,midpoint,0,bigm_margin,1.0
20260914_214911,C0+C0p+C3+FLOW+MTC+S11+WARM+PRE+K5+K7+FILT+MD+SEED,inputs_10x10_v_full,midpoint,0,bigm_method,global_sum
20260914_214911,C0+C0p+C3+FLOW+MTC+S11+WARM+PRE+K5+K7+FILT+MD+SEED,inputs_10x10_v_full,midpoint,0,bigm_nodes_in_dp,0
20260914_214911,C0+C0p+C3+FLOW+MTC+S11+WARM+PRE+K5+K7+FILT+MD+SEED,inputs_10x10_v_full,midpoint,0,bigm_dp_completed,False
20260914_214911,C0+C0p+C3+FLOW+MTC+S11+WARM+PRE+K5+K7+FILT+MD+SEED,inputs_10x10_v_full,midpoint,0,M_d,603.281698735241
20260914_214911,C0+C0p+C3+FLOW+MTC+S11+WARM+PRE+K5+K7+FILT+MD+SEED,inputs_10x10_v_full,midpoint,0,ts_ub,550.9369497191532
20260914_214911,C0+C0p+C3+FLOW+MTC+S11+WARM+PRE+K5+K7+FILT+MD+SEED,inputs_10x10_v_full,midpoint,0,te_ub,580.281698735241
20260914_214911,C0+C0p+C3+FLOW+MTC+S11+WARM+PRE+K5+K7+FILT+MD+SEED,inputs_10x10_v_full,midpoint,0,seed_LB,338.6265504760285
20260914_214911,C0+C0p+C3+FLOW+MTC+S11+WARM+PRE+K5+K7+FILT+MD+SEED,inputs_10x10_v_full,midpoint,0,seed_time_s,30.041149854660034
20260914_214911,C0+C0p+C3+FLOW+MTC+S11+WARM+PRE+K5+K7+FILT+MD+SEED,inputs_10x10_v_full,midpoint,0,seed_source,greedy_fast
20260914_214911,C0+C0p+C3+FLOW+MTC+S11+WARM+PRE+K5+K7+FILT+MD+SEED,inputs_10x10_v_full,midpoint,0,spcall_TIME_LIMIT_WITH_INCUMBENT,1
20260914_214911,C0+C0p+C3+FLOW+MTC+S11+WARM+PRE+K5+K7+FILT+MD+SEED,inputs_10x10_v_full,midpoint,0,cut_singleton_infeasible,769
20260914_214911,C0+C0p+C3+FLOW+MTC+S11+WARM+PRE+K5+K7+FILT+MD+SEED,inputs_10x10_v_full,midpoint,0,singleton_cache_enabled,1
20260914_214911,C0+C0p+C3+FLOW+MTC+S11+WARM+PRE+K5+K7+FILT+MD+SEED,inputs_10x10_v_full,midpoint,0,single_sp_requests,7474
20260914_214911,C0+C0p+C3+FLOW+MTC+S11+WARM+PRE+K5+K7+FILT+MD+SEED,inputs_10x10_v_full,midpoint,0,single_sp_solves,2369
20260914_214911,C0+C0p+C3+FLOW+MTC+S11+WARM+PRE+K5+K7+FILT+MD+SEED,inputs_10x10_v_full,midpoint,0,single_sp_cache_hits,5105
20260914_214911,C0+C0p+C3+FLOW+MTC+S11+WARM+PRE+K5+K7+FILT+MD+SEED,inputs_10x10_v_full,midpoint,0,single_sp_build_time_s,4.080291509628296
20260914_214911,C0+C0p+C3+FLOW+MTC+S11+WARM+PRE+K5+K7+FILT+MD+SEED,inputs_10x10_v_full,midpoint,0,single_sp_solve_time_s,5.271576166152954
20260914_214911,C0+C0p+C3+FLOW+MTC+S11+WARM+PRE+K5+K7+FILT+MD+SEED,inputs_10x10_v_full,midpoint,0,single_sp_time_s,9.35186767578125
20260914_214911,C0+C0p+C3+FLOW+MTC+S11+WARM+PRE+K5+K7+FILT+MD+SEED,inputs_10x10_v_full,midpoint,0,cache_lookup_time_s,0.02437352016568184
20260914_214911,C0+C0p+C3+FLOW+MTC+S11+WARM+PRE+K5+K7+FILT+MD+SEED,inputs_10x10_v_full,midpoint,0,est_prevented_solve_time_s,22.19158434867859
20260914_214911,C0+C0p+C3+FLOW+MTC+S11+WARM+PRE+K5+K7+FILT+MD+SEED,inputs_10x10_v_full,midpoint,0,single_sp_status_FEASIBLE_VERIFIED,2183
20260914_214911,C0+C0p+C3+FLOW+MTC+S11+WARM+PRE+K5+K7+FILT+MD+SEED,inputs_10x10_v_full,midpoint,0,single_sp_status_INFEASIBLE_PROVEN,186
20260914_214911,C0+C0p+C3+FLOW+MTC+S11+WARM+PRE+K5+K7+FILT+MD+SEED,inputs_10x10_v_full,midpoint,0,single_sp_status_UNKNOWN,0
20260914_214911,C0+C0p+C3+FLOW+MTC+S11+WARM+PRE+K5+K7+FILT+MD+SEED,inputs_10x10_v_full,midpoint,0,dup_cuts_prevented,0
20260914_214911,C0+C0p+C3+FLOW+MTC+S11+WARM+PRE+K5+K7+FILT+MD+SEED,inputs_10x10_v_full,midpoint,0,single_sp_distinct,2369
20260914_214911,C0+C0p+C3+FLOW+MTC+S11+WARM+PRE+K5+K7+FILT+MD+SEED,inputs_10x10_v_full,midpoint,0,master_time_s,1760.2356190681458
20260914_214911,C0+C0p+C3+FLOW+MTC+S11+WARM+PRE+K5+K7+FILT+MD+SEED,inputs_10x10_v_full,midpoint,0,sp_time_s,0.0
20260914_214911,C0+C0p+C3+FLOW+MTC+S11+WARM+PRE+K5+K7+FILT+MD+SEED,inputs_10x10_v_full,midpoint,0,master_time_share,1.0
20260914_214911,C0+C0p+C3+FLOW+MTC+S11+WARM+PRE+K5+K7+FILT+MD+SEED,inputs_10x10_v_full,midpoint,0,sp_time_share,0.0
20260914_214911,C0+C0p+C3+FLOW+MTC+S11+WARM+PRE+K5+K7+FILT+MD+SEED,inputs_10x10_v_full,midpoint,0,t_to_gap_10pct,
20260914_214911,C0+C0p+C3+FLOW+MTC+S11+WARM+PRE+K5+K7+FILT+MD+SEED,inputs_10x10_v_full,midpoint,0,t_to_gap_5pct,
20260914_214911,C0+C0p+C3+FLOW+MTC+S11+WARM+PRE+K5+K7+FILT+MD+SEED,inputs_10x10_v_full,midpoint,0,t_to_gap_3pct,
20260914_214911,C0+C0p+C3+FLOW+MTC+S11+WARM+PRE+K5+K7+FILT+MD+SEED,inputs_10x10_v_full,midpoint,0,t_to_gap_1pct,
20260914_214911,C0+C0p+C3+FLOW+MTC+S11+WARM+PRE+K5+K7+FILT+MD+SEED,inputs_10x10_v_full,midpoint,1,status,TIME_LIMIT
20260914_214911,C0+C0p+C3+FLOW+MTC+S11+WARM+PRE+K5+K7+FILT+MD+SEED,inputs_10x10_v_full,midpoint,1,LB,338.62655122414
20260914_214911,C0+C0p+C3+FLOW+MTC+S11+WARM+PRE+K5+K7+FILT+MD+SEED,inputs_10x10_v_full,midpoint,1,UB,5334.670508367253
20260914_214911,C0+C0p+C3+FLOW+MTC+S11+WARM+PRE+K5+K7+FILT+MD+SEED,inputs_10x10_v_full,midpoint,1,gap,0.9365234365097123
20260914_214911,C0+C0p+C3+FLOW+MTC+S11+WARM+PRE+K5+K7+FILT+MD+SEED,inputs_10x10_v_full,midpoint,1,iterations,163
20260914_214911,C0+C0p+C3+FLOW+MTC+S11+WARM+PRE+K5+K7+FILT+MD+SEED,inputs_10x10_v_full,midpoint,1,runtime_s,1800.0018565654755
20260914_214911,C0+C0p+C3+FLOW+MTC+S11+WARM+PRE+K5+K7+FILT+MD+SEED,inputs_10x10_v_full,midpoint,1,wall_s,1800.006002664566
20260914_214911,C0+C0p+C3+FLOW+MTC+S11+WARM+PRE+K5+K7+FILT+MD+SEED,inputs_10x10_v_full,midpoint,1,n_sp_calls,1
20260914_214911,C0+C0p+C3+FLOW+MTC+S11+WARM+PRE+K5+K7+FILT+MD+SEED,inputs_10x10_v_full,midpoint,1,incumbent_value,338.62655122414
20260914_214911,C0+C0p+C3+FLOW+MTC+S11+WARM+PRE+K5+K7+FILT+MD+SEED,inputs_10x10_v_full,midpoint,1,certified,0
20260914_214911,C0+C0p+C3+FLOW+MTC+S11+WARM+PRE+K5+K7+FILT+MD+SEED,inputs_10x10_v_full,midpoint,1,n_Nf,90
20260914_214911,C0+C0p+C3+FLOW+MTC+S11+WARM+PRE+K5+K7+FILT+MD+SEED,inputs_10x10_v_full,midpoint,1,n_K,42
20260914_214911,C0+C0p+C3+FLOW+MTC+S11+WARM+PRE+K5+K7+FILT+MD+SEED,inputs_10x10_v_full,midpoint,1,sp_engine,strong_resource
20260914_214911,C0+C0p+C3+FLOW+MTC+S11+WARM+PRE+K5+K7+FILT+MD+SEED,inputs_10x10_v_full,midpoint,1,sp_mip_gap,0.0
20260914_214911,C0+C0p+C3+FLOW+MTC+S11+WARM+PRE+K5+K7+FILT+MD+SEED,inputs_10x10_v_full,midpoint,1,sp_tighten,0
20260914_214911,C0+C0p+C3+FLOW+MTC+S11+WARM+PRE+K5+K7+FILT+MD+SEED,inputs_10x10_v_full,midpoint,1,sp_tight_gap,0.0
20260914_214911,C0+C0p+C3+FLOW+MTC+S11+WARM+PRE+K5+K7+FILT+MD+SEED,inputs_10x10_v_full,midpoint,1,seed_localsearch,0
20260914_214911,C0+C0p+C3+FLOW+MTC+S11+WARM+PRE+K5+K7+FILT+MD+SEED,inputs_10x10_v_full,midpoint,1,seed_budget_s,120.0
20260914_214911,C0+C0p+C3+FLOW+MTC+S11+WARM+PRE+K5+K7+FILT+MD+SEED,inputs_10x10_v_full,midpoint,1,bigm_threshold,18
20260914_214911,C0+C0p+C3+FLOW+MTC+S11+WARM+PRE+K5+K7+FILT+MD+SEED,inputs_10x10_v_full,midpoint,1,bigm_margin,1.0
20260914_214911,C0+C0p+C3+FLOW+MTC+S11+WARM+PRE+K5+K7+FILT+MD+SEED,inputs_10x10_v_full,midpoint,1,bigm_method,global_sum
20260914_214911,C0+C0p+C3+FLOW+MTC+S11+WARM+PRE+K5+K7+FILT+MD+SEED,inputs_10x10_v_full,midpoint,1,bigm_nodes_in_dp,0
20260914_214911,C0+C0p+C3+FLOW+MTC+S11+WARM+PRE+K5+K7+FILT+MD+SEED,inputs_10x10_v_full,midpoint,1,bigm_dp_completed,False
20260914_214911,C0+C0p+C3+FLOW+MTC+S11+WARM+PRE+K5+K7+FILT+MD+SEED,inputs_10x10_v_full,midpoint,1,M_d,603.281698735241
20260914_214911,C0+C0p+C3+FLOW+MTC+S11+WARM+PRE+K5+K7+FILT+MD+SEED,inputs_10x10_v_full,midpoint,1,ts_ub,550.9369497191532
20260914_214911,C0+C0p+C3+FLOW+MTC+S11+WARM+PRE+K5+K7+FILT+MD+SEED,inputs_10x10_v_full,midpoint,1,te_ub,580.281698735241
20260914_214911,C0+C0p+C3+FLOW+MTC+S11+WARM+PRE+K5+K7+FILT+MD+SEED,inputs_10x10_v_full,midpoint,1,seed_LB,338.62655122414
20260914_214911,C0+C0p+C3+FLOW+MTC+S11+WARM+PRE+K5+K7+FILT+MD+SEED,inputs_10x10_v_full,midpoint,1,seed_time_s,30.040497541427612
20260914_214911,C0+C0p+C3+FLOW+MTC+S11+WARM+PRE+K5+K7+FILT+MD+SEED,inputs_10x10_v_full,midpoint,1,seed_source,greedy_fast
20260914_214911,C0+C0p+C3+FLOW+MTC+S11+WARM+PRE+K5+K7+FILT+MD+SEED,inputs_10x10_v_full,midpoint,1,spcall_TIME_LIMIT_WITH_INCUMBENT,1
20260914_214911,C0+C0p+C3+FLOW+MTC+S11+WARM+PRE+K5+K7+FILT+MD+SEED,inputs_10x10_v_full,midpoint,1,cut_singleton_infeasible,765
20260914_214911,C0+C0p+C3+FLOW+MTC+S11+WARM+PRE+K5+K7+FILT+MD+SEED,inputs_10x10_v_full,midpoint,1,cut_propagation,1
20260914_214911,C0+C0p+C3+FLOW+MTC+S11+WARM+PRE+K5+K7+FILT+MD+SEED,inputs_10x10_v_full,midpoint,1,singleton_cache_enabled,1
20260914_214911,C0+C0p+C3+FLOW+MTC+S11+WARM+PRE+K5+K7+FILT+MD+SEED,inputs_10x10_v_full,midpoint,1,single_sp_requests,7370
20260914_214911,C0+C0p+C3+FLOW+MTC+S11+WARM+PRE+K5+K7+FILT+MD+SEED,inputs_10x10_v_full,midpoint,1,single_sp_solves,2351
20260914_214911,C0+C0p+C3+FLOW+MTC+S11+WARM+PRE+K5+K7+FILT+MD+SEED,inputs_10x10_v_full,midpoint,1,single_sp_cache_hits,5019
20260914_214911,C0+C0p+C3+FLOW+MTC+S11+WARM+PRE+K5+K7+FILT+MD+SEED,inputs_10x10_v_full,midpoint,1,single_sp_build_time_s,4.126753091812134
20260914_214911,C0+C0p+C3+FLOW+MTC+S11+WARM+PRE+K5+K7+FILT+MD+SEED,inputs_10x10_v_full,midpoint,1,single_sp_solve_time_s,5.179466724395752
20260914_214911,C0+C0p+C3+FLOW+MTC+S11+WARM+PRE+K5+K7+FILT+MD+SEED,inputs_10x10_v_full,midpoint,1,single_sp_time_s,9.306219816207886
20260914_214911,C0+C0p+C3+FLOW+MTC+S11+WARM+PRE+K5+K7+FILT+MD+SEED,inputs_10x10_v_full,midpoint,1,cache_lookup_time_s,0.023914450779557228
20260914_214911,C0+C0p+C3+FLOW+MTC+S11+WARM+PRE+K5+K7+FILT+MD+SEED,inputs_10x10_v_full,midpoint,1,est_prevented_solve_time_s,23.484647512435913
20260914_214911,C0+C0p+C3+FLOW+MTC+S11+WARM+PRE+K5+K7+FILT+MD+SEED,inputs_10x10_v_full,midpoint,1,single_sp_status_FEASIBLE_VERIFIED,2165
20260914_214911,C0+C0p+C3+FLOW+MTC+S11+WARM+PRE+K5+K7+FILT+MD+SEED,inputs_10x10_v_full,midpoint,1,single_sp_status_INFEASIBLE_PROVEN,186
20260914_214911,C0+C0p+C3+FLOW+MTC+S11+WARM+PRE+K5+K7+FILT+MD+SEED,inputs_10x10_v_full,midpoint,1,single_sp_status_UNKNOWN,0
20260914_214911,C0+C0p+C3+FLOW+MTC+S11+WARM+PRE+K5+K7+FILT+MD+SEED,inputs_10x10_v_full,midpoint,1,dup_cuts_prevented,0
20260914_214911,C0+C0p+C3+FLOW+MTC+S11+WARM+PRE+K5+K7+FILT+MD+SEED,inputs_10x10_v_full,midpoint,1,single_sp_distinct,2351
20260914_214911,C0+C0p+C3+FLOW+MTC+S11+WARM+PRE+K5+K7+FILT+MD+SEED,inputs_10x10_v_full,midpoint,1,master_time_s,1760.2865664958954
20260914_214911,C0+C0p+C3+FLOW+MTC+S11+WARM+PRE+K5+K7+FILT+MD+SEED,inputs_10x10_v_full,midpoint,1,sp_time_s,0.0
20260914_214911,C0+C0p+C3+FLOW+MTC+S11+WARM+PRE+K5+K7+FILT+MD+SEED,inputs_10x10_v_full,midpoint,1,master_time_share,1.0
20260914_214911,C0+C0p+C3+FLOW+MTC+S11+WARM+PRE+K5+K7+FILT+MD+SEED,inputs_10x10_v_full,midpoint,1,sp_time_share,0.0
20260914_214911,C0+C0p+C3+FLOW+MTC+S11+WARM+PRE+K5+K7+FILT+MD+SEED,inputs_10x10_v_full,midpoint,1,t_to_gap_10pct,
20260914_214911,C0+C0p+C3+FLOW+MTC+S11+WARM+PRE+K5+K7+FILT+MD+SEED,inputs_10x10_v_full,midpoint,1,t_to_gap_5pct,
20260914_214911,C0+C0p+C3+FLOW+MTC+S11+WARM+PRE+K5+K7+FILT+MD+SEED,inputs_10x10_v_full,midpoint,1,t_to_gap_3pct,
20260914_214911,C0+C0p+C3+FLOW+MTC+S11+WARM+PRE+K5+K7+FILT+MD+SEED,inputs_10x10_v_full,midpoint,1,t_to_gap_1pct,
20260914_214911,C0+C0p+C3+FLOW+MTC+S11+WARM+PRE+K5+K7+FILT+MD+SEED+SEEDLS,inputs_10x10_v_full,midpoint,0,status,TIME_LIMIT
20260914_214911,C0+C0p+C3+FLOW+MTC+S11+WARM+PRE+K5+K7+FILT+MD+SEED+SEEDLS,inputs_10x10_v_full,midpoint,0,LB,1314.0569127876956
20260914_214911,C0+C0p+C3+FLOW+MTC+S11+WARM+PRE+K5+K7+FILT+MD+SEED+SEEDLS,inputs_10x10_v_full,midpoint,0,UB,5334.767159031366
20260914_214911,C0+C0p+C3+FLOW+MTC+S11+WARM+PRE+K5+K7+FILT+MD+SEED+SEEDLS,inputs_10x10_v_full,midpoint,0,gap,0.7536805499443224
20260914_214911,C0+C0p+C3+FLOW+MTC+S11+WARM+PRE+K5+K7+FILT+MD+SEED+SEEDLS,inputs_10x10_v_full,midpoint,0,iterations,160
20260914_214911,C0+C0p+C3+FLOW+MTC+S11+WARM+PRE+K5+K7+FILT+MD+SEED+SEEDLS,inputs_10x10_v_full,midpoint,0,runtime_s,1800.0036299228668
20260914_214911,C0+C0p+C3+FLOW+MTC+S11+WARM+PRE+K5+K7+FILT+MD+SEED+SEEDLS,inputs_10x10_v_full,midpoint,0,wall_s,1800.0082380771637
20260914_214911,C0+C0p+C3+FLOW+MTC+S11+WARM+PRE+K5+K7+FILT+MD+SEED+SEEDLS,inputs_10x10_v_full,midpoint,0,n_sp_calls,1
20260914_214911,C0+C0p+C3+FLOW+MTC+S11+WARM+PRE+K5+K7+FILT+MD+SEED+SEEDLS,inputs_10x10_v_full,midpoint,0,incumbent_value,1314.0569127876956
20260914_214911,C0+C0p+C3+FLOW+MTC+S11+WARM+PRE+K5+K7+FILT+MD+SEED+SEEDLS,inputs_10x10_v_full,midpoint,0,certified,0
20260914_214911,C0+C0p+C3+FLOW+MTC+S11+WARM+PRE+K5+K7+FILT+MD+SEED+SEEDLS,inputs_10x10_v_full,midpoint,0,n_Nf,90
20260914_214911,C0+C0p+C3+FLOW+MTC+S11+WARM+PRE+K5+K7+FILT+MD+SEED+SEEDLS,inputs_10x10_v_full,midpoint,0,n_K,42
20260914_214911,C0+C0p+C3+FLOW+MTC+S11+WARM+PRE+K5+K7+FILT+MD+SEED+SEEDLS,inputs_10x10_v_full,midpoint,0,sp_engine,strong_resource
20260914_214911,C0+C0p+C3+FLOW+MTC+S11+WARM+PRE+K5+K7+FILT+MD+SEED+SEEDLS,inputs_10x10_v_full,midpoint,0,sp_mip_gap,0.0
20260914_214911,C0+C0p+C3+FLOW+MTC+S11+WARM+PRE+K5+K7+FILT+MD+SEED+SEEDLS,inputs_10x10_v_full,midpoint,0,sp_tighten,0
20260914_214911,C0+C0p+C3+FLOW+MTC+S11+WARM+PRE+K5+K7+FILT+MD+SEED+SEEDLS,inputs_10x10_v_full,midpoint,0,sp_tight_gap,0.0
20260914_214911,C0+C0p+C3+FLOW+MTC+S11+WARM+PRE+K5+K7+FILT+MD+SEED+SEEDLS,inputs_10x10_v_full,midpoint,0,seed_localsearch,1
20260914_214911,C0+C0p+C3+FLOW+MTC+S11+WARM+PRE+K5+K7+FILT+MD+SEED+SEEDLS,inputs_10x10_v_full,midpoint,0,seed_budget_s,120.0
20260914_214911,C0+C0p+C3+FLOW+MTC+S11+WARM+PRE+K5+K7+FILT+MD+SEED+SEEDLS,inputs_10x10_v_full,midpoint,0,bigm_threshold,18
20260914_214911,C0+C0p+C3+FLOW+MTC+S11+WARM+PRE+K5+K7+FILT+MD+SEED+SEEDLS,inputs_10x10_v_full,midpoint,0,bigm_margin,1.0
20260914_214911,C0+C0p+C3+FLOW+MTC+S11+WARM+PRE+K5+K7+FILT+MD+SEED+SEEDLS,inputs_10x10_v_full,midpoint,0,bigm_method,global_sum
20260914_214911,C0+C0p+C3+FLOW+MTC+S11+WARM+PRE+K5+K7+FILT+MD+SEED+SEEDLS,inputs_10x10_v_full,midpoint,0,bigm_nodes_in_dp,0
20260914_214911,C0+C0p+C3+FLOW+MTC+S11+WARM+PRE+K5+K7+FILT+MD+SEED+SEEDLS,inputs_10x10_v_full,midpoint,0,bigm_dp_completed,False
20260914_214911,C0+C0p+C3+FLOW+MTC+S11+WARM+PRE+K5+K7+FILT+MD+SEED+SEEDLS,inputs_10x10_v_full,midpoint,0,M_d,603.281698735241
20260914_214911,C0+C0p+C3+FLOW+MTC+S11+WARM+PRE+K5+K7+FILT+MD+SEED+SEEDLS,inputs_10x10_v_full,midpoint,0,ts_ub,550.9369497191532
20260914_214911,C0+C0p+C3+FLOW+MTC+S11+WARM+PRE+K5+K7+FILT+MD+SEED+SEEDLS,inputs_10x10_v_full,midpoint,0,te_ub,580.281698735241
20260914_214911,C0+C0p+C3+FLOW+MTC+S11+WARM+PRE+K5+K7+FILT+MD+SEED+SEEDLS,inputs_10x10_v_full,midpoint,0,seed_LB,1314.0569127876956
20260914_214911,C0+C0p+C3+FLOW+MTC+S11+WARM+PRE+K5+K7+FILT+MD+SEED+SEEDLS,inputs_10x10_v_full,midpoint,0,seed_time_s,120.01818370819092
20260914_214911,C0+C0p+C3+FLOW+MTC+S11+WARM+PRE+K5+K7+FILT+MD+SEED+SEEDLS,inputs_10x10_v_full,midpoint,0,seed_source,localsearch
20260914_214911,C0+C0p+C3+FLOW+MTC+S11+WARM+PRE+K5+K7+FILT+MD+SEED+SEEDLS,inputs_10x10_v_full,midpoint,0,spcall_TIME_LIMIT_WITH_INCUMBENT,1
20260914_214911,C0+C0p+C3+FLOW+MTC+S11+WARM+PRE+K5+K7+FILT+MD+SEED+SEEDLS,inputs_10x10_v_full,midpoint,0,cut_singleton_infeasible,750
20260914_214911,C0+C0p+C3+FLOW+MTC+S11+WARM+PRE+K5+K7+FILT+MD+SEED+SEEDLS,inputs_10x10_v_full,midpoint,0,singleton_cache_enabled,1
20260914_214911,C0+C0p+C3+FLOW+MTC+S11+WARM+PRE+K5+K7+FILT+MD+SEED+SEEDLS,inputs_10x10_v_full,midpoint,0,single_sp_requests,7287
20260914_214911,C0+C0p+C3+FLOW+MTC+S11+WARM+PRE+K5+K7+FILT+MD+SEED+SEEDLS,inputs_10x10_v_full,midpoint,0,single_sp_solves,2319
20260914_214911,C0+C0p+C3+FLOW+MTC+S11+WARM+PRE+K5+K7+FILT+MD+SEED+SEEDLS,inputs_10x10_v_full,midpoint,0,single_sp_cache_hits,4968
20260914_214911,C0+C0p+C3+FLOW+MTC+S11+WARM+PRE+K5+K7+FILT+MD+SEED+SEEDLS,inputs_10x10_v_full,midpoint,0,single_sp_build_time_s,3.9772136211395264
20260914_214911,C0+C0p+C3+FLOW+MTC+S11+WARM+PRE+K5+K7+FILT+MD+SEED+SEEDLS,inputs_10x10_v_full,midpoint,0,single_sp_solve_time_s,5.138263940811157
20260914_214911,C0+C0p+C3+FLOW+MTC+S11+WARM+PRE+K5+K7+FILT+MD+SEED+SEEDLS,inputs_10x10_v_full,midpoint,0,single_sp_time_s,9.115477561950684
20260914_214911,C0+C0p+C3+FLOW+MTC+S11+WARM+PRE+K5+K7+FILT+MD+SEED+SEEDLS,inputs_10x10_v_full,midpoint,0,cache_lookup_time_s,0.02296863403171301
20260914_214911,C0+C0p+C3+FLOW+MTC+S11+WARM+PRE+K5+K7+FILT+MD+SEED+SEEDLS,inputs_10x10_v_full,midpoint,0,est_prevented_solve_time_s,19.745742797851562
20260914_214911,C0+C0p+C3+FLOW+MTC+S11+WARM+PRE+K5+K7+FILT+MD+SEED+SEEDLS,inputs_10x10_v_full,midpoint,0,single_sp_status_FEASIBLE_VERIFIED,2138
20260914_214911,C0+C0p+C3+FLOW+MTC+S11+WARM+PRE+K5+K7+FILT+MD+SEED+SEEDLS,inputs_10x10_v_full,midpoint,0,single_sp_status_INFEASIBLE_PROVEN,181
20260914_214911,C0+C0p+C3+FLOW+MTC+S11+WARM+PRE+K5+K7+FILT+MD+SEED+SEEDLS,inputs_10x10_v_full,midpoint,0,single_sp_status_UNKNOWN,0
20260914_214911,C0+C0p+C3+FLOW+MTC+S11+WARM+PRE+K5+K7+FILT+MD+SEED+SEEDLS,inputs_10x10_v_full,midpoint,0,dup_cuts_prevented,0
20260914_214911,C0+C0p+C3+FLOW+MTC+S11+WARM+PRE+K5+K7+FILT+MD+SEED+SEEDLS,inputs_10x10_v_full,midpoint,0,single_sp_distinct,2319
20260914_214911,C0+C0p+C3+FLOW+MTC+S11+WARM+PRE+K5+K7+FILT+MD+SEED+SEEDLS,inputs_10x10_v_full,midpoint,0,master_time_s,1670.5073103904724
20260914_214911,C0+C0p+C3+FLOW+MTC+S11+WARM+PRE+K5+K7+FILT+MD+SEED+SEEDLS,inputs_10x10_v_full,midpoint,0,sp_time_s,0.0
20260914_214911,C0+C0p+C3+FLOW+MTC+S11+WARM+PRE+K5+K7+FILT+MD+SEED+SEEDLS,inputs_10x10_v_full,midpoint,0,master_time_share,1.0
20260914_214911,C0+C0p+C3+FLOW+MTC+S11+WARM+PRE+K5+K7+FILT+MD+SEED+SEEDLS,inputs_10x10_v_full,midpoint,0,sp_time_share,0.0
20260914_214911,C0+C0p+C3+FLOW+MTC+S11+WARM+PRE+K5+K7+FILT+MD+SEED+SEEDLS,inputs_10x10_v_full,midpoint,0,t_to_gap_10pct,
20260914_214911,C0+C0p+C3+FLOW+MTC+S11+WARM+PRE+K5+K7+FILT+MD+SEED+SEEDLS,inputs_10x10_v_full,midpoint,0,t_to_gap_5pct,
20260914_214911,C0+C0p+C3+FLOW+MTC+S11+WARM+PRE+K5+K7+FILT+MD+SEED+SEEDLS,inputs_10x10_v_full,midpoint,0,t_to_gap_3pct,
20260914_214911,C0+C0p+C3+FLOW+MTC+S11+WARM+PRE+K5+K7+FILT+MD+SEED+SEEDLS,inputs_10x10_v_full,midpoint,0,t_to_gap_1pct,
20260914_221912,C0+C0p+C3+FLOW+MTC+S11+WARM+PRE+K5+K7+FILT+MD+SEED+SEEDLS,inputs_10x10_v_full,midpoint,2,status,TIME_LIMIT
20260914_221912,C0+C0p+C3+FLOW+MTC+S11+WARM+PRE+K5+K7+FILT+MD+SEED+SEEDLS,inputs_10x10_v_full,midpoint,2,LB,1322.3831454598876
20260914_221912,C0+C0p+C3+FLOW+MTC+S11+WARM+PRE+K5+K7+FILT+MD+SEED+SEEDLS,inputs_10x10_v_full,midpoint,2,UB,5334.696659765321
20260914_221912,C0+C0p+C3+FLOW+MTC+S11+WARM+PRE+K5+K7+FILT+MD+SEED+SEEDLS,inputs_10x10_v_full,midpoint,2,gap,0.7521165251187758
20260914_221912,C0+C0p+C3+FLOW+MTC+S11+WARM+PRE+K5+K7+FILT+MD+SEED+SEEDLS,inputs_10x10_v_full,midpoint,2,iterations,159
20260914_221912,C0+C0p+C3+FLOW+MTC+S11+WARM+PRE+K5+K7+FILT+MD+SEED+SEEDLS,inputs_10x10_v_full,midpoint,2,runtime_s,1800.0025413036346
20260914_221912,C0+C0p+C3+FLOW+MTC+S11+WARM+PRE+K5+K7+FILT+MD+SEED+SEEDLS,inputs_10x10_v_full,midpoint,2,wall_s,1800.0094246864319
20260914_221912,C0+C0p+C3+FLOW+MTC+S11+WARM+PRE+K5+K7+FILT+MD+SEED+SEEDLS,inputs_10x10_v_full,midpoint,2,n_sp_calls,1
20260914_221912,C0+C0p+C3+FLOW+MTC+S11+WARM+PRE+K5+K7+FILT+MD+SEED+SEEDLS,inputs_10x10_v_full,midpoint,2,incumbent_value,1322.3831454598876
20260914_221912,C0+C0p+C3+FLOW+MTC+S11+WARM+PRE+K5+K7+FILT+MD+SEED+SEEDLS,inputs_10x10_v_full,midpoint,2,certified,0
20260914_221912,C0+C0p+C3+FLOW+MTC+S11+WARM+PRE+K5+K7+FILT+MD+SEED+SEEDLS,inputs_10x10_v_full,midpoint,2,n_Nf,90
20260914_221912,C0+C0p+C3+FLOW+MTC+S11+WARM+PRE+K5+K7+FILT+MD+SEED+SEEDLS,inputs_10x10_v_full,midpoint,2,n_K,42
20260914_221912,C0+C0p+C3+FLOW+MTC+S11+WARM+PRE+K5+K7+FILT+MD+SEED+SEEDLS,inputs_10x10_v_full,midpoint,2,sp_engine,strong_resource
20260914_221912,C0+C0p+C3+FLOW+MTC+S11+WARM+PRE+K5+K7+FILT+MD+SEED+SEEDLS,inputs_10x10_v_full,midpoint,2,sp_mip_gap,0.0
20260914_221912,C0+C0p+C3+FLOW+MTC+S11+WARM+PRE+K5+K7+FILT+MD+SEED+SEEDLS,inputs_10x10_v_full,midpoint,2,sp_tighten,0
20260914_221912,C0+C0p+C3+FLOW+MTC+S11+WARM+PRE+K5+K7+FILT+MD+SEED+SEEDLS,inputs_10x10_v_full,midpoint,2,sp_tight_gap,0.0
20260914_221912,C0+C0p+C3+FLOW+MTC+S11+WARM+PRE+K5+K7+FILT+MD+SEED+SEEDLS,inputs_10x10_v_full,midpoint,2,seed_localsearch,1
20260914_221912,C0+C0p+C3+FLOW+MTC+S11+WARM+PRE+K5+K7+FILT+MD+SEED+SEEDLS,inputs_10x10_v_full,midpoint,2,seed_budget_s,120.0
20260914_221912,C0+C0p+C3+FLOW+MTC+S11+WARM+PRE+K5+K7+FILT+MD+SEED+SEEDLS,inputs_10x10_v_full,midpoint,2,bigm_threshold,18
20260914_221912,C0+C0p+C3+FLOW+MTC+S11+WARM+PRE+K5+K7+FILT+MD+SEED+SEEDLS,inputs_10x10_v_full,midpoint,2,bigm_margin,1.0
20260914_221912,C0+C0p+C3+FLOW+MTC+S11+WARM+PRE+K5+K7+FILT+MD+SEED+SEEDLS,inputs_10x10_v_full,midpoint,2,bigm_method,global_sum
20260914_221912,C0+C0p+C3+FLOW+MTC+S11+WARM+PRE+K5+K7+FILT+MD+SEED+SEEDLS,inputs_10x10_v_full,midpoint,2,bigm_nodes_in_dp,0
20260914_221912,C0+C0p+C3+FLOW+MTC+S11+WARM+PRE+K5+K7+FILT+MD+SEED+SEEDLS,inputs_10x10_v_full,midpoint,2,bigm_dp_completed,False
20260914_221912,C0+C0p+C3+FLOW+MTC+S11+WARM+PRE+K5+K7+FILT+MD+SEED+SEEDLS,inputs_10x10_v_full,midpoint,2,M_d,603.281698735241
20260914_221912,C0+C0p+C3+FLOW+MTC+S11+WARM+PRE+K5+K7+FILT+MD+SEED+SEEDLS,inputs_10x10_v_full,midpoint,2,ts_ub,550.9369497191532
20260914_221912,C0+C0p+C3+FLOW+MTC+S11+WARM+PRE+K5+K7+FILT+MD+SEED+SEEDLS,inputs_10x10_v_full,midpoint,2,te_ub,580.281698735241
20260914_221912,C0+C0p+C3+FLOW+MTC+S11+WARM+PRE+K5+K7+FILT+MD+SEED+SEEDLS,inputs_10x10_v_full,midpoint,2,seed_LB,1322.3831454598876
20260914_221912,C0+C0p+C3+FLOW+MTC+S11+WARM+PRE+K5+K7+FILT+MD+SEED+SEEDLS,inputs_10x10_v_full,midpoint,2,seed_time_s,120.01667547225952
20260914_221912,C0+C0p+C3+FLOW+MTC+S11+WARM+PRE+K5+K7+FILT+MD+SEED+SEEDLS,inputs_10x10_v_full,midpoint,2,seed_source,localsearch
20260914_221912,C0+C0p+C3+FLOW+MTC+S11+WARM+PRE+K5+K7+FILT+MD+SEED+SEEDLS,inputs_10x10_v_full,midpoint,2,spcall_TIME_LIMIT_WITH_INCUMBENT,1
20260914_221912,C0+C0p+C3+FLOW+MTC+S11+WARM+PRE+K5+K7+FILT+MD+SEED+SEEDLS,inputs_10x10_v_full,midpoint,2,cut_singleton_infeasible,750
20260914_221912,C0+C0p+C3+FLOW+MTC+S11+WARM+PRE+K5+K7+FILT+MD+SEED+SEEDLS,inputs_10x10_v_full,midpoint,2,singleton_cache_enabled,1
20260914_221912,C0+C0p+C3+FLOW+MTC+S11+WARM+PRE+K5+K7+FILT+MD+SEED+SEEDLS,inputs_10x10_v_full,midpoint,2,single_sp_requests,7235
20260914_221912,C0+C0p+C3+FLOW+MTC+S11+WARM+PRE+K5+K7+FILT+MD+SEED+SEEDLS,inputs_10x10_v_full,midpoint,2,single_sp_solves,2299
20260914_221912,C0+C0p+C3+FLOW+MTC+S11+WARM+PRE+K5+K7+FILT+MD+SEED+SEEDLS,inputs_10x10_v_full,midpoint,2,single_sp_cache_hits,4936
20260914_221912,C0+C0p+C3+FLOW+MTC+S11+WARM+PRE+K5+K7+FILT+MD+SEED+SEEDLS,inputs_10x10_v_full,midpoint,2,single_sp_build_time_s,3.876248598098755
20260914_221912,C0+C0p+C3+FLOW+MTC+S11+WARM+PRE+K5+K7+FILT+MD+SEED+SEEDLS,inputs_10x10_v_full,midpoint,2,single_sp_solve_time_s,4.917599439620972
20260914_221912,C0+C0p+C3+FLOW+MTC+S11+WARM+PRE+K5+K7+FILT+MD+SEED+SEEDLS,inputs_10x10_v_full,midpoint,2,single_sp_time_s,8.793848037719727
20260914_221912,C0+C0p+C3+FLOW+MTC+S11+WARM+PRE+K5+K7+FILT+MD+SEED+SEEDLS,inputs_10x10_v_full,midpoint,2,cache_lookup_time_s,0.022826915606856346
20260914_221912,C0+C0p+C3+FLOW+MTC+S11+WARM+PRE+K5+K7+FILT+MD+SEED+SEEDLS,inputs_10x10_v_full,midpoint,2,est_prevented_solve_time_s,18.499921083450317
20260914_221912,C0+C0p+C3+FLOW+MTC+S11+WARM+PRE+K5+K7+FILT+MD+SEED+SEEDLS,inputs_10x10_v_full,midpoint,2,single_sp_status_FEASIBLE_VERIFIED,2117
20260914_221912,C0+C0p+C3+FLOW+MTC+S11+WARM+PRE+K5+K7+FILT+MD+SEED+SEEDLS,inputs_10x10_v_full,midpoint,2,single_sp_status_INFEASIBLE_PROVEN,182
20260914_221912,C0+C0p+C3+FLOW+MTC+S11+WARM+PRE+K5+K7+FILT+MD+SEED+SEEDLS,inputs_10x10_v_full,midpoint,2,single_sp_status_UNKNOWN,0
20260914_221912,C0+C0p+C3+FLOW+MTC+S11+WARM+PRE+K5+K7+FILT+MD+SEED+SEEDLS,inputs_10x10_v_full,midpoint,2,dup_cuts_prevented,0
20260914_221912,C0+C0p+C3+FLOW+MTC+S11+WARM+PRE+K5+K7+FILT+MD+SEED+SEEDLS,inputs_10x10_v_full,midpoint,2,single_sp_distinct,2299
20260914_221912,C0+C0p+C3+FLOW+MTC+S11+WARM+PRE+K5+K7+FILT+MD+SEED+SEEDLS,inputs_10x10_v_full,midpoint,2,master_time_s,1670.842224597931
20260914_221912,C0+C0p+C3+FLOW+MTC+S11+WARM+PRE+K5+K7+FILT+MD+SEED+SEEDLS,inputs_10x10_v_full,midpoint,2,sp_time_s,0.0
20260914_221912,C0+C0p+C3+FLOW+MTC+S11+WARM+PRE+K5+K7+FILT+MD+SEED+SEEDLS,inputs_10x10_v_full,midpoint,2,master_time_share,1.0
20260914_221912,C0+C0p+C3+FLOW+MTC+S11+WARM+PRE+K5+K7+FILT+MD+SEED+SEEDLS,inputs_10x10_v_full,midpoint,2,sp_time_share,0.0
20260914_221912,C0+C0p+C3+FLOW+MTC+S11+WARM+PRE+K5+K7+FILT+MD+SEED+SEEDLS,inputs_10x10_v_full,midpoint,2,t_to_gap_10pct,
20260914_221912,C0+C0p+C3+FLOW+MTC+S11+WARM+PRE+K5+K7+FILT+MD+SEED+SEEDLS,inputs_10x10_v_full,midpoint,2,t_to_gap_5pct,
20260914_221912,C0+C0p+C3+FLOW+MTC+S11+WARM+PRE+K5+K7+FILT+MD+SEED+SEEDLS,inputs_10x10_v_full,midpoint,2,t_to_gap_3pct,
20260914_221912,C0+C0p+C3+FLOW+MTC+S11+WARM+PRE+K5+K7+FILT+MD+SEED+SEEDLS,inputs_10x10_v_full,midpoint,2,t_to_gap_1pct,
20260914_221912,C0+C0p+C3+FLOW+MTC+S11+WARM+PRE+K5+K7+FILT+MD+SEED+SEEDLS,inputs_10x10_v_full,midpoint,1,status,TIME_LIMIT
20260914_221912,C0+C0p+C3+FLOW+MTC+S11+WARM+PRE+K5+K7+FILT+MD+SEED+SEEDLS,inputs_10x10_v_full,midpoint,1,LB,1322.3831993243741
20260914_221912,C0+C0p+C3+FLOW+MTC+S11+WARM+PRE+K5+K7+FILT+MD+SEED+SEEDLS,inputs_10x10_v_full,midpoint,1,UB,5334.794572678119
20260914_221912,C0+C0p+C3+FLOW+MTC+S11+WARM+PRE+K5+K7+FILT+MD+SEED+SEEDLS,inputs_10x10_v_full,midpoint,1,gap,0.7521210645866492
20260914_221912,C0+C0p+C3+FLOW+MTC+S11+WARM+PRE+K5+K7+FILT+MD+SEED+SEEDLS,inputs_10x10_v_full,midpoint,1,iterations,157
20260914_221912,C0+C0p+C3+FLOW+MTC+S11+WARM+PRE+K5+K7+FILT+MD+SEED+SEEDLS,inputs_10x10_v_full,midpoint,1,runtime_s,1800.002244234085
20260914_221912,C0+C0p+C3+FLOW+MTC+S11+WARM+PRE+K5+K7+FILT+MD+SEED+SEEDLS,inputs_10x10_v_full,midpoint,1,wall_s,1800.0101144313812
20260914_221912,C0+C0p+C3+FLOW+MTC+S11+WARM+PRE+K5+K7+FILT+MD+SEED+SEEDLS,inputs_10x10_v_full,midpoint,1,n_sp_calls,1
20260914_221912,C0+C0p+C3+FLOW+MTC+S11+WARM+PRE+K5+K7+FILT+MD+SEED+SEEDLS,inputs_10x10_v_full,midpoint,1,incumbent_value,1322.3831993243741
20260914_221912,C0+C0p+C3+FLOW+MTC+S11+WARM+PRE+K5+K7+FILT+MD+SEED+SEEDLS,inputs_10x10_v_full,midpoint,1,certified,0
20260914_221912,C0+C0p+C3+FLOW+MTC+S11+WARM+PRE+K5+K7+FILT+MD+SEED+SEEDLS,inputs_10x10_v_full,midpoint,1,n_Nf,90
20260914_221912,C0+C0p+C3+FLOW+MTC+S11+WARM+PRE+K5+K7+FILT+MD+SEED+SEEDLS,inputs_10x10_v_full,midpoint,1,n_K,42
20260914_221912,C0+C0p+C3+FLOW+MTC+S11+WARM+PRE+K5+K7+FILT+MD+SEED+SEEDLS,inputs_10x10_v_full,midpoint,1,sp_engine,strong_resource
20260914_221912,C0+C0p+C3+FLOW+MTC+S11+WARM+PRE+K5+K7+FILT+MD+SEED+SEEDLS,inputs_10x10_v_full,midpoint,1,sp_mip_gap,0.0
20260914_221912,C0+C0p+C3+FLOW+MTC+S11+WARM+PRE+K5+K7+FILT+MD+SEED+SEEDLS,inputs_10x10_v_full,midpoint,1,sp_tighten,0
20260914_221912,C0+C0p+C3+FLOW+MTC+S11+WARM+PRE+K5+K7+FILT+MD+SEED+SEEDLS,inputs_10x10_v_full,midpoint,1,sp_tight_gap,0.0
20260914_221912,C0+C0p+C3+FLOW+MTC+S11+WARM+PRE+K5+K7+FILT+MD+SEED+SEEDLS,inputs_10x10_v_full,midpoint,1,seed_localsearch,1
20260914_221912,C0+C0p+C3+FLOW+MTC+S11+WARM+PRE+K5+K7+FILT+MD+SEED+SEEDLS,inputs_10x10_v_full,midpoint,1,seed_budget_s,120.0
20260914_221912,C0+C0p+C3+FLOW+MTC+S11+WARM+PRE+K5+K7+FILT+MD+SEED+SEEDLS,inputs_10x10_v_full,midpoint,1,bigm_threshold,18
20260914_221912,C0+C0p+C3+FLOW+MTC+S11+WARM+PRE+K5+K7+FILT+MD+SEED+SEEDLS,inputs_10x10_v_full,midpoint,1,bigm_margin,1.0
20260914_221912,C0+C0p+C3+FLOW+MTC+S11+WARM+PRE+K5+K7+FILT+MD+SEED+SEEDLS,inputs_10x10_v_full,midpoint,1,bigm_method,global_sum
20260914_221912,C0+C0p+C3+FLOW+MTC+S11+WARM+PRE+K5+K7+FILT+MD+SEED+SEEDLS,inputs_10x10_v_full,midpoint,1,bigm_nodes_in_dp,0
20260914_221912,C0+C0p+C3+FLOW+MTC+S11+WARM+PRE+K5+K7+FILT+MD+SEED+SEEDLS,inputs_10x10_v_full,midpoint,1,bigm_dp_completed,False
20260914_221912,C0+C0p+C3+FLOW+MTC+S11+WARM+PRE+K5+K7+FILT+MD+SEED+SEEDLS,inputs_10x10_v_full,midpoint,1,M_d,603.281698735241
20260914_221912,C0+C0p+C3+FLOW+MTC+S11+WARM+PRE+K5+K7+FILT+MD+SEED+SEEDLS,inputs_10x10_v_full,midpoint,1,ts_ub,550.9369497191532
20260914_221912,C0+C0p+C3+FLOW+MTC+S11+WARM+PRE+K5+K7+FILT+MD+SEED+SEEDLS,inputs_10x10_v_full,midpoint,1,te_ub,580.281698735241
20260914_221912,C0+C0p+C3+FLOW+MTC+S11+WARM+PRE+K5+K7+FILT+MD+SEED+SEEDLS,inputs_10x10_v_full,midpoint,1,seed_LB,1322.3831993243741
20260914_221912,C0+C0p+C3+FLOW+MTC+S11+WARM+PRE+K5+K7+FILT+MD+SEED+SEEDLS,inputs_10x10_v_full,midpoint,1,seed_time_s,120.30147385597229
20260914_221912,C0+C0p+C3+FLOW+MTC+S11+WARM+PRE+K5+K7+FILT+MD+SEED+SEEDLS,inputs_10x10_v_full,midpoint,1,seed_source,localsearch
20260914_221912,C0+C0p+C3+FLOW+MTC+S11+WARM+PRE+K5+K7+FILT+MD+SEED+SEEDLS,inputs_10x10_v_full,midpoint,1,spcall_TIME_LIMIT_WITH_INCUMBENT,1
20260914_221912,C0+C0p+C3+FLOW+MTC+S11+WARM+PRE+K5+K7+FILT+MD+SEED+SEEDLS,inputs_10x10_v_full,midpoint,1,cut_singleton_infeasible,737
20260914_221912,C0+C0p+C3+FLOW+MTC+S11+WARM+PRE+K5+K7+FILT+MD+SEED+SEEDLS,inputs_10x10_v_full,midpoint,1,cut_propagation,1
20260914_221912,C0+C0p+C3+FLOW+MTC+S11+WARM+PRE+K5+K7+FILT+MD+SEED+SEEDLS,inputs_10x10_v_full,midpoint,1,singleton_cache_enabled,1
20260914_221912,C0+C0p+C3+FLOW+MTC+S11+WARM+PRE+K5+K7+FILT+MD+SEED+SEEDLS,inputs_10x10_v_full,midpoint,1,single_sp_requests,7087
20260914_221912,C0+C0p+C3+FLOW+MTC+S11+WARM+PRE+K5+K7+FILT+MD+SEED+SEEDLS,inputs_10x10_v_full,midpoint,1,single_sp_solves,2279
20260914_221912,C0+C0p+C3+FLOW+MTC+S11+WARM+PRE+K5+K7+FILT+MD+SEED+SEEDLS,inputs_10x10_v_full,midpoint,1,single_sp_cache_hits,4808
20260914_221912,C0+C0p+C3+FLOW+MTC+S11+WARM+PRE+K5+K7+FILT+MD+SEED+SEEDLS,inputs_10x10_v_full,midpoint,1,single_sp_build_time_s,3.838305950164795
20260914_221912,C0+C0p+C3+FLOW+MTC+S11+WARM+PRE+K5+K7+FILT+MD+SEED+SEEDLS,inputs_10x10_v_full,midpoint,1,single_sp_solve_time_s,4.912546634674072
20260914_221912,C0+C0p+C3+FLOW+MTC+S11+WARM+PRE+K5+K7+FILT+MD+SEED+SEEDLS,inputs_10x10_v_full,midpoint,1,single_sp_time_s,8.750852584838867
20260914_221912,C0+C0p+C3+FLOW+MTC+S11+WARM+PRE+K5+K7+FILT+MD+SEED+SEEDLS,inputs_10x10_v_full,midpoint,1,cache_lookup_time_s,0.021664812229573727
20260914_221912,C0+C0p+C3+FLOW+MTC+S11+WARM+PRE+K5+K7+FILT+MD+SEED+SEEDLS,inputs_10x10_v_full,midpoint,1,est_prevented_solve_time_s,18.779824018478394
20260914_221912,C0+C0p+C3+FLOW+MTC+S11+WARM+PRE+K5+K7+FILT+MD+SEED+SEEDLS,inputs_10x10_v_full,midpoint,1,single_sp_status_FEASIBLE_VERIFIED,2099
20260914_221912,C0+C0p+C3+FLOW+MTC+S11+WARM+PRE+K5+K7+FILT+MD+SEED+SEEDLS,inputs_10x10_v_full,midpoint,1,single_sp_status_INFEASIBLE_PROVEN,180
20260914_221912,C0+C0p+C3+FLOW+MTC+S11+WARM+PRE+K5+K7+FILT+MD+SEED+SEEDLS,inputs_10x10_v_full,midpoint,1,single_sp_status_UNKNOWN,0
20260914_221912,C0+C0p+C3+FLOW+MTC+S11+WARM+PRE+K5+K7+FILT+MD+SEED+SEEDLS,inputs_10x10_v_full,midpoint,1,dup_cuts_prevented,0
20260914_221912,C0+C0p+C3+FLOW+MTC+S11+WARM+PRE+K5+K7+FILT+MD+SEED+SEEDLS,inputs_10x10_v_full,midpoint,1,single_sp_distinct,2279
20260914_221912,C0+C0p+C3+FLOW+MTC+S11+WARM+PRE+K5+K7+FILT+MD+SEED+SEEDLS,inputs_10x10_v_full,midpoint,1,master_time_s,1670.6143162250519
20260914_221912,C0+C0p+C3+FLOW+MTC+S11+WARM+PRE+K5+K7+FILT+MD+SEED+SEEDLS,inputs_10x10_v_full,midpoint,1,sp_time_s,0.0
20260914_221912,C0+C0p+C3+FLOW+MTC+S11+WARM+PRE+K5+K7+FILT+MD+SEED+SEEDLS,inputs_10x10_v_full,midpoint,1,master_time_share,1.0
20260914_221912,C0+C0p+C3+FLOW+MTC+S11+WARM+PRE+K5+K7+FILT+MD+SEED+SEEDLS,inputs_10x10_v_full,midpoint,1,sp_time_share,0.0
20260914_221912,C0+C0p+C3+FLOW+MTC+S11+WARM+PRE+K5+K7+FILT+MD+SEED+SEEDLS,inputs_10x10_v_full,midpoint,1,t_to_gap_10pct,
20260914_221912,C0+C0p+C3+FLOW+MTC+S11+WARM+PRE+K5+K7+FILT+MD+SEED+SEEDLS,inputs_10x10_v_full,midpoint,1,t_to_gap_5pct,
20260914_221912,C0+C0p+C3+FLOW+MTC+S11+WARM+PRE+K5+K7+FILT+MD+SEED+SEEDLS,inputs_10x10_v_full,midpoint,1,t_to_gap_3pct,
20260914_221912,C0+C0p+C3+FLOW+MTC+S11+WARM+PRE+K5+K7+FILT+MD+SEED+SEEDLS,inputs_10x10_v_full,midpoint,1,t_to_gap_1pct,
20260914_221912,C0+C0p+C3+FLOW+MTC+S11+WARM+PRE+K5+K7+FILT+MD+SEED,inputs_10x10_v_full,midpoint,2,status,TIME_LIMIT
20260914_221912,C0+C0p+C3+FLOW+MTC+S11+WARM+PRE+K5+K7+FILT+MD+SEED,inputs_10x10_v_full,midpoint,2,LB,338.6265500359175
20260914_221912,C0+C0p+C3+FLOW+MTC+S11+WARM+PRE+K5+K7+FILT+MD+SEED,inputs_10x10_v_full,midpoint,2,UB,5334.617362873368
20260914_221912,C0+C0p+C3+FLOW+MTC+S11+WARM+PRE+K5+K7+FILT+MD+SEED,inputs_10x10_v_full,midpoint,2,gap,0.9365228043547018
20260914_221912,C0+C0p+C3+FLOW+MTC+S11+WARM+PRE+K5+K7+FILT+MD+SEED,inputs_10x10_v_full,midpoint,2,iterations,162
20260914_221912,C0+C0p+C3+FLOW+MTC+S11+WARM+PRE+K5+K7+FILT+MD+SEED,inputs_10x10_v_full,midpoint,2,runtime_s,1800.002411365509
20260914_221912,C0+C0p+C3+FLOW+MTC+S11+WARM+PRE+K5+K7+FILT+MD+SEED,inputs_10x10_v_full,midpoint,2,wall_s,1800.0111651420593
20260914_221912,C0+C0p+C3+FLOW+MTC+S11+WARM+PRE+K5+K7+FILT+MD+SEED,inputs_10x10_v_full,midpoint,2,n_sp_calls,1
20260914_221912,C0+C0p+C3+FLOW+MTC+S11+WARM+PRE+K5+K7+FILT+MD+SEED,inputs_10x10_v_full,midpoint,2,incumbent_value,338.6265500359175
20260914_221912,C0+C0p+C3+FLOW+MTC+S11+WARM+PRE+K5+K7+FILT+MD+SEED,inputs_10x10_v_full,midpoint,2,certified,0
20260914_221912,C0+C0p+C3+FLOW+MTC+S11+WARM+PRE+K5+K7+FILT+MD+SEED,inputs_10x10_v_full,midpoint,2,n_Nf,90
20260914_221912,C0+C0p+C3+FLOW+MTC+S11+WARM+PRE+K5+K7+FILT+MD+SEED,inputs_10x10_v_full,midpoint,2,n_K,42
20260914_221912,C0+C0p+C3+FLOW+MTC+S11+WARM+PRE+K5+K7+FILT+MD+SEED,inputs_10x10_v_full,midpoint,2,sp_engine,strong_resource
20260914_221912,C0+C0p+C3+FLOW+MTC+S11+WARM+PRE+K5+K7+FILT+MD+SEED,inputs_10x10_v_full,midpoint,2,sp_mip_gap,0.0
20260914_221912,C0+C0p+C3+FLOW+MTC+S11+WARM+PRE+K5+K7+FILT+MD+SEED,inputs_10x10_v_full,midpoint,2,sp_tighten,0
20260914_221912,C0+C0p+C3+FLOW+MTC+S11+WARM+PRE+K5+K7+FILT+MD+SEED,inputs_10x10_v_full,midpoint,2,sp_tight_gap,0.0
20260914_221912,C0+C0p+C3+FLOW+MTC+S11+WARM+PRE+K5+K7+FILT+MD+SEED,inputs_10x10_v_full,midpoint,2,seed_localsearch,0
20260914_221912,C0+C0p+C3+FLOW+MTC+S11+WARM+PRE+K5+K7+FILT+MD+SEED,inputs_10x10_v_full,midpoint,2,seed_budget_s,120.0
20260914_221912,C0+C0p+C3+FLOW+MTC+S11+WARM+PRE+K5+K7+FILT+MD+SEED,inputs_10x10_v_full,midpoint,2,bigm_threshold,18
20260914_221912,C0+C0p+C3+FLOW+MTC+S11+WARM+PRE+K5+K7+FILT+MD+SEED,inputs_10x10_v_full,midpoint,2,bigm_margin,1.0
20260914_221912,C0+C0p+C3+FLOW+MTC+S11+WARM+PRE+K5+K7+FILT+MD+SEED,inputs_10x10_v_full,midpoint,2,bigm_method,global_sum
20260914_221912,C0+C0p+C3+FLOW+MTC+S11+WARM+PRE+K5+K7+FILT+MD+SEED,inputs_10x10_v_full,midpoint,2,bigm_nodes_in_dp,0
20260914_221912,C0+C0p+C3+FLOW+MTC+S11+WARM+PRE+K5+K7+FILT+MD+SEED,inputs_10x10_v_full,midpoint,2,bigm_dp_completed,False
20260914_221912,C0+C0p+C3+FLOW+MTC+S11+WARM+PRE+K5+K7+FILT+MD+SEED,inputs_10x10_v_full,midpoint,2,M_d,603.281698735241
20260914_221912,C0+C0p+C3+FLOW+MTC+S11+WARM+PRE+K5+K7+FILT+MD+SEED,inputs_10x10_v_full,midpoint,2,ts_ub,550.9369497191532
20260914_221912,C0+C0p+C3+FLOW+MTC+S11+WARM+PRE+K5+K7+FILT+MD+SEED,inputs_10x10_v_full,midpoint,2,te_ub,580.281698735241
20260914_221912,C0+C0p+C3+FLOW+MTC+S11+WARM+PRE+K5+K7+FILT+MD+SEED,inputs_10x10_v_full,midpoint,2,seed_LB,338.6265500359175
20260914_221912,C0+C0p+C3+FLOW+MTC+S11+WARM+PRE+K5+K7+FILT+MD+SEED,inputs_10x10_v_full,midpoint,2,seed_time_s,30.040048599243164
20260914_221912,C0+C0p+C3+FLOW+MTC+S11+WARM+PRE+K5+K7+FILT+MD+SEED,inputs_10x10_v_full,midpoint,2,seed_source,greedy_fast
20260914_221912,C0+C0p+C3+FLOW+MTC+S11+WARM+PRE+K5+K7+FILT+MD+SEED,inputs_10x10_v_full,midpoint,2,spcall_TIME_LIMIT_WITH_INCUMBENT,1
20260914_221912,C0+C0p+C3+FLOW+MTC+S11+WARM+PRE+K5+K7+FILT+MD+SEED,inputs_10x10_v_full,midpoint,2,cut_singleton_infeasible,764
20260914_221912,C0+C0p+C3+FLOW+MTC+S11+WARM+PRE+K5+K7+FILT+MD+SEED,inputs_10x10_v_full,midpoint,2,singleton_cache_enabled,1
20260914_221912,C0+C0p+C3+FLOW+MTC+S11+WARM+PRE+K5+K7+FILT+MD+SEED,inputs_10x10_v_full,midpoint,2,single_sp_requests,7373
20260914_221912,C0+C0p+C3+FLOW+MTC+S11+WARM+PRE+K5+K7+FILT+MD+SEED,inputs_10x10_v_full,midpoint,2,single_sp_solves,2335
20260914_221912,C0+C0p+C3+FLOW+MTC+S11+WARM+PRE+K5+K7+FILT+MD+SEED,inputs_10x10_v_full,midpoint,2,single_sp_cache_hits,5038
20260914_221912,C0+C0p+C3+FLOW+MTC+S11+WARM+PRE+K5+K7+FILT+MD+SEED,inputs_10x10_v_full,midpoint,2,single_sp_build_time_s,3.8974952697753906
20260914_221912,C0+C0p+C3+FLOW+MTC+S11+WARM+PRE+K5+K7+FILT+MD+SEED,inputs_10x10_v_full,midpoint,2,single_sp_solve_time_s,4.926890850067139
20260914_221912,C0+C0p+C3+FLOW+MTC+S11+WARM+PRE+K5+K7+FILT+MD+SEED,inputs_10x10_v_full,midpoint,2,single_sp_time_s,8.82438611984253
20260914_221912,C0+C0p+C3+FLOW+MTC+S11+WARM+PRE+K5+K7+FILT+MD+SEED,inputs_10x10_v_full,midpoint,2,cache_lookup_time_s,0.02110419236123562
20260914_221912,C0+C0p+C3+FLOW+MTC+S11+WARM+PRE+K5+K7+FILT+MD+SEED,inputs_10x10_v_full,midpoint,2,est_prevented_solve_time_s,18.83070731163025
20260914_221912,C0+C0p+C3+FLOW+MTC+S11+WARM+PRE+K5+K7+FILT+MD+SEED,inputs_10x10_v_full,midpoint,2,single_sp_status_FEASIBLE_VERIFIED,2149
20260914_221912,C0+C0p+C3+FLOW+MTC+S11+WARM+PRE+K5+K7+FILT+MD+SEED,inputs_10x10_v_full,midpoint,2,single_sp_status_INFEASIBLE_PROVEN,186
20260914_221912,C0+C0p+C3+FLOW+MTC+S11+WARM+PRE+K5+K7+FILT+MD+SEED,inputs_10x10_v_full,midpoint,2,single_sp_status_UNKNOWN,0
20260914_221912,C0+C0p+C3+FLOW+MTC+S11+WARM+PRE+K5+K7+FILT+MD+SEED,inputs_10x10_v_full,midpoint,2,dup_cuts_prevented,0
20260914_221912,C0+C0p+C3+FLOW+MTC+S11+WARM+PRE+K5+K7+FILT+MD+SEED,inputs_10x10_v_full,midpoint,2,single_sp_distinct,2335
20260914_221912,C0+C0p+C3+FLOW+MTC+S11+WARM+PRE+K5+K7+FILT+MD+SEED,inputs_10x10_v_full,midpoint,2,master_time_s,1760.8093695640564
20260914_221912,C0+C0p+C3+FLOW+MTC+S11+WARM+PRE+K5+K7+FILT+MD+SEED,inputs_10x10_v_full,midpoint,2,sp_time_s,0.0
20260914_221912,C0+C0p+C3+FLOW+MTC+S11+WARM+PRE+K5+K7+FILT+MD+SEED,inputs_10x10_v_full,midpoint,2,master_time_share,1.0
20260914_221912,C0+C0p+C3+FLOW+MTC+S11+WARM+PRE+K5+K7+FILT+MD+SEED,inputs_10x10_v_full,midpoint,2,sp_time_share,0.0
20260914_221912,C0+C0p+C3+FLOW+MTC+S11+WARM+PRE+K5+K7+FILT+MD+SEED,inputs_10x10_v_full,midpoint,2,t_to_gap_10pct,
20260914_221912,C0+C0p+C3+FLOW+MTC+S11+WARM+PRE+K5+K7+FILT+MD+SEED,inputs_10x10_v_full,midpoint,2,t_to_gap_5pct,
20260914_221912,C0+C0p+C3+FLOW+MTC+S11+WARM+PRE+K5+K7+FILT+MD+SEED,inputs_10x10_v_full,midpoint,2,t_to_gap_3pct,
20260914_221912,C0+C0p+C3+FLOW+MTC+S11+WARM+PRE+K5+K7+FILT+MD+SEED,inputs_10x10_v_full,midpoint,2,t_to_gap_1pct,
20260914_225940,C0+C0p+C3+FLOW+MTC+S11+WARM+PRE+K5+K7+FILT+MD+SEED+SEEDLS,inputs_4x4,midpoint,0,status,OPTIMAL
20260914_225940,C0+C0p+C3+FLOW+MTC+S11+WARM+PRE+K5+K7+FILT+MD+SEED+SEEDLS,inputs_4x4,midpoint,0,LB,532.620563936684
20260914_225940,C0+C0p+C3+FLOW+MTC+S11+WARM+PRE+K5+K7+FILT+MD+SEED+SEEDLS,inputs_4x4,midpoint,0,UB,532.6205639366835
20260914_225940,C0+C0p+C3+FLOW+MTC+S11+WARM+PRE+K5+K7+FILT+MD+SEED+SEEDLS,inputs_4x4,midpoint,0,gap,-8.537923273659468e-16
20260914_225940,C0+C0p+C3+FLOW+MTC+S11+WARM+PRE+K5+K7+FILT+MD+SEED+SEEDLS,inputs_4x4,midpoint,0,iterations,5
20260914_225940,C0+C0p+C3+FLOW+MTC+S11+WARM+PRE+K5+K7+FILT+MD+SEED+SEEDLS,inputs_4x4,midpoint,0,runtime_s,1292.7472937107086
20260914_225940,C0+C0p+C3+FLOW+MTC+S11+WARM+PRE+K5+K7+FILT+MD+SEED+SEEDLS,inputs_4x4,midpoint,0,wall_s,1292.747534751892
20260914_225940,C0+C0p+C3+FLOW+MTC+S11+WARM+PRE+K5+K7+FILT+MD+SEED+SEEDLS,inputs_4x4,midpoint,0,n_sp_calls,5
20260914_225940,C0+C0p+C3+FLOW+MTC+S11+WARM+PRE+K5+K7+FILT+MD+SEED+SEEDLS,inputs_4x4,midpoint,0,incumbent_value,532.620563936684
20260914_225940,C0+C0p+C3+FLOW+MTC+S11+WARM+PRE+K5+K7+FILT+MD+SEED+SEEDLS,inputs_4x4,midpoint,0,certified,1
20260914_225940,C0+C0p+C3+FLOW+MTC+S11+WARM+PRE+K5+K7+FILT+MD+SEED+SEEDLS,inputs_4x4,midpoint,0,n_Nf,13
20260914_225940,C0+C0p+C3+FLOW+MTC+S11+WARM+PRE+K5+K7+FILT+MD+SEED+SEEDLS,inputs_4x4,midpoint,0,n_K,32
20260914_225940,C0+C0p+C3+FLOW+MTC+S11+WARM+PRE+K5+K7+FILT+MD+SEED+SEEDLS,inputs_4x4,midpoint,0,sp_engine,strong_resource
20260914_225940,C0+C0p+C3+FLOW+MTC+S11+WARM+PRE+K5+K7+FILT+MD+SEED+SEEDLS,inputs_4x4,midpoint,0,sp_mip_gap,0.0
20260914_225940,C0+C0p+C3+FLOW+MTC+S11+WARM+PRE+K5+K7+FILT+MD+SEED+SEEDLS,inputs_4x4,midpoint,0,sp_tighten,0
20260914_225940,C0+C0p+C3+FLOW+MTC+S11+WARM+PRE+K5+K7+FILT+MD+SEED+SEEDLS,inputs_4x4,midpoint,0,sp_tight_gap,0.0
20260914_225940,C0+C0p+C3+FLOW+MTC+S11+WARM+PRE+K5+K7+FILT+MD+SEED+SEEDLS,inputs_4x4,midpoint,0,seed_localsearch,1
20260914_225940,C0+C0p+C3+FLOW+MTC+S11+WARM+PRE+K5+K7+FILT+MD+SEED+SEEDLS,inputs_4x4,midpoint,0,seed_budget_s,120.0
20260914_225940,C0+C0p+C3+FLOW+MTC+S11+WARM+PRE+K5+K7+FILT+MD+SEED+SEEDLS,inputs_4x4,midpoint,0,bigm_threshold,18
20260914_225940,C0+C0p+C3+FLOW+MTC+S11+WARM+PRE+K5+K7+FILT+MD+SEED+SEEDLS,inputs_4x4,midpoint,0,bigm_margin,1.0
20260914_225940,C0+C0p+C3+FLOW+MTC+S11+WARM+PRE+K5+K7+FILT+MD+SEED+SEEDLS,inputs_4x4,midpoint,0,bigm_method,exact_dp
20260914_225940,C0+C0p+C3+FLOW+MTC+S11+WARM+PRE+K5+K7+FILT+MD+SEED+SEEDLS,inputs_4x4,midpoint,0,bigm_nodes_in_dp,13
20260914_225940,C0+C0p+C3+FLOW+MTC+S11+WARM+PRE+K5+K7+FILT+MD+SEED+SEEDLS,inputs_4x4,midpoint,0,bigm_dp_completed,True
20260914_225940,C0+C0p+C3+FLOW+MTC+S11+WARM+PRE+K5+K7+FILT+MD+SEED+SEEDLS,inputs_4x4,midpoint,0,M_d,105.71477534886262
20260914_225940,C0+C0p+C3+FLOW+MTC+S11+WARM+PRE+K5+K7+FILT+MD+SEED+SEEDLS,inputs_4x4,midpoint,0,ts_ub,65.3700263327748
20260914_225940,C0+C0p+C3+FLOW+MTC+S11+WARM+PRE+K5+K7+FILT+MD+SEED+SEEDLS,inputs_4x4,midpoint,0,te_ub,94.71477534886262
20260914_225940,C0+C0p+C3+FLOW+MTC+S11+WARM+PRE+K5+K7+FILT+MD+SEED+SEEDLS,inputs_4x4,midpoint,0,seed_LB,532.6205639366839
20260914_225940,C0+C0p+C3+FLOW+MTC+S11+WARM+PRE+K5+K7+FILT+MD+SEED+SEEDLS,inputs_4x4,midpoint,0,seed_time_s,61.4993052482605
20260914_225940,C0+C0p+C3+FLOW+MTC+S11+WARM+PRE+K5+K7+FILT+MD+SEED+SEEDLS,inputs_4x4,midpoint,0,seed_source,containment
20260914_225940,C0+C0p+C3+FLOW+MTC+S11+WARM+PRE+K5+K7+FILT+MD+SEED+SEEDLS,inputs_4x4,midpoint,0,spcall_OPTIMAL,1
20260914_225940,C0+C0p+C3+FLOW+MTC+S11+WARM+PRE+K5+K7+FILT+MD+SEED+SEEDLS,inputs_4x4,midpoint,0,spcall_TIME_LIMIT_WITH_INCUMBENT,4
20260914_225940,C0+C0p+C3+FLOW+MTC+S11+WARM+PRE+K5+K7+FILT+MD+SEED+SEEDLS,inputs_4x4,midpoint,0,cut_singleton_infeasible,2
20260914_225940,C0+C0p+C3+FLOW+MTC+S11+WARM+PRE+K5+K7+FILT+MD+SEED+SEEDLS,inputs_4x4,midpoint,0,cut_cell_optimality,12
20260914_225940,C0+C0p+C3+FLOW+MTC+S11+WARM+PRE+K5+K7+FILT+MD+SEED+SEEDLS,inputs_4x4,midpoint,0,cut_aggregate_optimality,1
20260914_225940,C0+C0p+C3+FLOW+MTC+S11+WARM+PRE+K5+K7+FILT+MD+SEED+SEEDLS,inputs_4x4,midpoint,0,cut_dual_bound,2
20260914_225940,C0+C0p+C3+FLOW+MTC+S11+WARM+PRE+K5+K7+FILT+MD+SEED+SEEDLS,inputs_4x4,midpoint,0,singleton_cache_enabled,1
20260914_225940,C0+C0p+C3+FLOW+MTC+S11+WARM+PRE+K5+K7+FILT+MD+SEED+SEEDLS,inputs_4x4,midpoint,0,single_sp_requests,16
20260914_225940,C0+C0p+C3+FLOW+MTC+S11+WARM+PRE+K5+K7+FILT+MD+SEED+SEEDLS,inputs_4x4,midpoint,0,single_sp_solves,12
20260914_225940,C0+C0p+C3+FLOW+MTC+S11+WARM+PRE+K5+K7+FILT+MD+SEED+SEEDLS,inputs_4x4,midpoint,0,single_sp_cache_hits,4
20260914_225940,C0+C0p+C3+FLOW+MTC+S11+WARM+PRE+K5+K7+FILT+MD+SEED+SEEDLS,inputs_4x4,midpoint,0,single_sp_build_time_s,0.01516413688659668
20260914_225940,C0+C0p+C3+FLOW+MTC+S11+WARM+PRE+K5+K7+FILT+MD+SEED+SEEDLS,inputs_4x4,midpoint,0,single_sp_solve_time_s,0.020830631256103516
20260914_225940,C0+C0p+C3+FLOW+MTC+S11+WARM+PRE+K5+K7+FILT+MD+SEED+SEEDLS,inputs_4x4,midpoint,0,single_sp_time_s,0.035994768142700195
20260914_225940,C0+C0p+C3+FLOW+MTC+S11+WARM+PRE+K5+K7+FILT+MD+SEED+SEEDLS,inputs_4x4,midpoint,0,cache_lookup_time_s,5.032680928707123e-05
20260914_225940,C0+C0p+C3+FLOW+MTC+S11+WARM+PRE+K5+K7+FILT+MD+SEED+SEEDLS,inputs_4x4,midpoint,0,est_prevented_solve_time_s,0.021809816360473633
20260914_225940,C0+C0p+C3+FLOW+MTC+S11+WARM+PRE+K5+K7+FILT+MD+SEED+SEEDLS,inputs_4x4,midpoint,0,single_sp_status_FEASIBLE_VERIFIED,10
20260914_225940,C0+C0p+C3+FLOW+MTC+S11+WARM+PRE+K5+K7+FILT+MD+SEED+SEEDLS,inputs_4x4,midpoint,0,single_sp_status_INFEASIBLE_PROVEN,2
20260914_225940,C0+C0p+C3+FLOW+MTC+S11+WARM+PRE+K5+K7+FILT+MD+SEED+SEEDLS,inputs_4x4,midpoint,0,single_sp_status_UNKNOWN,0
20260914_225940,C0+C0p+C3+FLOW+MTC+S11+WARM+PRE+K5+K7+FILT+MD+SEED+SEEDLS,inputs_4x4,midpoint,0,dup_cuts_prevented,0
20260914_225940,C0+C0p+C3+FLOW+MTC+S11+WARM+PRE+K5+K7+FILT+MD+SEED+SEEDLS,inputs_4x4,midpoint,0,single_sp_distinct,12
20260914_225940,C0+C0p+C3+FLOW+MTC+S11+WARM+PRE+K5+K7+FILT+MD+SEED+SEEDLS,inputs_4x4,midpoint,0,master_time_s,0.028128385543823242
20260914_225940,C0+C0p+C3+FLOW+MTC+S11+WARM+PRE+K5+K7+FILT+MD+SEED+SEEDLS,inputs_4x4,midpoint,0,sp_time_s,1230.6702744960785
20260914_225940,C0+C0p+C3+FLOW+MTC+S11+WARM+PRE+K5+K7+FILT+MD+SEED+SEEDLS,inputs_4x4,midpoint,0,master_time_share,2.2855628542266693e-05
20260914_225940,C0+C0p+C3+FLOW+MTC+S11+WARM+PRE+K5+K7+FILT+MD+SEED+SEEDLS,inputs_4x4,midpoint,0,sp_time_share,0.9999771443714577
20260914_225940,C0+C0p+C3+FLOW+MTC+S11+WARM+PRE+K5+K7+FILT+MD+SEED+SEEDLS,inputs_4x4,midpoint,0,t_to_gap_10pct,61.50174689292908
20260914_225940,C0+C0p+C3+FLOW+MTC+S11+WARM+PRE+K5+K7+FILT+MD+SEED+SEEDLS,inputs_4x4,midpoint,0,t_to_gap_5pct,692.5949029922485
20260914_225940,C0+C0p+C3+FLOW+MTC+S11+WARM+PRE+K5+K7+FILT+MD+SEED+SEEDLS,inputs_4x4,midpoint,0,t_to_gap_3pct,1292.7472879886627
20260914_225940,C0+C0p+C3+FLOW+MTC+S11+WARM+PRE+K5+K7+FILT+MD+SEED+SEEDLS,inputs_4x4,midpoint,0,t_to_gap_1pct,1292.7472879886627
20260914_230757,C0+C0p+C3+FLOW+MTC+S11+WARM+PRE+K5+K7+FILT+MD+SEED+SEEDLS,inputs_4x4_2,midpoint,0,status,OPTIMAL
20260914_230757,C0+C0p+C3+FLOW+MTC+S11+WARM+PRE+K5+K7+FILT+MD+SEED+SEEDLS,inputs_4x4_2,midpoint,0,LB,466.49900639559723
20260914_230757,C0+C0p+C3+FLOW+MTC+S11+WARM+PRE+K5+K7+FILT+MD+SEED+SEEDLS,inputs_4x4_2,midpoint,0,UB,466.4990063955967
20260914_230757,C0+C0p+C3+FLOW+MTC+S11+WARM+PRE+K5+K7+FILT+MD+SEED+SEEDLS,inputs_4x4_2,midpoint,0,gap,-1.0966599343910222e-15
20260914_230757,C0+C0p+C3+FLOW+MTC+S11+WARM+PRE+K5+K7+FILT+MD+SEED+SEEDLS,inputs_4x4_2,midpoint,0,iterations,12
20260914_230757,C0+C0p+C3+FLOW+MTC+S11+WARM+PRE+K5+K7+FILT+MD+SEED+SEEDLS,inputs_4x4_2,midpoint,0,runtime_s,1791.042932510376
20260914_230757,C0+C0p+C3+FLOW+MTC+S11+WARM+PRE+K5+K7+FILT+MD+SEED+SEEDLS,inputs_4x4_2,midpoint,0,wall_s,1791.0437893867493
20260914_230757,C0+C0p+C3+FLOW+MTC+S11+WARM+PRE+K5+K7+FILT+MD+SEED+SEEDLS,inputs_4x4_2,midpoint,0,n_sp_calls,12
20260914_230757,C0+C0p+C3+FLOW+MTC+S11+WARM+PRE+K5+K7+FILT+MD+SEED+SEEDLS,inputs_4x4_2,midpoint,0,incumbent_value,466.49900639559723
20260914_230757,C0+C0p+C3+FLOW+MTC+S11+WARM+PRE+K5+K7+FILT+MD+SEED+SEEDLS,inputs_4x4_2,midpoint,0,certified,1
20260914_230757,C0+C0p+C3+FLOW+MTC+S11+WARM+PRE+K5+K7+FILT+MD+SEED+SEEDLS,inputs_4x4_2,midpoint,0,n_Nf,13
20260914_230757,C0+C0p+C3+FLOW+MTC+S11+WARM+PRE+K5+K7+FILT+MD+SEED+SEEDLS,inputs_4x4_2,midpoint,0,n_K,32
20260914_230757,C0+C0p+C3+FLOW+MTC+S11+WARM+PRE+K5+K7+FILT+MD+SEED+SEEDLS,inputs_4x4_2,midpoint,0,sp_engine,strong_resource
20260914_230757,C0+C0p+C3+FLOW+MTC+S11+WARM+PRE+K5+K7+FILT+MD+SEED+SEEDLS,inputs_4x4_2,midpoint,0,sp_mip_gap,0.0
20260914_230757,C0+C0p+C3+FLOW+MTC+S11+WARM+PRE+K5+K7+FILT+MD+SEED+SEEDLS,inputs_4x4_2,midpoint,0,sp_tighten,0
20260914_230757,C0+C0p+C3+FLOW+MTC+S11+WARM+PRE+K5+K7+FILT+MD+SEED+SEEDLS,inputs_4x4_2,midpoint,0,sp_tight_gap,0.0
20260914_230757,C0+C0p+C3+FLOW+MTC+S11+WARM+PRE+K5+K7+FILT+MD+SEED+SEEDLS,inputs_4x4_2,midpoint,0,seed_localsearch,1
20260914_230757,C0+C0p+C3+FLOW+MTC+S11+WARM+PRE+K5+K7+FILT+MD+SEED+SEEDLS,inputs_4x4_2,midpoint,0,seed_budget_s,120.0
20260914_230757,C0+C0p+C3+FLOW+MTC+S11+WARM+PRE+K5+K7+FILT+MD+SEED+SEEDLS,inputs_4x4_2,midpoint,0,bigm_threshold,18
20260914_230757,C0+C0p+C3+FLOW+MTC+S11+WARM+PRE+K5+K7+FILT+MD+SEED+SEEDLS,inputs_4x4_2,midpoint,0,bigm_margin,1.0
20260914_230757,C0+C0p+C3+FLOW+MTC+S11+WARM+PRE+K5+K7+FILT+MD+SEED+SEEDLS,inputs_4x4_2,midpoint,0,bigm_method,exact_dp
20260914_230757,C0+C0p+C3+FLOW+MTC+S11+WARM+PRE+K5+K7+FILT+MD+SEED+SEEDLS,inputs_4x4_2,midpoint,0,bigm_nodes_in_dp,13
20260914_230757,C0+C0p+C3+FLOW+MTC+S11+WARM+PRE+K5+K7+FILT+MD+SEED+SEEDLS,inputs_4x4_2,midpoint,0,bigm_dp_completed,True
20260914_230757,C0+C0p+C3+FLOW+MTC+S11+WARM+PRE+K5+K7+FILT+MD+SEED+SEEDLS,inputs_4x4_2,midpoint,0,M_d,105.71477534886262
20260914_230757,C0+C0p+C3+FLOW+MTC+S11+WARM+PRE+K5+K7+FILT+MD+SEED+SEEDLS,inputs_4x4_2,midpoint,0,ts_ub,65.3700263327748
20260914_230757,C0+C0p+C3+FLOW+MTC+S11+WARM+PRE+K5+K7+FILT+MD+SEED+SEEDLS,inputs_4x4_2,midpoint,0,te_ub,94.71477534886262
20260914_230757,C0+C0p+C3+FLOW+MTC+S11+WARM+PRE+K5+K7+FILT+MD+SEED+SEEDLS,inputs_4x4_2,midpoint,0,seed_LB,466.4990053018034
20260914_230757,C0+C0p+C3+FLOW+MTC+S11+WARM+PRE+K5+K7+FILT+MD+SEED+SEEDLS,inputs_4x4_2,midpoint,0,seed_time_s,64.62272024154663
20260914_230757,C0+C0p+C3+FLOW+MTC+S11+WARM+PRE+K5+K7+FILT+MD+SEED+SEEDLS,inputs_4x4_2,midpoint,0,seed_source,localsearch
20260914_230757,C0+C0p+C3+FLOW+MTC+S11+WARM+PRE+K5+K7+FILT+MD+SEED+SEEDLS,inputs_4x4_2,midpoint,0,spcall_OPTIMAL,8
20260914_230757,C0+C0p+C3+FLOW+MTC+S11+WARM+PRE+K5+K7+FILT+MD+SEED+SEEDLS,inputs_4x4_2,midpoint,0,spcall_INFEASIBLE_PROVEN,1
20260914_230757,C0+C0p+C3+FLOW+MTC+S11+WARM+PRE+K5+K7+FILT+MD+SEED+SEEDLS,inputs_4x4_2,midpoint,0,spcall_TIME_LIMIT_WITH_INCUMBENT,3
20260914_230757,C0+C0p+C3+FLOW+MTC+S11+WARM+PRE+K5+K7+FILT+MD+SEED+SEEDLS,inputs_4x4_2,midpoint,0,cut_singleton_infeasible,2
20260914_230757,C0+C0p+C3+FLOW+MTC+S11+WARM+PRE+K5+K7+FILT+MD+SEED+SEEDLS,inputs_4x4_2,midpoint,0,cut_cell_optimality,18
20260914_230757,C0+C0p+C3+FLOW+MTC+S11+WARM+PRE+K5+K7+FILT+MD+SEED+SEEDLS,inputs_4x4_2,midpoint,0,cut_conflict_infeasible,1
20260914_230757,C0+C0p+C3+FLOW+MTC+S11+WARM+PRE+K5+K7+FILT+MD+SEED+SEEDLS,inputs_4x4_2,midpoint,0,cut_dual_bound,2
20260914_230757,C0+C0p+C3+FLOW+MTC+S11+WARM+PRE+K5+K7+FILT+MD+SEED+SEEDLS,inputs_4x4_2,midpoint,0,cut_aggregate_optimality,7
20260914_230757,C0+C0p+C3+FLOW+MTC+S11+WARM+PRE+K5+K7+FILT+MD+SEED+SEEDLS,inputs_4x4_2,midpoint,0,singleton_cache_enabled,1
20260914_230757,C0+C0p+C3+FLOW+MTC+S11+WARM+PRE+K5+K7+FILT+MD+SEED+SEEDLS,inputs_4x4_2,midpoint,0,single_sp_requests,63
20260914_230757,C0+C0p+C3+FLOW+MTC+S11+WARM+PRE+K5+K7+FILT+MD+SEED+SEEDLS,inputs_4x4_2,midpoint,0,single_sp_solves,17
20260914_230757,C0+C0p+C3+FLOW+MTC+S11+WARM+PRE+K5+K7+FILT+MD+SEED+SEEDLS,inputs_4x4_2,midpoint,0,single_sp_cache_hits,46
20260914_230757,C0+C0p+C3+FLOW+MTC+S11+WARM+PRE+K5+K7+FILT+MD+SEED+SEEDLS,inputs_4x4_2,midpoint,0,single_sp_build_time_s,0.030388593673706055
20260914_230757,C0+C0p+C3+FLOW+MTC+S11+WARM+PRE+K5+K7+FILT+MD+SEED+SEEDLS,inputs_4x4_2,midpoint,0,single_sp_solve_time_s,0.031166791915893555
20260914_230757,C0+C0p+C3+FLOW+MTC+S11+WARM+PRE+K5+K7+FILT+MD+SEED+SEEDLS,inputs_4x4_2,midpoint,0,single_sp_time_s,0.06155538558959961
20260914_230757,C0+C0p+C3+FLOW+MTC+S11+WARM+PRE+K5+K7+FILT+MD+SEED+SEEDLS,inputs_4x4_2,midpoint,0,cache_lookup_time_s,0.00014877039939165115
20260914_230757,C0+C0p+C3+FLOW+MTC+S11+WARM+PRE+K5+K7+FILT+MD+SEED+SEEDLS,inputs_4x4_2,midpoint,0,est_prevented_solve_time_s,0.1158900260925293
20260914_230757,C0+C0p+C3+FLOW+MTC+S11+WARM+PRE+K5+K7+FILT+MD+SEED+SEEDLS,inputs_4x4_2,midpoint,0,single_sp_status_FEASIBLE_VERIFIED,15
20260914_230757,C0+C0p+C3+FLOW+MTC+S11+WARM+PRE+K5+K7+FILT+MD+SEED+SEEDLS,inputs_4x4_2,midpoint,0,single_sp_status_INFEASIBLE_PROVEN,2
20260914_230757,C0+C0p+C3+FLOW+MTC+S11+WARM+PRE+K5+K7+FILT+MD+SEED+SEEDLS,inputs_4x4_2,midpoint,0,single_sp_status_UNKNOWN,0
20260914_230757,C0+C0p+C3+FLOW+MTC+S11+WARM+PRE+K5+K7+FILT+MD+SEED+SEEDLS,inputs_4x4_2,midpoint,0,dup_cuts_prevented,3
20260914_230757,C0+C0p+C3+FLOW+MTC+S11+WARM+PRE+K5+K7+FILT+MD+SEED+SEEDLS,inputs_4x4_2,midpoint,0,single_sp_distinct,17
20260914_230757,C0+C0p+C3+FLOW+MTC+S11+WARM+PRE+K5+K7+FILT+MD+SEED+SEEDLS,inputs_4x4_2,midpoint,0,master_time_s,0.13232874870300293
20260914_230757,C0+C0p+C3+FLOW+MTC+S11+WARM+PRE+K5+K7+FILT+MD+SEED+SEEDLS,inputs_4x4_2,midpoint,0,sp_time_s,1722.0739204883575
20260914_230757,C0+C0p+C3+FLOW+MTC+S11+WARM+PRE+K5+K7+FILT+MD+SEED+SEEDLS,inputs_4x4_2,midpoint,0,master_time_share,7.68367602670265e-05
20260914_230757,C0+C0p+C3+FLOW+MTC+S11+WARM+PRE+K5+K7+FILT+MD+SEED+SEEDLS,inputs_4x4_2,midpoint,0,sp_time_share,0.999923163239733
20260914_230757,C0+C0p+C3+FLOW+MTC+S11+WARM+PRE+K5+K7+FILT+MD+SEED+SEEDLS,inputs_4x4_2,midpoint,0,t_to_gap_10pct,668.7812857627869
20260914_230757,C0+C0p+C3+FLOW+MTC+S11+WARM+PRE+K5+K7+FILT+MD+SEED+SEEDLS,inputs_4x4_2,midpoint,0,t_to_gap_5pct,945.2677211761475
20260914_230757,C0+C0p+C3+FLOW+MTC+S11+WARM+PRE+K5+K7+FILT+MD+SEED+SEEDLS,inputs_4x4_2,midpoint,0,t_to_gap_3pct,1059.6763937473297
20260914_230757,C0+C0p+C3+FLOW+MTC+S11+WARM+PRE+K5+K7+FILT+MD+SEED+SEEDLS,inputs_4x4_2,midpoint,0,t_to_gap_1pct,1791.0059762001038
20260914_232113,C0+C0p+C3+FLOW+MTC+S11+WARM+PRE+K5+K7+FILT+MD+SEED+SEEDLS,inputs_4x4_4,midpoint,0,status,OPTIMAL
20260914_232113,C0+C0p+C3+FLOW+MTC+S11+WARM+PRE+K5+K7+FILT+MD+SEED+SEEDLS,inputs_4x4_4,midpoint,0,LB,552.620563936684
20260914_232113,C0+C0p+C3+FLOW+MTC+S11+WARM+PRE+K5+K7+FILT+MD+SEED+SEEDLS,inputs_4x4_4,midpoint,0,UB,552.6205639366835
20260914_232113,C0+C0p+C3+FLOW+MTC+S11+WARM+PRE+K5+K7+FILT+MD+SEED+SEEDLS,inputs_4x4_4,midpoint,0,gap,-8.22892560578992e-16
20260914_232113,C0+C0p+C3+FLOW+MTC+S11+WARM+PRE+K5+K7+FILT+MD+SEED+SEEDLS,inputs_4x4_4,midpoint,0,iterations,5
20260914_232113,C0+C0p+C3+FLOW+MTC+S11+WARM+PRE+K5+K7+FILT+MD+SEED+SEEDLS,inputs_4x4_4,midpoint,0,runtime_s,1292.5962102413177
20260914_232113,C0+C0p+C3+FLOW+MTC+S11+WARM+PRE+K5+K7+FILT+MD+SEED+SEEDLS,inputs_4x4_4,midpoint,0,wall_s,1292.5964629650116
20260914_232113,C0+C0p+C3+FLOW+MTC+S11+WARM+PRE+K5+K7+FILT+MD+SEED+SEEDLS,inputs_4x4_4,midpoint,0,n_sp_calls,5
20260914_232113,C0+C0p+C3+FLOW+MTC+S11+WARM+PRE+K5+K7+FILT+MD+SEED+SEEDLS,inputs_4x4_4,midpoint,0,incumbent_value,552.620563936684
20260914_232113,C0+C0p+C3+FLOW+MTC+S11+WARM+PRE+K5+K7+FILT+MD+SEED+SEEDLS,inputs_4x4_4,midpoint,0,certified,1
20260914_232113,C0+C0p+C3+FLOW+MTC+S11+WARM+PRE+K5+K7+FILT+MD+SEED+SEEDLS,inputs_4x4_4,midpoint,0,n_Nf,13
20260914_232113,C0+C0p+C3+FLOW+MTC+S11+WARM+PRE+K5+K7+FILT+MD+SEED+SEEDLS,inputs_4x4_4,midpoint,0,n_K,32
20260914_232113,C0+C0p+C3+FLOW+MTC+S11+WARM+PRE+K5+K7+FILT+MD+SEED+SEEDLS,inputs_4x4_4,midpoint,0,sp_engine,strong_resource
20260914_232113,C0+C0p+C3+FLOW+MTC+S11+WARM+PRE+K5+K7+FILT+MD+SEED+SEEDLS,inputs_4x4_4,midpoint,0,sp_mip_gap,0.0
20260914_232113,C0+C0p+C3+FLOW+MTC+S11+WARM+PRE+K5+K7+FILT+MD+SEED+SEEDLS,inputs_4x4_4,midpoint,0,sp_tighten,0
20260914_232113,C0+C0p+C3+FLOW+MTC+S11+WARM+PRE+K5+K7+FILT+MD+SEED+SEEDLS,inputs_4x4_4,midpoint,0,sp_tight_gap,0.0
20260914_232113,C0+C0p+C3+FLOW+MTC+S11+WARM+PRE+K5+K7+FILT+MD+SEED+SEEDLS,inputs_4x4_4,midpoint,0,seed_localsearch,1
20260914_232113,C0+C0p+C3+FLOW+MTC+S11+WARM+PRE+K5+K7+FILT+MD+SEED+SEEDLS,inputs_4x4_4,midpoint,0,seed_budget_s,120.0
20260914_232113,C0+C0p+C3+FLOW+MTC+S11+WARM+PRE+K5+K7+FILT+MD+SEED+SEEDLS,inputs_4x4_4,midpoint,0,bigm_threshold,18
20260914_232113,C0+C0p+C3+FLOW+MTC+S11+WARM+PRE+K5+K7+FILT+MD+SEED+SEEDLS,inputs_4x4_4,midpoint,0,bigm_margin,1.0
20260914_232113,C0+C0p+C3+FLOW+MTC+S11+WARM+PRE+K5+K7+FILT+MD+SEED+SEEDLS,inputs_4x4_4,midpoint,0,bigm_method,exact_dp
20260914_232113,C0+C0p+C3+FLOW+MTC+S11+WARM+PRE+K5+K7+FILT+MD+SEED+SEEDLS,inputs_4x4_4,midpoint,0,bigm_nodes_in_dp,13
20260914_232113,C0+C0p+C3+FLOW+MTC+S11+WARM+PRE+K5+K7+FILT+MD+SEED+SEEDLS,inputs_4x4_4,midpoint,0,bigm_dp_completed,True
20260914_232113,C0+C0p+C3+FLOW+MTC+S11+WARM+PRE+K5+K7+FILT+MD+SEED+SEEDLS,inputs_4x4_4,midpoint,0,M_d,105.71477534886262
20260914_232113,C0+C0p+C3+FLOW+MTC+S11+WARM+PRE+K5+K7+FILT+MD+SEED+SEEDLS,inputs_4x4_4,midpoint,0,ts_ub,65.3700263327748
20260914_232113,C0+C0p+C3+FLOW+MTC+S11+WARM+PRE+K5+K7+FILT+MD+SEED+SEEDLS,inputs_4x4_4,midpoint,0,te_ub,94.71477534886262
20260914_232113,C0+C0p+C3+FLOW+MTC+S11+WARM+PRE+K5+K7+FILT+MD+SEED+SEEDLS,inputs_4x4_4,midpoint,0,seed_LB,552.6205639366839
20260914_232113,C0+C0p+C3+FLOW+MTC+S11+WARM+PRE+K5+K7+FILT+MD+SEED+SEEDLS,inputs_4x4_4,midpoint,0,seed_time_s,61.486732482910156
20260914_232113,C0+C0p+C3+FLOW+MTC+S11+WARM+PRE+K5+K7+FILT+MD+SEED+SEEDLS,inputs_4x4_4,midpoint,0,seed_source,containment
20260914_232113,C0+C0p+C3+FLOW+MTC+S11+WARM+PRE+K5+K7+FILT+MD+SEED+SEEDLS,inputs_4x4_4,midpoint,0,spcall_OPTIMAL,1
20260914_232113,C0+C0p+C3+FLOW+MTC+S11+WARM+PRE+K5+K7+FILT+MD+SEED+SEEDLS,inputs_4x4_4,midpoint,0,spcall_TIME_LIMIT_WITH_INCUMBENT,4
20260914_232113,C0+C0p+C3+FLOW+MTC+S11+WARM+PRE+K5+K7+FILT+MD+SEED+SEEDLS,inputs_4x4_4,midpoint,0,cut_singleton_infeasible,1
20260914_232113,C0+C0p+C3+FLOW+MTC+S11+WARM+PRE+K5+K7+FILT+MD+SEED+SEEDLS,inputs_4x4_4,midpoint,0,cut_cell_optimality,12
20260914_232113,C0+C0p+C3+FLOW+MTC+S11+WARM+PRE+K5+K7+FILT+MD+SEED+SEEDLS,inputs_4x4_4,midpoint,0,cut_aggregate_optimality,1
20260914_232113,C0+C0p+C3+FLOW+MTC+S11+WARM+PRE+K5+K7+FILT+MD+SEED+SEEDLS,inputs_4x4_4,midpoint,0,cut_dual_bound,2
20260914_232113,C0+C0p+C3+FLOW+MTC+S11+WARM+PRE+K5+K7+FILT+MD+SEED+SEEDLS,inputs_4x4_4,midpoint,0,singleton_cache_enabled,1
20260914_232113,C0+C0p+C3+FLOW+MTC+S11+WARM+PRE+K5+K7+FILT+MD+SEED+SEEDLS,inputs_4x4_4,midpoint,0,single_sp_requests,15
20260914_232113,C0+C0p+C3+FLOW+MTC+S11+WARM+PRE+K5+K7+FILT+MD+SEED+SEEDLS,inputs_4x4_4,midpoint,0,single_sp_solves,11
20260914_232113,C0+C0p+C3+FLOW+MTC+S11+WARM+PRE+K5+K7+FILT+MD+SEED+SEEDLS,inputs_4x4_4,midpoint,0,single_sp_cache_hits,4
20260914_232113,C0+C0p+C3+FLOW+MTC+S11+WARM+PRE+K5+K7+FILT+MD+SEED+SEEDLS,inputs_4x4_4,midpoint,0,single_sp_build_time_s,0.013878822326660156
20260914_232113,C0+C0p+C3+FLOW+MTC+S11+WARM+PRE+K5+K7+FILT+MD+SEED+SEEDLS,inputs_4x4_4,midpoint,0,single_sp_solve_time_s,0.02021312713623047
20260914_232113,C0+C0p+C3+FLOW+MTC+S11+WARM+PRE+K5+K7+FILT+MD+SEED+SEEDLS,inputs_4x4_4,midpoint,0,single_sp_time_s,0.034091949462890625
20260914_232113,C0+C0p+C3+FLOW+MTC+S11+WARM+PRE+K5+K7+FILT+MD+SEED+SEEDLS,inputs_4x4_4,midpoint,0,cache_lookup_time_s,4.6173110604286194e-05
20260914_232113,C0+C0p+C3+FLOW+MTC+S11+WARM+PRE+K5+K7+FILT+MD+SEED+SEEDLS,inputs_4x4_4,midpoint,0,est_prevented_solve_time_s,0.02164912223815918
20260914_232113,C0+C0p+C3+FLOW+MTC+S11+WARM+PRE+K5+K7+FILT+MD+SEED+SEEDLS,inputs_4x4_4,midpoint,0,single_sp_status_FEASIBLE_VERIFIED,10
20260914_232113,C0+C0p+C3+FLOW+MTC+S11+WARM+PRE+K5+K7+FILT+MD+SEED+SEEDLS,inputs_4x4_4,midpoint,0,single_sp_status_INFEASIBLE_PROVEN,1
20260914_232113,C0+C0p+C3+FLOW+MTC+S11+WARM+PRE+K5+K7+FILT+MD+SEED+SEEDLS,inputs_4x4_4,midpoint,0,single_sp_status_UNKNOWN,0
20260914_232113,C0+C0p+C3+FLOW+MTC+S11+WARM+PRE+K5+K7+FILT+MD+SEED+SEEDLS,inputs_4x4_4,midpoint,0,dup_cuts_prevented,0
20260914_232113,C0+C0p+C3+FLOW+MTC+S11+WARM+PRE+K5+K7+FILT+MD+SEED+SEEDLS,inputs_4x4_4,midpoint,0,single_sp_distinct,11
20260914_232113,C0+C0p+C3+FLOW+MTC+S11+WARM+PRE+K5+K7+FILT+MD+SEED+SEEDLS,inputs_4x4_4,midpoint,0,master_time_s,0.02671647071838379
20260914_232113,C0+C0p+C3+FLOW+MTC+S11+WARM+PRE+K5+K7+FILT+MD+SEED+SEEDLS,inputs_4x4_4,midpoint,0,sp_time_s,1230.5533783435822
20260914_232113,C0+C0p+C3+FLOW+MTC+S11+WARM+PRE+K5+K7+FILT+MD+SEED+SEEDLS,inputs_4x4_4,midpoint,0,master_time_share,2.1710468770759217e-05
20260914_232113,C0+C0p+C3+FLOW+MTC+S11+WARM+PRE+K5+K7+FILT+MD+SEED+SEEDLS,inputs_4x4_4,midpoint,0,sp_time_share,0.9999782895312292
20260914_232113,C0+C0p+C3+FLOW+MTC+S11+WARM+PRE+K5+K7+FILT+MD+SEED+SEEDLS,inputs_4x4_4,midpoint,0,t_to_gap_10pct,61.48789143562317
20260914_232113,C0+C0p+C3+FLOW+MTC+S11+WARM+PRE+K5+K7+FILT+MD+SEED+SEEDLS,inputs_4x4_4,midpoint,0,t_to_gap_5pct,692.4516642093658
20260914_232113,C0+C0p+C3+FLOW+MTC+S11+WARM+PRE+K5+K7+FILT+MD+SEED+SEEDLS,inputs_4x4_4,midpoint,0,t_to_gap_3pct,1292.5874059200287
20260914_232113,C0+C0p+C3+FLOW+MTC+S11+WARM+PRE+K5+K7+FILT+MD+SEED+SEEDLS,inputs_4x4_4,midpoint,0,t_to_gap_1pct,1292.5962047576904
20260914_233806,C0+C0p+C3+FLOW+MTC+S11+WARM+PRE+K5+K7+FILT+MD+SEED+SEEDLS,inputs_4x4_3,midpoint,0,status,TIME_LIMIT
20260914_233806,C0+C0p+C3+FLOW+MTC+S11+WARM+PRE+K5+K7+FILT+MD+SEED+SEEDLS,inputs_4x4_3,midpoint,0,LB,345.6349207635623
20260914_233806,C0+C0p+C3+FLOW+MTC+S11+WARM+PRE+K5+K7+FILT+MD+SEED+SEEDLS,inputs_4x4_3,midpoint,0,UB,347.6185257084834
20260914_233806,C0+C0p+C3+FLOW+MTC+S11+WARM+PRE+K5+K7+FILT+MD+SEED+SEEDLS,inputs_4x4_3,midpoint,0,gap,0.005706269367773976
20260914_233806,C0+C0p+C3+FLOW+MTC+S11+WARM+PRE+K5+K7+FILT+MD+SEED+SEEDLS,inputs_4x4_3,midpoint,0,iterations,16
20260914_233806,C0+C0p+C3+FLOW+MTC+S11+WARM+PRE+K5+K7+FILT+MD+SEED+SEEDLS,inputs_4x4_3,midpoint,0,runtime_s,3600.031667470932
20260914_233806,C0+C0p+C3+FLOW+MTC+S11+WARM+PRE+K5+K7+FILT+MD+SEED+SEEDLS,inputs_4x4_3,midpoint,0,wall_s,3600.0319344997406
20260914_233806,C0+C0p+C3+FLOW+MTC+S11+WARM+PRE+K5+K7+FILT+MD+SEED+SEEDLS,inputs_4x4_3,midpoint,0,n_sp_calls,16
20260914_233806,C0+C0p+C3+FLOW+MTC+S11+WARM+PRE+K5+K7+FILT+MD+SEED+SEEDLS,inputs_4x4_3,midpoint,0,incumbent_value,345.6349207635623
20260914_233806,C0+C0p+C3+FLOW+MTC+S11+WARM+PRE+K5+K7+FILT+MD+SEED+SEEDLS,inputs_4x4_3,midpoint,0,certified,0
20260914_233806,C0+C0p+C3+FLOW+MTC+S11+WARM+PRE+K5+K7+FILT+MD+SEED+SEEDLS,inputs_4x4_3,midpoint,0,n_Nf,12
20260914_233806,C0+C0p+C3+FLOW+MTC+S11+WARM+PRE+K5+K7+FILT+MD+SEED+SEEDLS,inputs_4x4_3,midpoint,0,n_K,32
20260914_233806,C0+C0p+C3+FLOW+MTC+S11+WARM+PRE+K5+K7+FILT+MD+SEED+SEEDLS,inputs_4x4_3,midpoint,0,sp_engine,strong_resource
20260914_233806,C0+C0p+C3+FLOW+MTC+S11+WARM+PRE+K5+K7+FILT+MD+SEED+SEEDLS,inputs_4x4_3,midpoint,0,sp_mip_gap,0.0
20260914_233806,C0+C0p+C3+FLOW+MTC+S11+WARM+PRE+K5+K7+FILT+MD+SEED+SEEDLS,inputs_4x4_3,midpoint,0,sp_tighten,0
20260914_233806,C0+C0p+C3+FLOW+MTC+S11+WARM+PRE+K5+K7+FILT+MD+SEED+SEEDLS,inputs_4x4_3,midpoint,0,sp_tight_gap,0.0
20260914_233806,C0+C0p+C3+FLOW+MTC+S11+WARM+PRE+K5+K7+FILT+MD+SEED+SEEDLS,inputs_4x4_3,midpoint,0,seed_localsearch,1
20260914_233806,C0+C0p+C3+FLOW+MTC+S11+WARM+PRE+K5+K7+FILT+MD+SEED+SEEDLS,inputs_4x4_3,midpoint,0,seed_budget_s,120.0
20260914_233806,C0+C0p+C3+FLOW+MTC+S11+WARM+PRE+K5+K7+FILT+MD+SEED+SEEDLS,inputs_4x4_3,midpoint,0,bigm_threshold,18
20260914_233806,C0+C0p+C3+FLOW+MTC+S11+WARM+PRE+K5+K7+FILT+MD+SEED+SEEDLS,inputs_4x4_3,midpoint,0,bigm_margin,1.0
20260914_233806,C0+C0p+C3+FLOW+MTC+S11+WARM+PRE+K5+K7+FILT+MD+SEED+SEEDLS,inputs_4x4_3,midpoint,0,bigm_method,exact_dp
20260914_233806,C0+C0p+C3+FLOW+MTC+S11+WARM+PRE+K5+K7+FILT+MD+SEED+SEEDLS,inputs_4x4_3,midpoint,0,bigm_nodes_in_dp,12
20260914_233806,C0+C0p+C3+FLOW+MTC+S11+WARM+PRE+K5+K7+FILT+MD+SEED+SEEDLS,inputs_4x4_3,midpoint,0,bigm_dp_completed,True
20260914_233806,C0+C0p+C3+FLOW+MTC+S11+WARM+PRE+K5+K7+FILT+MD+SEED+SEEDLS,inputs_4x4_3,midpoint,0,M_d,85.3179583329078
20260914_233806,C0+C0p+C3+FLOW+MTC+S11+WARM+PRE+K5+K7+FILT+MD+SEED+SEEDLS,inputs_4x4_3,midpoint,0,ts_ub,44.973209316819975
20260914_233806,C0+C0p+C3+FLOW+MTC+S11+WARM+PRE+K5+K7+FILT+MD+SEED+SEEDLS,inputs_4x4_3,midpoint,0,te_ub,74.3179583329078
20260914_233806,C0+C0p+C3+FLOW+MTC+S11+WARM+PRE+K5+K7+FILT+MD+SEED+SEEDLS,inputs_4x4_3,midpoint,0,seed_LB,345.6340477523302
20260914_233806,C0+C0p+C3+FLOW+MTC+S11+WARM+PRE+K5+K7+FILT+MD+SEED+SEEDLS,inputs_4x4_3,midpoint,0,seed_time_s,87.24317002296448
20260914_233806,C0+C0p+C3+FLOW+MTC+S11+WARM+PRE+K5+K7+FILT+MD+SEED+SEEDLS,inputs_4x4_3,midpoint,0,seed_source,localsearch
20260914_233806,C0+C0p+C3+FLOW+MTC+S11+WARM+PRE+K5+K7+FILT+MD+SEED+SEEDLS,inputs_4x4_3,midpoint,0,spcall_OPTIMAL,6
20260914_233806,C0+C0p+C3+FLOW+MTC+S11+WARM+PRE+K5+K7+FILT+MD+SEED+SEEDLS,inputs_4x4_3,midpoint,0,spcall_INFEASIBLE_PROVEN,3
20260914_233806,C0+C0p+C3+FLOW+MTC+S11+WARM+PRE+K5+K7+FILT+MD+SEED+SEEDLS,inputs_4x4_3,midpoint,0,spcall_TIME_LIMIT_WITH_INCUMBENT,7
20260914_233806,C0+C0p+C3+FLOW+MTC+S11+WARM+PRE+K5+K7+FILT+MD+SEED+SEEDLS,inputs_4x4_3,midpoint,0,cut_singleton_infeasible,2
20260914_233806,C0+C0p+C3+FLOW+MTC+S11+WARM+PRE+K5+K7+FILT+MD+SEED+SEEDLS,inputs_4x4_3,midpoint,0,cut_cell_optimality,15
20260914_233806,C0+C0p+C3+FLOW+MTC+S11+WARM+PRE+K5+K7+FILT+MD+SEED+SEEDLS,inputs_4x4_3,midpoint,0,cut_conflict_infeasible,3
20260914_233806,C0+C0p+C3+FLOW+MTC+S11+WARM+PRE+K5+K7+FILT+MD+SEED+SEEDLS,inputs_4x4_3,midpoint,0,cut_dual_bound,6
20260914_233806,C0+C0p+C3+FLOW+MTC+S11+WARM+PRE+K5+K7+FILT+MD+SEED+SEEDLS,inputs_4x4_3,midpoint,0,cut_aggregate_optimality,5
20260914_233806,C0+C0p+C3+FLOW+MTC+S11+WARM+PRE+K5+K7+FILT+MD+SEED+SEEDLS,inputs_4x4_3,midpoint,0,singleton_cache_enabled,1
20260914_233806,C0+C0p+C3+FLOW+MTC+S11+WARM+PRE+K5+K7+FILT+MD+SEED+SEEDLS,inputs_4x4_3,midpoint,0,single_sp_requests,106
20260914_233806,C0+C0p+C3+FLOW+MTC+S11+WARM+PRE+K5+K7+FILT+MD+SEED+SEEDLS,inputs_4x4_3,midpoint,0,single_sp_solves,17
20260914_233806,C0+C0p+C3+FLOW+MTC+S11+WARM+PRE+K5+K7+FILT+MD+SEED+SEEDLS,inputs_4x4_3,midpoint,0,single_sp_cache_hits,89
20260914_233806,C0+C0p+C3+FLOW+MTC+S11+WARM+PRE+K5+K7+FILT+MD+SEED+SEEDLS,inputs_4x4_3,midpoint,0,single_sp_build_time_s,0.02125263214111328
20260914_233806,C0+C0p+C3+FLOW+MTC+S11+WARM+PRE+K5+K7+FILT+MD+SEED+SEEDLS,inputs_4x4_3,midpoint,0,single_sp_solve_time_s,0.0371241569519043
20260914_233806,C0+C0p+C3+FLOW+MTC+S11+WARM+PRE+K5+K7+FILT+MD+SEED+SEEDLS,inputs_4x4_3,midpoint,0,single_sp_time_s,0.05837678909301758
20260914_233806,C0+C0p+C3+FLOW+MTC+S11+WARM+PRE+K5+K7+FILT+MD+SEED+SEEDLS,inputs_4x4_3,midpoint,0,cache_lookup_time_s,0.00021490082144737244
20260914_233806,C0+C0p+C3+FLOW+MTC+S11+WARM+PRE+K5+K7+FILT+MD+SEED+SEEDLS,inputs_4x4_3,midpoint,0,est_prevented_solve_time_s,0.22439312934875488
20260914_233806,C0+C0p+C3+FLOW+MTC+S11+WARM+PRE+K5+K7+FILT+MD+SEED+SEEDLS,inputs_4x4_3,midpoint,0,single_sp_status_FEASIBLE_VERIFIED,15
20260914_233806,C0+C0p+C3+FLOW+MTC+S11+WARM+PRE+K5+K7+FILT+MD+SEED+SEEDLS,inputs_4x4_3,midpoint,0,single_sp_status_INFEASIBLE_PROVEN,2
20260914_233806,C0+C0p+C3+FLOW+MTC+S11+WARM+PRE+K5+K7+FILT+MD+SEED+SEEDLS,inputs_4x4_3,midpoint,0,single_sp_status_UNKNOWN,0
20260914_233806,C0+C0p+C3+FLOW+MTC+S11+WARM+PRE+K5+K7+FILT+MD+SEED+SEEDLS,inputs_4x4_3,midpoint,0,dup_cuts_prevented,1
20260914_233806,C0+C0p+C3+FLOW+MTC+S11+WARM+PRE+K5+K7+FILT+MD+SEED+SEEDLS,inputs_4x4_3,midpoint,0,single_sp_distinct,17
20260914_233806,C0+C0p+C3+FLOW+MTC+S11+WARM+PRE+K5+K7+FILT+MD+SEED+SEEDLS,inputs_4x4_3,midpoint,0,master_time_s,0.0840761661529541
20260914_233806,C0+C0p+C3+FLOW+MTC+S11+WARM+PRE+K5+K7+FILT+MD+SEED+SEEDLS,inputs_4x4_3,midpoint,0,sp_time_s,3442.6349291801453
20260914_233806,C0+C0p+C3+FLOW+MTC+S11+WARM+PRE+K5+K7+FILT+MD+SEED+SEEDLS,inputs_4x4_3,midpoint,0,master_time_share,2.4421443057766198e-05
20260914_233806,C0+C0p+C3+FLOW+MTC+S11+WARM+PRE+K5+K7+FILT+MD+SEED+SEEDLS,inputs_4x4_3,midpoint,0,sp_time_share,0.9999755785569422
20260914_233806,C0+C0p+C3+FLOW+MTC+S11+WARM+PRE+K5+K7+FILT+MD+SEED+SEEDLS,inputs_4x4_3,midpoint,0,t_to_gap_10pct,125.32808423042297
20260914_233806,C0+C0p+C3+FLOW+MTC+S11+WARM+PRE+K5+K7+FILT+MD+SEED+SEEDLS,inputs_4x4_3,midpoint,0,t_to_gap_5pct,1463.904316663742
20260914_233806,C0+C0p+C3+FLOW+MTC+S11+WARM+PRE+K5+K7+FILT+MD+SEED+SEEDLS,inputs_4x4_3,midpoint,0,t_to_gap_3pct,2798.1060512065887
20260914_233806,C0+C0p+C3+FLOW+MTC+S11+WARM+PRE+K5+K7+FILT+MD+SEED+SEEDLS,inputs_4x4_3,midpoint,0,t_to_gap_1pct,3405.801159143448
20260915_000759,C0+C0p+C3+FLOW+MTC+S11+WARM+PRE+K5+K7+FILT+MD+SEED+SEEDLS,inputs_5x5,midpoint,0,status,TIME_LIMIT
20260915_000759,C0+C0p+C3+FLOW+MTC+S11+WARM+PRE+K5+K7+FILT+MD+SEED+SEEDLS,inputs_5x5,midpoint,0,LB,1345.094235520457
20260915_000759,C0+C0p+C3+FLOW+MTC+S11+WARM+PRE+K5+K7+FILT+MD+SEED+SEEDLS,inputs_5x5,midpoint,0,UB,1355.9572820027433
20260915_000759,C0+C0p+C3+FLOW+MTC+S11+WARM+PRE+K5+K7+FILT+MD+SEED+SEEDLS,inputs_5x5,midpoint,0,gap,0.008011348606972087
20260915_000759,C0+C0p+C3+FLOW+MTC+S11+WARM+PRE+K5+K7+FILT+MD+SEED+SEEDLS,inputs_5x5,midpoint,0,iterations,7
20260915_000759,C0+C0p+C3+FLOW+MTC+S11+WARM+PRE+K5+K7+FILT+MD+SEED+SEEDLS,inputs_5x5,midpoint,0,runtime_s,3600.0726566314697
20260915_000759,C0+C0p+C3+FLOW+MTC+S11+WARM+PRE+K5+K7+FILT+MD+SEED+SEEDLS,inputs_5x5,midpoint,0,wall_s,3600.0735523700714
20260915_000759,C0+C0p+C3+FLOW+MTC+S11+WARM+PRE+K5+K7+FILT+MD+SEED+SEEDLS,inputs_5x5,midpoint,0,n_sp_calls,8
20260915_000759,C0+C0p+C3+FLOW+MTC+S11+WARM+PRE+K5+K7+FILT+MD+SEED+SEEDLS,inputs_5x5,midpoint,0,incumbent_value,1345.094235520457
20260915_000759,C0+C0p+C3+FLOW+MTC+S11+WARM+PRE+K5+K7+FILT+MD+SEED+SEEDLS,inputs_5x5,midpoint,0,certified,0
20260915_000759,C0+C0p+C3+FLOW+MTC+S11+WARM+PRE+K5+K7+FILT+MD+SEED+SEEDLS,inputs_5x5,midpoint,0,n_Nf,22
20260915_000759,C0+C0p+C3+FLOW+MTC+S11+WARM+PRE+K5+K7+FILT+MD+SEED+SEEDLS,inputs_5x5,midpoint,0,n_K,150
20260915_000759,C0+C0p+C3+FLOW+MTC+S11+WARM+PRE+K5+K7+FILT+MD+SEED+SEEDLS,inputs_5x5,midpoint,0,sp_engine,strong_resource
20260915_000759,C0+C0p+C3+FLOW+MTC+S11+WARM+PRE+K5+K7+FILT+MD+SEED+SEEDLS,inputs_5x5,midpoint,0,sp_mip_gap,0.0
20260915_000759,C0+C0p+C3+FLOW+MTC+S11+WARM+PRE+K5+K7+FILT+MD+SEED+SEEDLS,inputs_5x5,midpoint,0,sp_tighten,0
20260915_000759,C0+C0p+C3+FLOW+MTC+S11+WARM+PRE+K5+K7+FILT+MD+SEED+SEEDLS,inputs_5x5,midpoint,0,sp_tight_gap,0.0
20260915_000759,C0+C0p+C3+FLOW+MTC+S11+WARM+PRE+K5+K7+FILT+MD+SEED+SEEDLS,inputs_5x5,midpoint,0,seed_localsearch,1
20260915_000759,C0+C0p+C3+FLOW+MTC+S11+WARM+PRE+K5+K7+FILT+MD+SEED+SEEDLS,inputs_5x5,midpoint,0,seed_budget_s,120.0
20260915_000759,C0+C0p+C3+FLOW+MTC+S11+WARM+PRE+K5+K7+FILT+MD+SEED+SEEDLS,inputs_5x5,midpoint,0,bigm_threshold,18
20260915_000759,C0+C0p+C3+FLOW+MTC+S11+WARM+PRE+K5+K7+FILT+MD+SEED+SEEDLS,inputs_5x5,midpoint,0,bigm_margin,1.0
20260915_000759,C0+C0p+C3+FLOW+MTC+S11+WARM+PRE+K5+K7+FILT+MD+SEED+SEEDLS,inputs_5x5,midpoint,0,bigm_method,global_sum
20260915_000759,C0+C0p+C3+FLOW+MTC+S11+WARM+PRE+K5+K7+FILT+MD+SEED+SEEDLS,inputs_5x5,midpoint,0,bigm_nodes_in_dp,0
20260915_000759,C0+C0p+C3+FLOW+MTC+S11+WARM+PRE+K5+K7+FILT+MD+SEED+SEEDLS,inputs_5x5,midpoint,0,bigm_dp_completed,False
20260915_000759,C0+C0p+C3+FLOW+MTC+S11+WARM+PRE+K5+K7+FILT+MD+SEED+SEEDLS,inputs_5x5,midpoint,0,M_d,220.11742592586324
20260915_000759,C0+C0p+C3+FLOW+MTC+S11+WARM+PRE+K5+K7+FILT+MD+SEED+SEEDLS,inputs_5x5,midpoint,0,ts_ub,177.7726769097754
20260915_000759,C0+C0p+C3+FLOW+MTC+S11+WARM+PRE+K5+K7+FILT+MD+SEED+SEEDLS,inputs_5x5,midpoint,0,te_ub,207.11742592586324
20260915_000759,C0+C0p+C3+FLOW+MTC+S11+WARM+PRE+K5+K7+FILT+MD+SEED+SEEDLS,inputs_5x5,midpoint,0,seed_LB,1345.094235520457
20260915_000759,C0+C0p+C3+FLOW+MTC+S11+WARM+PRE+K5+K7+FILT+MD+SEED+SEEDLS,inputs_5x5,midpoint,0,seed_time_s,120.02890133857727
20260915_000759,C0+C0p+C3+FLOW+MTC+S11+WARM+PRE+K5+K7+FILT+MD+SEED+SEEDLS,inputs_5x5,midpoint,0,seed_source,containment
20260915_000759,C0+C0p+C3+FLOW+MTC+S11+WARM+PRE+K5+K7+FILT+MD+SEED+SEEDLS,inputs_5x5,midpoint,0,spcall_OPTIMAL,1
20260915_000759,C0+C0p+C3+FLOW+MTC+S11+WARM+PRE+K5+K7+FILT+MD+SEED+SEEDLS,inputs_5x5,midpoint,0,spcall_TIME_LIMIT_WITH_INCUMBENT,7
20260915_000759,C0+C0p+C3+FLOW+MTC+S11+WARM+PRE+K5+K7+FILT+MD+SEED+SEEDLS,inputs_5x5,midpoint,0,cut_singleton_infeasible,1
20260915_000759,C0+C0p+C3+FLOW+MTC+S11+WARM+PRE+K5+K7+FILT+MD+SEED+SEEDLS,inputs_5x5,midpoint,0,cut_cell_optimality,54
20260915_000759,C0+C0p+C3+FLOW+MTC+S11+WARM+PRE+K5+K7+FILT+MD+SEED+SEEDLS,inputs_5x5,midpoint,0,cut_dual_bound,6
20260915_000759,C0+C0p+C3+FLOW+MTC+S11+WARM+PRE+K5+K7+FILT+MD+SEED+SEEDLS,inputs_5x5,midpoint,0,singleton_cache_enabled,1
20260915_000759,C0+C0p+C3+FLOW+MTC+S11+WARM+PRE+K5+K7+FILT+MD+SEED+SEEDLS,inputs_5x5,midpoint,0,single_sp_requests,77
20260915_000759,C0+C0p+C3+FLOW+MTC+S11+WARM+PRE+K5+K7+FILT+MD+SEED+SEEDLS,inputs_5x5,midpoint,0,single_sp_solves,59
20260915_000759,C0+C0p+C3+FLOW+MTC+S11+WARM+PRE+K5+K7+FILT+MD+SEED+SEEDLS,inputs_5x5,midpoint,0,single_sp_cache_hits,18
20260915_000759,C0+C0p+C3+FLOW+MTC+S11+WARM+PRE+K5+K7+FILT+MD+SEED+SEEDLS,inputs_5x5,midpoint,0,single_sp_build_time_s,0.3551290035247803
20260915_000759,C0+C0p+C3+FLOW+MTC+S11+WARM+PRE+K5+K7+FILT+MD+SEED+SEEDLS,inputs_5x5,midpoint,0,single_sp_solve_time_s,0.29340362548828125
20260915_000759,C0+C0p+C3+FLOW+MTC+S11+WARM+PRE+K5+K7+FILT+MD+SEED+SEEDLS,inputs_5x5,midpoint,0,single_sp_time_s,0.6485326290130615
20260915_000759,C0+C0p+C3+FLOW+MTC+S11+WARM+PRE+K5+K7+FILT+MD+SEED+SEEDLS,inputs_5x5,midpoint,0,cache_lookup_time_s,0.00037954095751047134
20260915_000759,C0+C0p+C3+FLOW+MTC+S11+WARM+PRE+K5+K7+FILT+MD+SEED+SEEDLS,inputs_5x5,midpoint,0,est_prevented_solve_time_s,0.44205331802368164
20260915_000759,C0+C0p+C3+FLOW+MTC+S11+WARM+PRE+K5+K7+FILT+MD+SEED+SEEDLS,inputs_5x5,midpoint,0,single_sp_status_FEASIBLE_VERIFIED,58
20260915_000759,C0+C0p+C3+FLOW+MTC+S11+WARM+PRE+K5+K7+FILT+MD+SEED+SEEDLS,inputs_5x5,midpoint,0,single_sp_status_INFEASIBLE_PROVEN,1
20260915_000759,C0+C0p+C3+FLOW+MTC+S11+WARM+PRE+K5+K7+FILT+MD+SEED+SEEDLS,inputs_5x5,midpoint,0,single_sp_status_UNKNOWN,0
20260915_000759,C0+C0p+C3+FLOW+MTC+S11+WARM+PRE+K5+K7+FILT+MD+SEED+SEEDLS,inputs_5x5,midpoint,0,dup_cuts_prevented,0
20260915_000759,C0+C0p+C3+FLOW+MTC+S11+WARM+PRE+K5+K7+FILT+MD+SEED+SEEDLS,inputs_5x5,midpoint,0,single_sp_distinct,59
20260915_000759,C0+C0p+C3+FLOW+MTC+S11+WARM+PRE+K5+K7+FILT+MD+SEED+SEEDLS,inputs_5x5,midpoint,0,master_time_s,0.3316044807434082
20260915_000759,C0+C0p+C3+FLOW+MTC+S11+WARM+PRE+K5+K7+FILT+MD+SEED+SEEDLS,inputs_5x5,midpoint,0,sp_time_s,3478.484684228897
20260915_000759,C0+C0p+C3+FLOW+MTC+S11+WARM+PRE+K5+K7+FILT+MD+SEED+SEEDLS,inputs_5x5,midpoint,0,master_time_share,9.532106705939526e-05
20260915_000759,C0+C0p+C3+FLOW+MTC+S11+WARM+PRE+K5+K7+FILT+MD+SEED+SEEDLS,inputs_5x5,midpoint,0,sp_time_share,0.9999046789329405
20260915_000759,C0+C0p+C3+FLOW+MTC+S11+WARM+PRE+K5+K7+FILT+MD+SEED+SEEDLS,inputs_5x5,midpoint,0,t_to_gap_10pct,120.03287696838379
20260915_000759,C0+C0p+C3+FLOW+MTC+S11+WARM+PRE+K5+K7+FILT+MD+SEED+SEEDLS,inputs_5x5,midpoint,0,t_to_gap_5pct,120.03287696838379
20260915_000759,C0+C0p+C3+FLOW+MTC+S11+WARM+PRE+K5+K7+FILT+MD+SEED+SEEDLS,inputs_5x5,midpoint,0,t_to_gap_3pct,720.3575341701508
20260915_000759,C0+C0p+C3+FLOW+MTC+S11+WARM+PRE+K5+K7+FILT+MD+SEED+SEEDLS,inputs_5x5,midpoint,0,t_to_gap_1pct,3121.294341802597
20260915_004611,C0+C0p+C3+FLOW+MTC+S11+WARM+PRE+K5+K7+FILT+MD+SEED+SEEDLS,inputs_4x4,midpoint,0,status,OPTIMAL
20260915_004611,C0+C0p+C3+FLOW+MTC+S11+WARM+PRE+K5+K7+FILT+MD+SEED+SEEDLS,inputs_4x4,midpoint,0,LB,532.620563936684
20260915_004611,C0+C0p+C3+FLOW+MTC+S11+WARM+PRE+K5+K7+FILT+MD+SEED+SEEDLS,inputs_4x4,midpoint,0,UB,532.6205639366835
20260915_004611,C0+C0p+C3+FLOW+MTC+S11+WARM+PRE+K5+K7+FILT+MD+SEED+SEEDLS,inputs_4x4,midpoint,0,gap,-8.537923273659468e-16
20260915_004611,C0+C0p+C3+FLOW+MTC+S11+WARM+PRE+K5+K7+FILT+MD+SEED+SEEDLS,inputs_4x4,midpoint,0,iterations,5
20260915_004611,C0+C0p+C3+FLOW+MTC+S11+WARM+PRE+K5+K7+FILT+MD+SEED+SEEDLS,inputs_4x4,midpoint,0,runtime_s,693.5293762683868
20260915_004611,C0+C0p+C3+FLOW+MTC+S11+WARM+PRE+K5+K7+FILT+MD+SEED+SEEDLS,inputs_4x4,midpoint,0,wall_s,693.5296406745911
20260915_004611,C0+C0p+C3+FLOW+MTC+S11+WARM+PRE+K5+K7+FILT+MD+SEED+SEEDLS,inputs_4x4,midpoint,0,n_sp_calls,5
20260915_004611,C0+C0p+C3+FLOW+MTC+S11+WARM+PRE+K5+K7+FILT+MD+SEED+SEEDLS,inputs_4x4,midpoint,0,incumbent_value,532.620563936684
20260915_004611,C0+C0p+C3+FLOW+MTC+S11+WARM+PRE+K5+K7+FILT+MD+SEED+SEEDLS,inputs_4x4,midpoint,0,certified,1
20260915_004611,C0+C0p+C3+FLOW+MTC+S11+WARM+PRE+K5+K7+FILT+MD+SEED+SEEDLS,inputs_4x4,midpoint,0,n_Nf,13
20260915_004611,C0+C0p+C3+FLOW+MTC+S11+WARM+PRE+K5+K7+FILT+MD+SEED+SEEDLS,inputs_4x4,midpoint,0,n_K,32
20260915_004611,C0+C0p+C3+FLOW+MTC+S11+WARM+PRE+K5+K7+FILT+MD+SEED+SEEDLS,inputs_4x4,midpoint,0,sp_engine,strong_resource
20260915_004611,C0+C0p+C3+FLOW+MTC+S11+WARM+PRE+K5+K7+FILT+MD+SEED+SEEDLS,inputs_4x4,midpoint,0,sp_mip_gap,0.0
20260915_004611,C0+C0p+C3+FLOW+MTC+S11+WARM+PRE+K5+K7+FILT+MD+SEED+SEEDLS,inputs_4x4,midpoint,0,sp_tighten,0
20260915_004611,C0+C0p+C3+FLOW+MTC+S11+WARM+PRE+K5+K7+FILT+MD+SEED+SEEDLS,inputs_4x4,midpoint,0,sp_tight_gap,0.0
20260915_004611,C0+C0p+C3+FLOW+MTC+S11+WARM+PRE+K5+K7+FILT+MD+SEED+SEEDLS,inputs_4x4,midpoint,0,seed_localsearch,1
20260915_004611,C0+C0p+C3+FLOW+MTC+S11+WARM+PRE+K5+K7+FILT+MD+SEED+SEEDLS,inputs_4x4,midpoint,0,seed_budget_s,120.0
20260915_004611,C0+C0p+C3+FLOW+MTC+S11+WARM+PRE+K5+K7+FILT+MD+SEED+SEEDLS,inputs_4x4,midpoint,0,bigm_threshold,18
20260915_004611,C0+C0p+C3+FLOW+MTC+S11+WARM+PRE+K5+K7+FILT+MD+SEED+SEEDLS,inputs_4x4,midpoint,0,bigm_margin,1.0
20260915_004611,C0+C0p+C3+FLOW+MTC+S11+WARM+PRE+K5+K7+FILT+MD+SEED+SEEDLS,inputs_4x4,midpoint,0,bigm_method,exact_dp
20260915_004611,C0+C0p+C3+FLOW+MTC+S11+WARM+PRE+K5+K7+FILT+MD+SEED+SEEDLS,inputs_4x4,midpoint,0,bigm_nodes_in_dp,13
20260915_004611,C0+C0p+C3+FLOW+MTC+S11+WARM+PRE+K5+K7+FILT+MD+SEED+SEEDLS,inputs_4x4,midpoint,0,bigm_dp_completed,True
20260915_004611,C0+C0p+C3+FLOW+MTC+S11+WARM+PRE+K5+K7+FILT+MD+SEED+SEEDLS,inputs_4x4,midpoint,0,M_d,105.71477534886262
20260915_004611,C0+C0p+C3+FLOW+MTC+S11+WARM+PRE+K5+K7+FILT+MD+SEED+SEEDLS,inputs_4x4,midpoint,0,ts_ub,65.3700263327748
20260915_004611,C0+C0p+C3+FLOW+MTC+S11+WARM+PRE+K5+K7+FILT+MD+SEED+SEEDLS,inputs_4x4,midpoint,0,te_ub,94.71477534886262
20260915_004611,C0+C0p+C3+FLOW+MTC+S11+WARM+PRE+K5+K7+FILT+MD+SEED+SEEDLS,inputs_4x4,midpoint,0,seed_LB,532.6205639366839
20260915_004611,C0+C0p+C3+FLOW+MTC+S11+WARM+PRE+K5+K7+FILT+MD+SEED+SEEDLS,inputs_4x4,midpoint,0,seed_time_s,61.57483649253845
20260915_004611,C0+C0p+C3+FLOW+MTC+S11+WARM+PRE+K5+K7+FILT+MD+SEED+SEEDLS,inputs_4x4,midpoint,0,seed_source,containment
20260915_004611,C0+C0p+C3+FLOW+MTC+S11+WARM+PRE+K5+K7+FILT+MD+SEED+SEEDLS,inputs_4x4,midpoint,0,spcall_OPTIMAL,1
20260915_004611,C0+C0p+C3+FLOW+MTC+S11+WARM+PRE+K5+K7+FILT+MD+SEED+SEEDLS,inputs_4x4,midpoint,0,spcall_TIME_LIMIT_WITH_INCUMBENT,4
20260915_004611,C0+C0p+C3+FLOW+MTC+S11+WARM+PRE+K5+K7+FILT+MD+SEED+SEEDLS,inputs_4x4,midpoint,0,cut_singleton_infeasible,2
20260915_004611,C0+C0p+C3+FLOW+MTC+S11+WARM+PRE+K5+K7+FILT+MD+SEED+SEEDLS,inputs_4x4,midpoint,0,cut_cell_optimality,12
20260915_004611,C0+C0p+C3+FLOW+MTC+S11+WARM+PRE+K5+K7+FILT+MD+SEED+SEEDLS,inputs_4x4,midpoint,0,cut_aggregate_optimality,1
20260915_004611,C0+C0p+C3+FLOW+MTC+S11+WARM+PRE+K5+K7+FILT+MD+SEED+SEEDLS,inputs_4x4,midpoint,0,cut_dual_bound,2
20260915_004611,C0+C0p+C3+FLOW+MTC+S11+WARM+PRE+K5+K7+FILT+MD+SEED+SEEDLS,inputs_4x4,midpoint,0,singleton_cache_enabled,1
20260915_004611,C0+C0p+C3+FLOW+MTC+S11+WARM+PRE+K5+K7+FILT+MD+SEED+SEEDLS,inputs_4x4,midpoint,0,single_sp_requests,16
20260915_004611,C0+C0p+C3+FLOW+MTC+S11+WARM+PRE+K5+K7+FILT+MD+SEED+SEEDLS,inputs_4x4,midpoint,0,single_sp_solves,12
20260915_004611,C0+C0p+C3+FLOW+MTC+S11+WARM+PRE+K5+K7+FILT+MD+SEED+SEEDLS,inputs_4x4,midpoint,0,single_sp_cache_hits,4
20260915_004611,C0+C0p+C3+FLOW+MTC+S11+WARM+PRE+K5+K7+FILT+MD+SEED+SEEDLS,inputs_4x4,midpoint,0,single_sp_build_time_s,0.01600170135498047
20260915_004611,C0+C0p+C3+FLOW+MTC+S11+WARM+PRE+K5+K7+FILT+MD+SEED+SEEDLS,inputs_4x4,midpoint,0,single_sp_solve_time_s,0.0221097469329834
20260915_004611,C0+C0p+C3+FLOW+MTC+S11+WARM+PRE+K5+K7+FILT+MD+SEED+SEEDLS,inputs_4x4,midpoint,0,single_sp_time_s,0.03811144828796387
20260915_004611,C0+C0p+C3+FLOW+MTC+S11+WARM+PRE+K5+K7+FILT+MD+SEED+SEEDLS,inputs_4x4,midpoint,0,cache_lookup_time_s,5.974713712930679e-05
20260915_004611,C0+C0p+C3+FLOW+MTC+S11+WARM+PRE+K5+K7+FILT+MD+SEED+SEEDLS,inputs_4x4,midpoint,0,est_prevented_solve_time_s,0.02276611328125
20260915_004611,C0+C0p+C3+FLOW+MTC+S11+WARM+PRE+K5+K7+FILT+MD+SEED+SEEDLS,inputs_4x4,midpoint,0,single_sp_status_FEASIBLE_VERIFIED,10
20260915_004611,C0+C0p+C3+FLOW+MTC+S11+WARM+PRE+K5+K7+FILT+MD+SEED+SEEDLS,inputs_4x4,midpoint,0,single_sp_status_INFEASIBLE_PROVEN,2
20260915_004611,C0+C0p+C3+FLOW+MTC+S11+WARM+PRE+K5+K7+FILT+MD+SEED+SEEDLS,inputs_4x4,midpoint,0,single_sp_status_UNKNOWN,0
20260915_004611,C0+C0p+C3+FLOW+MTC+S11+WARM+PRE+K5+K7+FILT+MD+SEED+SEEDLS,inputs_4x4,midpoint,0,dup_cuts_prevented,0
20260915_004611,C0+C0p+C3+FLOW+MTC+S11+WARM+PRE+K5+K7+FILT+MD+SEED+SEEDLS,inputs_4x4,midpoint,0,single_sp_distinct,12
20260915_004611,C0+C0p+C3+FLOW+MTC+S11+WARM+PRE+K5+K7+FILT+MD+SEED+SEEDLS,inputs_4x4,midpoint,0,master_time_s,0.029335737228393555
20260915_004611,C0+C0p+C3+FLOW+MTC+S11+WARM+PRE+K5+K7+FILT+MD+SEED+SEEDLS,inputs_4x4,midpoint,0,sp_time_s,631.5863049030304
20260915_004611,C0+C0p+C3+FLOW+MTC+S11+WARM+PRE+K5+K7+FILT+MD+SEED+SEEDLS,inputs_4x4,midpoint,0,master_time_share,4.644555223277305e-05
20260915_004611,C0+C0p+C3+FLOW+MTC+S11+WARM+PRE+K5+K7+FILT+MD+SEED+SEEDLS,inputs_4x4,midpoint,0,sp_time_share,0.9999535544477672
20260915_004611,C0+C0p+C3+FLOW+MTC+S11+WARM+PRE+K5+K7+FILT+MD+SEED+SEEDLS,inputs_4x4,midpoint,0,t_to_gap_10pct,61.5773823261261
20260915_004611,C0+C0p+C3+FLOW+MTC+S11+WARM+PRE+K5+K7+FILT+MD+SEED+SEEDLS,inputs_4x4,midpoint,0,t_to_gap_5pct,393.4244785308838
20260915_004611,C0+C0p+C3+FLOW+MTC+S11+WARM+PRE+K5+K7+FILT+MD+SEED+SEEDLS,inputs_4x4,midpoint,0,t_to_gap_3pct,693.5293691158295
20260915_004611,C0+C0p+C3+FLOW+MTC+S11+WARM+PRE+K5+K7+FILT+MD+SEED+SEEDLS,inputs_4x4,midpoint,0,t_to_gap_1pct,693.5293691158295
20260915_010612,C0+C0p+C3+FLOW+MTC+S11+WARM+PRE+K5+K7+FILT+MD+SEED+SEEDLS,inputs_4x4_2,midpoint,0,status,OPTIMAL
20260915_010612,C0+C0p+C3+FLOW+MTC+S11+WARM+PRE+K5+K7+FILT+MD+SEED+SEEDLS,inputs_4x4_2,midpoint,0,LB,466.49900639559723
20260915_010612,C0+C0p+C3+FLOW+MTC+S11+WARM+PRE+K5+K7+FILT+MD+SEED+SEEDLS,inputs_4x4_2,midpoint,0,UB,466.4990063955967
20260915_010612,C0+C0p+C3+FLOW+MTC+S11+WARM+PRE+K5+K7+FILT+MD+SEED+SEEDLS,inputs_4x4_2,midpoint,0,gap,-1.0966599343910222e-15
20260915_010612,C0+C0p+C3+FLOW+MTC+S11+WARM+PRE+K5+K7+FILT+MD+SEED+SEEDLS,inputs_4x4_2,midpoint,0,iterations,12
20260915_010612,C0+C0p+C3+FLOW+MTC+S11+WARM+PRE+K5+K7+FILT+MD+SEED+SEEDLS,inputs_4x4_2,midpoint,0,runtime_s,1198.9549264907837
20260915_010612,C0+C0p+C3+FLOW+MTC+S11+WARM+PRE+K5+K7+FILT+MD+SEED+SEEDLS,inputs_4x4_2,midpoint,0,wall_s,1198.9552137851715
20260915_010612,C0+C0p+C3+FLOW+MTC+S11+WARM+PRE+K5+K7+FILT+MD+SEED+SEEDLS,inputs_4x4_2,midpoint,0,n_sp_calls,12
20260915_010612,C0+C0p+C3+FLOW+MTC+S11+WARM+PRE+K5+K7+FILT+MD+SEED+SEEDLS,inputs_4x4_2,midpoint,0,incumbent_value,466.49900639559723
20260915_010612,C0+C0p+C3+FLOW+MTC+S11+WARM+PRE+K5+K7+FILT+MD+SEED+SEEDLS,inputs_4x4_2,midpoint,0,certified,1
20260915_010612,C0+C0p+C3+FLOW+MTC+S11+WARM+PRE+K5+K7+FILT+MD+SEED+SEEDLS,inputs_4x4_2,midpoint,0,n_Nf,13
20260915_010612,C0+C0p+C3+FLOW+MTC+S11+WARM+PRE+K5+K7+FILT+MD+SEED+SEEDLS,inputs_4x4_2,midpoint,0,n_K,32
20260915_010612,C0+C0p+C3+FLOW+MTC+S11+WARM+PRE+K5+K7+FILT+MD+SEED+SEEDLS,inputs_4x4_2,midpoint,0,sp_engine,strong_resource
20260915_010612,C0+C0p+C3+FLOW+MTC+S11+WARM+PRE+K5+K7+FILT+MD+SEED+SEEDLS,inputs_4x4_2,midpoint,0,sp_mip_gap,0.0
20260915_010612,C0+C0p+C3+FLOW+MTC+S11+WARM+PRE+K5+K7+FILT+MD+SEED+SEEDLS,inputs_4x4_2,midpoint,0,sp_tighten,0
20260915_010612,C0+C0p+C3+FLOW+MTC+S11+WARM+PRE+K5+K7+FILT+MD+SEED+SEEDLS,inputs_4x4_2,midpoint,0,sp_tight_gap,0.0
20260915_010612,C0+C0p+C3+FLOW+MTC+S11+WARM+PRE+K5+K7+FILT+MD+SEED+SEEDLS,inputs_4x4_2,midpoint,0,seed_localsearch,1
20260915_010612,C0+C0p+C3+FLOW+MTC+S11+WARM+PRE+K5+K7+FILT+MD+SEED+SEEDLS,inputs_4x4_2,midpoint,0,seed_budget_s,120.0
20260915_010612,C0+C0p+C3+FLOW+MTC+S11+WARM+PRE+K5+K7+FILT+MD+SEED+SEEDLS,inputs_4x4_2,midpoint,0,bigm_threshold,18
20260915_010612,C0+C0p+C3+FLOW+MTC+S11+WARM+PRE+K5+K7+FILT+MD+SEED+SEEDLS,inputs_4x4_2,midpoint,0,bigm_margin,1.0
20260915_010612,C0+C0p+C3+FLOW+MTC+S11+WARM+PRE+K5+K7+FILT+MD+SEED+SEEDLS,inputs_4x4_2,midpoint,0,bigm_method,exact_dp
20260915_010612,C0+C0p+C3+FLOW+MTC+S11+WARM+PRE+K5+K7+FILT+MD+SEED+SEEDLS,inputs_4x4_2,midpoint,0,bigm_nodes_in_dp,13
20260915_010612,C0+C0p+C3+FLOW+MTC+S11+WARM+PRE+K5+K7+FILT+MD+SEED+SEEDLS,inputs_4x4_2,midpoint,0,bigm_dp_completed,True
20260915_010612,C0+C0p+C3+FLOW+MTC+S11+WARM+PRE+K5+K7+FILT+MD+SEED+SEEDLS,inputs_4x4_2,midpoint,0,M_d,105.71477534886262
20260915_010612,C0+C0p+C3+FLOW+MTC+S11+WARM+PRE+K5+K7+FILT+MD+SEED+SEEDLS,inputs_4x4_2,midpoint,0,ts_ub,65.3700263327748
20260915_010612,C0+C0p+C3+FLOW+MTC+S11+WARM+PRE+K5+K7+FILT+MD+SEED+SEEDLS,inputs_4x4_2,midpoint,0,te_ub,94.71477534886262
20260915_010612,C0+C0p+C3+FLOW+MTC+S11+WARM+PRE+K5+K7+FILT+MD+SEED+SEEDLS,inputs_4x4_2,midpoint,0,seed_LB,466.4990053018034
20260915_010612,C0+C0p+C3+FLOW+MTC+S11+WARM+PRE+K5+K7+FILT+MD+SEED+SEEDLS,inputs_4x4_2,midpoint,0,seed_time_s,65.57005381584167
20260915_010612,C0+C0p+C3+FLOW+MTC+S11+WARM+PRE+K5+K7+FILT+MD+SEED+SEEDLS,inputs_4x4_2,midpoint,0,seed_source,localsearch
20260915_010612,C0+C0p+C3+FLOW+MTC+S11+WARM+PRE+K5+K7+FILT+MD+SEED+SEEDLS,inputs_4x4_2,midpoint,0,spcall_OPTIMAL,8
20260915_010612,C0+C0p+C3+FLOW+MTC+S11+WARM+PRE+K5+K7+FILT+MD+SEED+SEEDLS,inputs_4x4_2,midpoint,0,spcall_INFEASIBLE_PROVEN,1
20260915_010612,C0+C0p+C3+FLOW+MTC+S11+WARM+PRE+K5+K7+FILT+MD+SEED+SEEDLS,inputs_4x4_2,midpoint,0,spcall_TIME_LIMIT_WITH_INCUMBENT,3
20260915_010612,C0+C0p+C3+FLOW+MTC+S11+WARM+PRE+K5+K7+FILT+MD+SEED+SEEDLS,inputs_4x4_2,midpoint,0,cut_singleton_infeasible,2
20260915_010612,C0+C0p+C3+FLOW+MTC+S11+WARM+PRE+K5+K7+FILT+MD+SEED+SEEDLS,inputs_4x4_2,midpoint,0,cut_cell_optimality,18
20260915_010612,C0+C0p+C3+FLOW+MTC+S11+WARM+PRE+K5+K7+FILT+MD+SEED+SEEDLS,inputs_4x4_2,midpoint,0,cut_conflict_infeasible,1
20260915_010612,C0+C0p+C3+FLOW+MTC+S11+WARM+PRE+K5+K7+FILT+MD+SEED+SEEDLS,inputs_4x4_2,midpoint,0,cut_dual_bound,2
20260915_010612,C0+C0p+C3+FLOW+MTC+S11+WARM+PRE+K5+K7+FILT+MD+SEED+SEEDLS,inputs_4x4_2,midpoint,0,cut_aggregate_optimality,7
20260915_010612,C0+C0p+C3+FLOW+MTC+S11+WARM+PRE+K5+K7+FILT+MD+SEED+SEEDLS,inputs_4x4_2,midpoint,0,singleton_cache_enabled,1
20260915_010612,C0+C0p+C3+FLOW+MTC+S11+WARM+PRE+K5+K7+FILT+MD+SEED+SEEDLS,inputs_4x4_2,midpoint,0,single_sp_requests,63
20260915_010612,C0+C0p+C3+FLOW+MTC+S11+WARM+PRE+K5+K7+FILT+MD+SEED+SEEDLS,inputs_4x4_2,midpoint,0,single_sp_solves,17
20260915_010612,C0+C0p+C3+FLOW+MTC+S11+WARM+PRE+K5+K7+FILT+MD+SEED+SEEDLS,inputs_4x4_2,midpoint,0,single_sp_cache_hits,46
20260915_010612,C0+C0p+C3+FLOW+MTC+S11+WARM+PRE+K5+K7+FILT+MD+SEED+SEEDLS,inputs_4x4_2,midpoint,0,single_sp_build_time_s,0.032536983489990234
20260915_010612,C0+C0p+C3+FLOW+MTC+S11+WARM+PRE+K5+K7+FILT+MD+SEED+SEEDLS,inputs_4x4_2,midpoint,0,single_sp_solve_time_s,0.03485226631164551
20260915_010612,C0+C0p+C3+FLOW+MTC+S11+WARM+PRE+K5+K7+FILT+MD+SEED+SEEDLS,inputs_4x4_2,midpoint,0,single_sp_time_s,0.06738924980163574
20260915_010612,C0+C0p+C3+FLOW+MTC+S11+WARM+PRE+K5+K7+FILT+MD+SEED+SEEDLS,inputs_4x4_2,midpoint,0,cache_lookup_time_s,0.00020348280668258667
20260915_010612,C0+C0p+C3+FLOW+MTC+S11+WARM+PRE+K5+K7+FILT+MD+SEED+SEEDLS,inputs_4x4_2,midpoint,0,est_prevented_solve_time_s,0.12611007690429688
20260915_010612,C0+C0p+C3+FLOW+MTC+S11+WARM+PRE+K5+K7+FILT+MD+SEED+SEEDLS,inputs_4x4_2,midpoint,0,single_sp_status_FEASIBLE_VERIFIED,15
20260915_010612,C0+C0p+C3+FLOW+MTC+S11+WARM+PRE+K5+K7+FILT+MD+SEED+SEEDLS,inputs_4x4_2,midpoint,0,single_sp_status_INFEASIBLE_PROVEN,2
20260915_010612,C0+C0p+C3+FLOW+MTC+S11+WARM+PRE+K5+K7+FILT+MD+SEED+SEEDLS,inputs_4x4_2,midpoint,0,single_sp_status_UNKNOWN,0
20260915_010612,C0+C0p+C3+FLOW+MTC+S11+WARM+PRE+K5+K7+FILT+MD+SEED+SEEDLS,inputs_4x4_2,midpoint,0,dup_cuts_prevented,3
20260915_010612,C0+C0p+C3+FLOW+MTC+S11+WARM+PRE+K5+K7+FILT+MD+SEED+SEEDLS,inputs_4x4_2,midpoint,0,single_sp_distinct,17
20260915_010612,C0+C0p+C3+FLOW+MTC+S11+WARM+PRE+K5+K7+FILT+MD+SEED+SEEDLS,inputs_4x4_2,midpoint,0,master_time_s,0.13386034965515137
20260915_010612,C0+C0p+C3+FLOW+MTC+S11+WARM+PRE+K5+K7+FILT+MD+SEED+SEEDLS,inputs_4x4_2,midpoint,0,sp_time_s,1128.8982553482056
20260915_010612,C0+C0p+C3+FLOW+MTC+S11+WARM+PRE+K5+K7+FILT+MD+SEED+SEEDLS,inputs_4x4_2,midpoint,0,master_time_share,0.0001185620389304972
20260915_010612,C0+C0p+C3+FLOW+MTC+S11+WARM+PRE+K5+K7+FILT+MD+SEED+SEEDLS,inputs_4x4_2,midpoint,0,sp_time_share,0.9998814379610695
20260915_010612,C0+C0p+C3+FLOW+MTC+S11+WARM+PRE+K5+K7+FILT+MD+SEED+SEEDLS,inputs_4x4_2,midpoint,0,t_to_gap_10pct,369.8910331726074
20260915_010612,C0+C0p+C3+FLOW+MTC+S11+WARM+PRE+K5+K7+FILT+MD+SEED+SEEDLS,inputs_4x4_2,midpoint,0,t_to_gap_5pct,653.7739067077637
20260915_010612,C0+C0p+C3+FLOW+MTC+S11+WARM+PRE+K5+K7+FILT+MD+SEED+SEEDLS,inputs_4x4_2,midpoint,0,t_to_gap_3pct,768.4251561164856
20260915_010612,C0+C0p+C3+FLOW+MTC+S11+WARM+PRE+K5+K7+FILT+MD+SEED+SEEDLS,inputs_4x4_2,midpoint,0,t_to_gap_1pct,1198.9185132980347
20260915_013613,C0+C0p+C3+FLOW+MTC+S11+WARM+PRE+K5+K7+FILT+MD+SEED+SEEDLS,inputs_4x4_3,midpoint,0,status,TIME_LIMIT
20260915_013613,C0+C0p+C3+FLOW+MTC+S11+WARM+PRE+K5+K7+FILT+MD+SEED+SEEDLS,inputs_4x4_3,midpoint,0,LB,345.6349207635623
20260915_013613,C0+C0p+C3+FLOW+MTC+S11+WARM+PRE+K5+K7+FILT+MD+SEED+SEEDLS,inputs_4x4_3,midpoint,0,UB,351.1210581535378
20260915_013613,C0+C0p+C3+FLOW+MTC+S11+WARM+PRE+K5+K7+FILT+MD+SEED+SEEDLS,inputs_4x4_3,midpoint,0,gap,0.015624632196159772
20260915_013613,C0+C0p+C3+FLOW+MTC+S11+WARM+PRE+K5+K7+FILT+MD+SEED+SEEDLS,inputs_4x4_3,midpoint,0,iterations,13
20260915_013613,C0+C0p+C3+FLOW+MTC+S11+WARM+PRE+K5+K7+FILT+MD+SEED+SEEDLS,inputs_4x4_3,midpoint,0,runtime_s,1800.0460422039032
20260915_013613,C0+C0p+C3+FLOW+MTC+S11+WARM+PRE+K5+K7+FILT+MD+SEED+SEEDLS,inputs_4x4_3,midpoint,0,wall_s,1800.046312570572
20260915_013613,C0+C0p+C3+FLOW+MTC+S11+WARM+PRE+K5+K7+FILT+MD+SEED+SEEDLS,inputs_4x4_3,midpoint,0,n_sp_calls,13
20260915_013613,C0+C0p+C3+FLOW+MTC+S11+WARM+PRE+K5+K7+FILT+MD+SEED+SEEDLS,inputs_4x4_3,midpoint,0,incumbent_value,345.6349207635623
20260915_013613,C0+C0p+C3+FLOW+MTC+S11+WARM+PRE+K5+K7+FILT+MD+SEED+SEEDLS,inputs_4x4_3,midpoint,0,certified,0
20260915_013613,C0+C0p+C3+FLOW+MTC+S11+WARM+PRE+K5+K7+FILT+MD+SEED+SEEDLS,inputs_4x4_3,midpoint,0,n_Nf,12
20260915_013613,C0+C0p+C3+FLOW+MTC+S11+WARM+PRE+K5+K7+FILT+MD+SEED+SEEDLS,inputs_4x4_3,midpoint,0,n_K,32
20260915_013613,C0+C0p+C3+FLOW+MTC+S11+WARM+PRE+K5+K7+FILT+MD+SEED+SEEDLS,inputs_4x4_3,midpoint,0,sp_engine,strong_resource
20260915_013613,C0+C0p+C3+FLOW+MTC+S11+WARM+PRE+K5+K7+FILT+MD+SEED+SEEDLS,inputs_4x4_3,midpoint,0,sp_mip_gap,0.0
20260915_013613,C0+C0p+C3+FLOW+MTC+S11+WARM+PRE+K5+K7+FILT+MD+SEED+SEEDLS,inputs_4x4_3,midpoint,0,sp_tighten,0
20260915_013613,C0+C0p+C3+FLOW+MTC+S11+WARM+PRE+K5+K7+FILT+MD+SEED+SEEDLS,inputs_4x4_3,midpoint,0,sp_tight_gap,0.0
20260915_013613,C0+C0p+C3+FLOW+MTC+S11+WARM+PRE+K5+K7+FILT+MD+SEED+SEEDLS,inputs_4x4_3,midpoint,0,seed_localsearch,1
20260915_013613,C0+C0p+C3+FLOW+MTC+S11+WARM+PRE+K5+K7+FILT+MD+SEED+SEEDLS,inputs_4x4_3,midpoint,0,seed_budget_s,120.0
20260915_013613,C0+C0p+C3+FLOW+MTC+S11+WARM+PRE+K5+K7+FILT+MD+SEED+SEEDLS,inputs_4x4_3,midpoint,0,bigm_threshold,18
20260915_013613,C0+C0p+C3+FLOW+MTC+S11+WARM+PRE+K5+K7+FILT+MD+SEED+SEEDLS,inputs_4x4_3,midpoint,0,bigm_margin,1.0
20260915_013613,C0+C0p+C3+FLOW+MTC+S11+WARM+PRE+K5+K7+FILT+MD+SEED+SEEDLS,inputs_4x4_3,midpoint,0,bigm_method,exact_dp
20260915_013613,C0+C0p+C3+FLOW+MTC+S11+WARM+PRE+K5+K7+FILT+MD+SEED+SEEDLS,inputs_4x4_3,midpoint,0,bigm_nodes_in_dp,12
20260915_013613,C0+C0p+C3+FLOW+MTC+S11+WARM+PRE+K5+K7+FILT+MD+SEED+SEEDLS,inputs_4x4_3,midpoint,0,bigm_dp_completed,True
20260915_013613,C0+C0p+C3+FLOW+MTC+S11+WARM+PRE+K5+K7+FILT+MD+SEED+SEEDLS,inputs_4x4_3,midpoint,0,M_d,85.3179583329078
20260915_013613,C0+C0p+C3+FLOW+MTC+S11+WARM+PRE+K5+K7+FILT+MD+SEED+SEEDLS,inputs_4x4_3,midpoint,0,ts_ub,44.973209316819975
20260915_013613,C0+C0p+C3+FLOW+MTC+S11+WARM+PRE+K5+K7+FILT+MD+SEED+SEEDLS,inputs_4x4_3,midpoint,0,te_ub,74.3179583329078
20260915_013613,C0+C0p+C3+FLOW+MTC+S11+WARM+PRE+K5+K7+FILT+MD+SEED+SEEDLS,inputs_4x4_3,midpoint,0,seed_LB,345.6340477523302
20260915_013613,C0+C0p+C3+FLOW+MTC+S11+WARM+PRE+K5+K7+FILT+MD+SEED+SEEDLS,inputs_4x4_3,midpoint,0,seed_time_s,87.30830311775208
20260915_013613,C0+C0p+C3+FLOW+MTC+S11+WARM+PRE+K5+K7+FILT+MD+SEED+SEEDLS,inputs_4x4_3,midpoint,0,seed_source,localsearch
20260915_013613,C0+C0p+C3+FLOW+MTC+S11+WARM+PRE+K5+K7+FILT+MD+SEED+SEEDLS,inputs_4x4_3,midpoint,0,spcall_OPTIMAL,4
20260915_013613,C0+C0p+C3+FLOW+MTC+S11+WARM+PRE+K5+K7+FILT+MD+SEED+SEEDLS,inputs_4x4_3,midpoint,0,spcall_INFEASIBLE_PROVEN,3
20260915_013613,C0+C0p+C3+FLOW+MTC+S11+WARM+PRE+K5+K7+FILT+MD+SEED+SEEDLS,inputs_4x4_3,midpoint,0,spcall_TIME_LIMIT_WITH_INCUMBENT,6
20260915_013613,C0+C0p+C3+FLOW+MTC+S11+WARM+PRE+K5+K7+FILT+MD+SEED+SEEDLS,inputs_4x4_3,midpoint,0,cut_singleton_infeasible,2
20260915_013613,C0+C0p+C3+FLOW+MTC+S11+WARM+PRE+K5+K7+FILT+MD+SEED+SEEDLS,inputs_4x4_3,midpoint,0,cut_cell_optimality,15
20260915_013613,C0+C0p+C3+FLOW+MTC+S11+WARM+PRE+K5+K7+FILT+MD+SEED+SEEDLS,inputs_4x4_3,midpoint,0,cut_conflict_infeasible,3
20260915_013613,C0+C0p+C3+FLOW+MTC+S11+WARM+PRE+K5+K7+FILT+MD+SEED+SEEDLS,inputs_4x4_3,midpoint,0,cut_dual_bound,5
20260915_013613,C0+C0p+C3+FLOW+MTC+S11+WARM+PRE+K5+K7+FILT+MD+SEED+SEEDLS,inputs_4x4_3,midpoint,0,cut_aggregate_optimality,3
20260915_013613,C0+C0p+C3+FLOW+MTC+S11+WARM+PRE+K5+K7+FILT+MD+SEED+SEEDLS,inputs_4x4_3,midpoint,0,singleton_cache_enabled,1
20260915_013613,C0+C0p+C3+FLOW+MTC+S11+WARM+PRE+K5+K7+FILT+MD+SEED+SEEDLS,inputs_4x4_3,midpoint,0,single_sp_requests,88
20260915_013613,C0+C0p+C3+FLOW+MTC+S11+WARM+PRE+K5+K7+FILT+MD+SEED+SEEDLS,inputs_4x4_3,midpoint,0,single_sp_solves,17
20260915_013613,C0+C0p+C3+FLOW+MTC+S11+WARM+PRE+K5+K7+FILT+MD+SEED+SEEDLS,inputs_4x4_3,midpoint,0,single_sp_cache_hits,71
20260915_013613,C0+C0p+C3+FLOW+MTC+S11+WARM+PRE+K5+K7+FILT+MD+SEED+SEEDLS,inputs_4x4_3,midpoint,0,single_sp_build_time_s,0.02155756950378418
20260915_013613,C0+C0p+C3+FLOW+MTC+S11+WARM+PRE+K5+K7+FILT+MD+SEED+SEEDLS,inputs_4x4_3,midpoint,0,single_sp_solve_time_s,0.03757119178771973
20260915_013613,C0+C0p+C3+FLOW+MTC+S11+WARM+PRE+K5+K7+FILT+MD+SEED+SEEDLS,inputs_4x4_3,midpoint,0,single_sp_time_s,0.059128761291503906
20260915_013613,C0+C0p+C3+FLOW+MTC+S11+WARM+PRE+K5+K7+FILT+MD+SEED+SEEDLS,inputs_4x4_3,midpoint,0,cache_lookup_time_s,0.00018648989498615265
20260915_013613,C0+C0p+C3+FLOW+MTC+S11+WARM+PRE+K5+K7+FILT+MD+SEED+SEEDLS,inputs_4x4_3,midpoint,0,est_prevented_solve_time_s,0.1865224838256836
20260915_013613,C0+C0p+C3+FLOW+MTC+S11+WARM+PRE+K5+K7+FILT+MD+SEED+SEEDLS,inputs_4x4_3,midpoint,0,single_sp_status_FEASIBLE_VERIFIED,15
20260915_013613,C0+C0p+C3+FLOW+MTC+S11+WARM+PRE+K5+K7+FILT+MD+SEED+SEEDLS,inputs_4x4_3,midpoint,0,single_sp_status_INFEASIBLE_PROVEN,2
20260915_013613,C0+C0p+C3+FLOW+MTC+S11+WARM+PRE+K5+K7+FILT+MD+SEED+SEEDLS,inputs_4x4_3,midpoint,0,single_sp_status_UNKNOWN,0
20260915_013613,C0+C0p+C3+FLOW+MTC+S11+WARM+PRE+K5+K7+FILT+MD+SEED+SEEDLS,inputs_4x4_3,midpoint,0,dup_cuts_prevented,0
20260915_013613,C0+C0p+C3+FLOW+MTC+S11+WARM+PRE+K5+K7+FILT+MD+SEED+SEEDLS,inputs_4x4_3,midpoint,0,single_sp_distinct,17
20260915_013613,C0+C0p+C3+FLOW+MTC+S11+WARM+PRE+K5+K7+FILT+MD+SEED+SEEDLS,inputs_4x4_3,midpoint,0,master_time_s,0.04042959213256836
20260915_013613,C0+C0p+C3+FLOW+MTC+S11+WARM+PRE+K5+K7+FILT+MD+SEED+SEEDLS,inputs_4x4_3,midpoint,0,sp_time_s,1642.5208101272583
20260915_013613,C0+C0p+C3+FLOW+MTC+S11+WARM+PRE+K5+K7+FILT+MD+SEED+SEEDLS,inputs_4x4_3,midpoint,0,master_time_share,2.4613750254739485e-05
20260915_013613,C0+C0p+C3+FLOW+MTC+S11+WARM+PRE+K5+K7+FILT+MD+SEED+SEEDLS,inputs_4x4_3,midpoint,0,sp_time_share,0.9999753862497452
20260915_013613,C0+C0p+C3+FLOW+MTC+S11+WARM+PRE+K5+K7+FILT+MD+SEED+SEEDLS,inputs_4x4_3,midpoint,0,t_to_gap_10pct,126.26528525352478
20260915_013613,C0+C0p+C3+FLOW+MTC+S11+WARM+PRE+K5+K7+FILT+MD+SEED+SEEDLS,inputs_4x4_3,midpoint,0,t_to_gap_5pct,864.6546943187714
20260915_013613,C0+C0p+C3+FLOW+MTC+S11+WARM+PRE+K5+K7+FILT+MD+SEED+SEEDLS,inputs_4x4_3,midpoint,0,t_to_gap_3pct,1800.046035528183
20260915_013613,C0+C0p+C3+FLOW+MTC+S11+WARM+PRE+K5+K7+FILT+MD+SEED+SEEDLS,inputs_4x4_3,midpoint,0,t_to_gap_1pct,
20260915_014746,C0+C0p+C3+FLOW+MTC+S11+WARM+PRE+K5+K7+FILT+MD+SEED+SEEDLS,inputs_4x4_4,midpoint,0,status,OPTIMAL
20260915_014746,C0+C0p+C3+FLOW+MTC+S11+WARM+PRE+K5+K7+FILT+MD+SEED+SEEDLS,inputs_4x4_4,midpoint,0,LB,552.620563936684
20260915_014746,C0+C0p+C3+FLOW+MTC+S11+WARM+PRE+K5+K7+FILT+MD+SEED+SEEDLS,inputs_4x4_4,midpoint,0,UB,552.6205639366835
20260915_014746,C0+C0p+C3+FLOW+MTC+S11+WARM+PRE+K5+K7+FILT+MD+SEED+SEEDLS,inputs_4x4_4,midpoint,0,gap,-8.22892560578992e-16
20260915_014746,C0+C0p+C3+FLOW+MTC+S11+WARM+PRE+K5+K7+FILT+MD+SEED+SEEDLS,inputs_4x4_4,midpoint,0,iterations,5
20260915_014746,C0+C0p+C3+FLOW+MTC+S11+WARM+PRE+K5+K7+FILT+MD+SEED+SEEDLS,inputs_4x4_4,midpoint,0,runtime_s,692.2553582191467
20260915_014746,C0+C0p+C3+FLOW+MTC+S11+WARM+PRE+K5+K7+FILT+MD+SEED+SEEDLS,inputs_4x4_4,midpoint,0,wall_s,692.2555854320526
20260915_014746,C0+C0p+C3+FLOW+MTC+S11+WARM+PRE+K5+K7+FILT+MD+SEED+SEEDLS,inputs_4x4_4,midpoint,0,n_sp_calls,5
20260915_014746,C0+C0p+C3+FLOW+MTC+S11+WARM+PRE+K5+K7+FILT+MD+SEED+SEEDLS,inputs_4x4_4,midpoint,0,incumbent_value,552.620563936684
20260915_014746,C0+C0p+C3+FLOW+MTC+S11+WARM+PRE+K5+K7+FILT+MD+SEED+SEEDLS,inputs_4x4_4,midpoint,0,certified,1
20260915_014746,C0+C0p+C3+FLOW+MTC+S11+WARM+PRE+K5+K7+FILT+MD+SEED+SEEDLS,inputs_4x4_4,midpoint,0,n_Nf,13
20260915_014746,C0+C0p+C3+FLOW+MTC+S11+WARM+PRE+K5+K7+FILT+MD+SEED+SEEDLS,inputs_4x4_4,midpoint,0,n_K,32
20260915_014746,C0+C0p+C3+FLOW+MTC+S11+WARM+PRE+K5+K7+FILT+MD+SEED+SEEDLS,inputs_4x4_4,midpoint,0,sp_engine,strong_resource
20260915_014746,C0+C0p+C3+FLOW+MTC+S11+WARM+PRE+K5+K7+FILT+MD+SEED+SEEDLS,inputs_4x4_4,midpoint,0,sp_mip_gap,0.0
20260915_014746,C0+C0p+C3+FLOW+MTC+S11+WARM+PRE+K5+K7+FILT+MD+SEED+SEEDLS,inputs_4x4_4,midpoint,0,sp_tighten,0
20260915_014746,C0+C0p+C3+FLOW+MTC+S11+WARM+PRE+K5+K7+FILT+MD+SEED+SEEDLS,inputs_4x4_4,midpoint,0,sp_tight_gap,0.0
20260915_014746,C0+C0p+C3+FLOW+MTC+S11+WARM+PRE+K5+K7+FILT+MD+SEED+SEEDLS,inputs_4x4_4,midpoint,0,seed_localsearch,1
20260915_014746,C0+C0p+C3+FLOW+MTC+S11+WARM+PRE+K5+K7+FILT+MD+SEED+SEEDLS,inputs_4x4_4,midpoint,0,seed_budget_s,120.0
20260915_014746,C0+C0p+C3+FLOW+MTC+S11+WARM+PRE+K5+K7+FILT+MD+SEED+SEEDLS,inputs_4x4_4,midpoint,0,bigm_threshold,18
20260915_014746,C0+C0p+C3+FLOW+MTC+S11+WARM+PRE+K5+K7+FILT+MD+SEED+SEEDLS,inputs_4x4_4,midpoint,0,bigm_margin,1.0
20260915_014746,C0+C0p+C3+FLOW+MTC+S11+WARM+PRE+K5+K7+FILT+MD+SEED+SEEDLS,inputs_4x4_4,midpoint,0,bigm_method,exact_dp
20260915_014746,C0+C0p+C3+FLOW+MTC+S11+WARM+PRE+K5+K7+FILT+MD+SEED+SEEDLS,inputs_4x4_4,midpoint,0,bigm_nodes_in_dp,13
20260915_014746,C0+C0p+C3+FLOW+MTC+S11+WARM+PRE+K5+K7+FILT+MD+SEED+SEEDLS,inputs_4x4_4,midpoint,0,bigm_dp_completed,True
20260915_014746,C0+C0p+C3+FLOW+MTC+S11+WARM+PRE+K5+K7+FILT+MD+SEED+SEEDLS,inputs_4x4_4,midpoint,0,M_d,105.71477534886262
20260915_014746,C0+C0p+C3+FLOW+MTC+S11+WARM+PRE+K5+K7+FILT+MD+SEED+SEEDLS,inputs_4x4_4,midpoint,0,ts_ub,65.3700263327748
20260915_014746,C0+C0p+C3+FLOW+MTC+S11+WARM+PRE+K5+K7+FILT+MD+SEED+SEEDLS,inputs_4x4_4,midpoint,0,te_ub,94.71477534886262
20260915_014746,C0+C0p+C3+FLOW+MTC+S11+WARM+PRE+K5+K7+FILT+MD+SEED+SEEDLS,inputs_4x4_4,midpoint,0,seed_LB,552.6205639366839
20260915_014746,C0+C0p+C3+FLOW+MTC+S11+WARM+PRE+K5+K7+FILT+MD+SEED+SEEDLS,inputs_4x4_4,midpoint,0,seed_time_s,61.484445095062256
20260915_014746,C0+C0p+C3+FLOW+MTC+S11+WARM+PRE+K5+K7+FILT+MD+SEED+SEEDLS,inputs_4x4_4,midpoint,0,seed_source,containment
20260915_014746,C0+C0p+C3+FLOW+MTC+S11+WARM+PRE+K5+K7+FILT+MD+SEED+SEEDLS,inputs_4x4_4,midpoint,0,spcall_OPTIMAL,1
20260915_014746,C0+C0p+C3+FLOW+MTC+S11+WARM+PRE+K5+K7+FILT+MD+SEED+SEEDLS,inputs_4x4_4,midpoint,0,spcall_TIME_LIMIT_WITH_INCUMBENT,4
20260915_014746,C0+C0p+C3+FLOW+MTC+S11+WARM+PRE+K5+K7+FILT+MD+SEED+SEEDLS,inputs_4x4_4,midpoint,0,cut_singleton_infeasible,1
20260915_014746,C0+C0p+C3+FLOW+MTC+S11+WARM+PRE+K5+K7+FILT+MD+SEED+SEEDLS,inputs_4x4_4,midpoint,0,cut_cell_optimality,12
20260915_014746,C0+C0p+C3+FLOW+MTC+S11+WARM+PRE+K5+K7+FILT+MD+SEED+SEEDLS,inputs_4x4_4,midpoint,0,cut_aggregate_optimality,1
20260915_014746,C0+C0p+C3+FLOW+MTC+S11+WARM+PRE+K5+K7+FILT+MD+SEED+SEEDLS,inputs_4x4_4,midpoint,0,cut_dual_bound,2
20260915_014746,C0+C0p+C3+FLOW+MTC+S11+WARM+PRE+K5+K7+FILT+MD+SEED+SEEDLS,inputs_4x4_4,midpoint,0,singleton_cache_enabled,1
20260915_014746,C0+C0p+C3+FLOW+MTC+S11+WARM+PRE+K5+K7+FILT+MD+SEED+SEEDLS,inputs_4x4_4,midpoint,0,single_sp_requests,15
20260915_014746,C0+C0p+C3+FLOW+MTC+S11+WARM+PRE+K5+K7+FILT+MD+SEED+SEEDLS,inputs_4x4_4,midpoint,0,single_sp_solves,11
20260915_014746,C0+C0p+C3+FLOW+MTC+S11+WARM+PRE+K5+K7+FILT+MD+SEED+SEEDLS,inputs_4x4_4,midpoint,0,single_sp_cache_hits,4
20260915_014746,C0+C0p+C3+FLOW+MTC+S11+WARM+PRE+K5+K7+FILT+MD+SEED+SEEDLS,inputs_4x4_4,midpoint,0,single_sp_build_time_s,0.013873100280761719
20260915_014746,C0+C0p+C3+FLOW+MTC+S11+WARM+PRE+K5+K7+FILT+MD+SEED+SEEDLS,inputs_4x4_4,midpoint,0,single_sp_solve_time_s,0.020363330841064453
20260915_014746,C0+C0p+C3+FLOW+MTC+S11+WARM+PRE+K5+K7+FILT+MD+SEED+SEEDLS,inputs_4x4_4,midpoint,0,single_sp_time_s,0.03423643112182617
20260915_014746,C0+C0p+C3+FLOW+MTC+S11+WARM+PRE+K5+K7+FILT+MD+SEED+SEEDLS,inputs_4x4_4,midpoint,0,cache_lookup_time_s,4.897359758615494e-05
20260915_014746,C0+C0p+C3+FLOW+MTC+S11+WARM+PRE+K5+K7+FILT+MD+SEED+SEEDLS,inputs_4x4_4,midpoint,0,est_prevented_solve_time_s,0.021758556365966797
20260915_014746,C0+C0p+C3+FLOW+MTC+S11+WARM+PRE+K5+K7+FILT+MD+SEED+SEEDLS,inputs_4x4_4,midpoint,0,single_sp_status_FEASIBLE_VERIFIED,10
20260915_014746,C0+C0p+C3+FLOW+MTC+S11+WARM+PRE+K5+K7+FILT+MD+SEED+SEEDLS,inputs_4x4_4,midpoint,0,single_sp_status_INFEASIBLE_PROVEN,1
20260915_014746,C0+C0p+C3+FLOW+MTC+S11+WARM+PRE+K5+K7+FILT+MD+SEED+SEEDLS,inputs_4x4_4,midpoint,0,single_sp_status_UNKNOWN,0
20260915_014746,C0+C0p+C3+FLOW+MTC+S11+WARM+PRE+K5+K7+FILT+MD+SEED+SEEDLS,inputs_4x4_4,midpoint,0,dup_cuts_prevented,0
20260915_014746,C0+C0p+C3+FLOW+MTC+S11+WARM+PRE+K5+K7+FILT+MD+SEED+SEEDLS,inputs_4x4_4,midpoint,0,single_sp_distinct,11
20260915_014746,C0+C0p+C3+FLOW+MTC+S11+WARM+PRE+K5+K7+FILT+MD+SEED+SEEDLS,inputs_4x4_4,midpoint,0,master_time_s,0.026711702346801758
20260915_014746,C0+C0p+C3+FLOW+MTC+S11+WARM+PRE+K5+K7+FILT+MD+SEED+SEEDLS,inputs_4x4_4,midpoint,0,sp_time_s,630.4600894451141
20260915_014746,C0+C0p+C3+FLOW+MTC+S11+WARM+PRE+K5+K7+FILT+MD+SEED+SEEDLS,inputs_4x4_4,midpoint,0,master_time_share,4.236679070551123e-05
20260915_014746,C0+C0p+C3+FLOW+MTC+S11+WARM+PRE+K5+K7+FILT+MD+SEED+SEEDLS,inputs_4x4_4,midpoint,0,sp_time_share,0.9999576332092945
20260915_014746,C0+C0p+C3+FLOW+MTC+S11+WARM+PRE+K5+K7+FILT+MD+SEED+SEEDLS,inputs_4x4_4,midpoint,0,t_to_gap_10pct,61.4855797290802
20260915_014746,C0+C0p+C3+FLOW+MTC+S11+WARM+PRE+K5+K7+FILT+MD+SEED+SEEDLS,inputs_4x4_4,midpoint,0,t_to_gap_5pct,392.1629557609558
20260915_014746,C0+C0p+C3+FLOW+MTC+S11+WARM+PRE+K5+K7+FILT+MD+SEED+SEEDLS,inputs_4x4_4,midpoint,0,t_to_gap_3pct,692.2466654777527
20260915_014746,C0+C0p+C3+FLOW+MTC+S11+WARM+PRE+K5+K7+FILT+MD+SEED+SEEDLS,inputs_4x4_4,midpoint,0,t_to_gap_1pct,692.2553532123566
20260915_021747,C0+C0p+C3+FLOW+MTC+S11+WARM+PRE+K5+K7+FILT+MD+SEED+SEEDLS,inputs_5x5,midpoint,0,status,TIME_LIMIT
20260915_021747,C0+C0p+C3+FLOW+MTC+S11+WARM+PRE+K5+K7+FILT+MD+SEED+SEEDLS,inputs_5x5,midpoint,0,LB,1345.094235520457
20260915_021747,C0+C0p+C3+FLOW+MTC+S11+WARM+PRE+K5+K7+FILT+MD+SEED+SEEDLS,inputs_5x5,midpoint,0,UB,1355.9572820027433
20260915_021747,C0+C0p+C3+FLOW+MTC+S11+WARM+PRE+K5+K7+FILT+MD+SEED+SEEDLS,inputs_5x5,midpoint,0,gap,0.008011348606972087
20260915_021747,C0+C0p+C3+FLOW+MTC+S11+WARM+PRE+K5+K7+FILT+MD+SEED+SEEDLS,inputs_5x5,midpoint,0,iterations,7
20260915_021747,C0+C0p+C3+FLOW+MTC+S11+WARM+PRE+K5+K7+FILT+MD+SEED+SEEDLS,inputs_5x5,midpoint,0,runtime_s,1800.0700092315674
20260915_021747,C0+C0p+C3+FLOW+MTC+S11+WARM+PRE+K5+K7+FILT+MD+SEED+SEEDLS,inputs_5x5,midpoint,0,wall_s,1800.0709202289581
20260915_021747,C0+C0p+C3+FLOW+MTC+S11+WARM+PRE+K5+K7+FILT+MD+SEED+SEEDLS,inputs_5x5,midpoint,0,n_sp_calls,8
20260915_021747,C0+C0p+C3+FLOW+MTC+S11+WARM+PRE+K5+K7+FILT+MD+SEED+SEEDLS,inputs_5x5,midpoint,0,incumbent_value,1345.094235520457
20260915_021747,C0+C0p+C3+FLOW+MTC+S11+WARM+PRE+K5+K7+FILT+MD+SEED+SEEDLS,inputs_5x5,midpoint,0,certified,0
20260915_021747,C0+C0p+C3+FLOW+MTC+S11+WARM+PRE+K5+K7+FILT+MD+SEED+SEEDLS,inputs_5x5,midpoint,0,n_Nf,22
20260915_021747,C0+C0p+C3+FLOW+MTC+S11+WARM+PRE+K5+K7+FILT+MD+SEED+SEEDLS,inputs_5x5,midpoint,0,n_K,150
20260915_021747,C0+C0p+C3+FLOW+MTC+S11+WARM+PRE+K5+K7+FILT+MD+SEED+SEEDLS,inputs_5x5,midpoint,0,sp_engine,strong_resource
20260915_021747,C0+C0p+C3+FLOW+MTC+S11+WARM+PRE+K5+K7+FILT+MD+SEED+SEEDLS,inputs_5x5,midpoint,0,sp_mip_gap,0.0
20260915_021747,C0+C0p+C3+FLOW+MTC+S11+WARM+PRE+K5+K7+FILT+MD+SEED+SEEDLS,inputs_5x5,midpoint,0,sp_tighten,0
20260915_021747,C0+C0p+C3+FLOW+MTC+S11+WARM+PRE+K5+K7+FILT+MD+SEED+SEEDLS,inputs_5x5,midpoint,0,sp_tight_gap,0.0
20260915_021747,C0+C0p+C3+FLOW+MTC+S11+WARM+PRE+K5+K7+FILT+MD+SEED+SEEDLS,inputs_5x5,midpoint,0,seed_localsearch,1
20260915_021747,C0+C0p+C3+FLOW+MTC+S11+WARM+PRE+K5+K7+FILT+MD+SEED+SEEDLS,inputs_5x5,midpoint,0,seed_budget_s,120.0
20260915_021747,C0+C0p+C3+FLOW+MTC+S11+WARM+PRE+K5+K7+FILT+MD+SEED+SEEDLS,inputs_5x5,midpoint,0,bigm_threshold,18
20260915_021747,C0+C0p+C3+FLOW+MTC+S11+WARM+PRE+K5+K7+FILT+MD+SEED+SEEDLS,inputs_5x5,midpoint,0,bigm_margin,1.0
20260915_021747,C0+C0p+C3+FLOW+MTC+S11+WARM+PRE+K5+K7+FILT+MD+SEED+SEEDLS,inputs_5x5,midpoint,0,bigm_method,global_sum
20260915_021747,C0+C0p+C3+FLOW+MTC+S11+WARM+PRE+K5+K7+FILT+MD+SEED+SEEDLS,inputs_5x5,midpoint,0,bigm_nodes_in_dp,0
20260915_021747,C0+C0p+C3+FLOW+MTC+S11+WARM+PRE+K5+K7+FILT+MD+SEED+SEEDLS,inputs_5x5,midpoint,0,bigm_dp_completed,False
20260915_021747,C0+C0p+C3+FLOW+MTC+S11+WARM+PRE+K5+K7+FILT+MD+SEED+SEEDLS,inputs_5x5,midpoint,0,M_d,220.11742592586324
20260915_021747,C0+C0p+C3+FLOW+MTC+S11+WARM+PRE+K5+K7+FILT+MD+SEED+SEEDLS,inputs_5x5,midpoint,0,ts_ub,177.7726769097754
20260915_021747,C0+C0p+C3+FLOW+MTC+S11+WARM+PRE+K5+K7+FILT+MD+SEED+SEEDLS,inputs_5x5,midpoint,0,te_ub,207.11742592586324
20260915_021747,C0+C0p+C3+FLOW+MTC+S11+WARM+PRE+K5+K7+FILT+MD+SEED+SEEDLS,inputs_5x5,midpoint,0,seed_LB,1345.094235520457
20260915_021747,C0+C0p+C3+FLOW+MTC+S11+WARM+PRE+K5+K7+FILT+MD+SEED+SEEDLS,inputs_5x5,midpoint,0,seed_time_s,120.03563952445984
20260915_021747,C0+C0p+C3+FLOW+MTC+S11+WARM+PRE+K5+K7+FILT+MD+SEED+SEEDLS,inputs_5x5,midpoint,0,seed_source,containment
20260915_021747,C0+C0p+C3+FLOW+MTC+S11+WARM+PRE+K5+K7+FILT+MD+SEED+SEEDLS,inputs_5x5,midpoint,0,spcall_OPTIMAL,1
20260915_021747,C0+C0p+C3+FLOW+MTC+S11+WARM+PRE+K5+K7+FILT+MD+SEED+SEEDLS,inputs_5x5,midpoint,0,spcall_TIME_LIMIT_WITH_INCUMBENT,7
20260915_021747,C0+C0p+C3+FLOW+MTC+S11+WARM+PRE+K5+K7+FILT+MD+SEED+SEEDLS,inputs_5x5,midpoint,0,cut_singleton_infeasible,1
20260915_021747,C0+C0p+C3+FLOW+MTC+S11+WARM+PRE+K5+K7+FILT+MD+SEED+SEEDLS,inputs_5x5,midpoint,0,cut_cell_optimality,54
20260915_021747,C0+C0p+C3+FLOW+MTC+S11+WARM+PRE+K5+K7+FILT+MD+SEED+SEEDLS,inputs_5x5,midpoint,0,cut_dual_bound,6
20260915_021747,C0+C0p+C3+FLOW+MTC+S11+WARM+PRE+K5+K7+FILT+MD+SEED+SEEDLS,inputs_5x5,midpoint,0,singleton_cache_enabled,1
20260915_021747,C0+C0p+C3+FLOW+MTC+S11+WARM+PRE+K5+K7+FILT+MD+SEED+SEEDLS,inputs_5x5,midpoint,0,single_sp_requests,77
20260915_021747,C0+C0p+C3+FLOW+MTC+S11+WARM+PRE+K5+K7+FILT+MD+SEED+SEEDLS,inputs_5x5,midpoint,0,single_sp_solves,59
20260915_021747,C0+C0p+C3+FLOW+MTC+S11+WARM+PRE+K5+K7+FILT+MD+SEED+SEEDLS,inputs_5x5,midpoint,0,single_sp_cache_hits,18
20260915_021747,C0+C0p+C3+FLOW+MTC+S11+WARM+PRE+K5+K7+FILT+MD+SEED+SEEDLS,inputs_5x5,midpoint,0,single_sp_build_time_s,0.3557298183441162
20260915_021747,C0+C0p+C3+FLOW+MTC+S11+WARM+PRE+K5+K7+FILT+MD+SEED+SEEDLS,inputs_5x5,midpoint,0,single_sp_solve_time_s,0.3147099018096924
20260915_021747,C0+C0p+C3+FLOW+MTC+S11+WARM+PRE+K5+K7+FILT+MD+SEED+SEEDLS,inputs_5x5,midpoint,0,single_sp_time_s,0.6704397201538086
20260915_021747,C0+C0p+C3+FLOW+MTC+S11+WARM+PRE+K5+K7+FILT+MD+SEED+SEEDLS,inputs_5x5,midpoint,0,cache_lookup_time_s,0.0003592781722545624
20260915_021747,C0+C0p+C3+FLOW+MTC+S11+WARM+PRE+K5+K7+FILT+MD+SEED+SEEDLS,inputs_5x5,midpoint,0,est_prevented_solve_time_s,0.5400660037994385
20260915_021747,C0+C0p+C3+FLOW+MTC+S11+WARM+PRE+K5+K7+FILT+MD+SEED+SEEDLS,inputs_5x5,midpoint,0,single_sp_status_FEASIBLE_VERIFIED,58
20260915_021747,C0+C0p+C3+FLOW+MTC+S11+WARM+PRE+K5+K7+FILT+MD+SEED+SEEDLS,inputs_5x5,midpoint,0,single_sp_status_INFEASIBLE_PROVEN,1
20260915_021747,C0+C0p+C3+FLOW+MTC+S11+WARM+PRE+K5+K7+FILT+MD+SEED+SEEDLS,inputs_5x5,midpoint,0,single_sp_status_UNKNOWN,0
20260915_021747,C0+C0p+C3+FLOW+MTC+S11+WARM+PRE+K5+K7+FILT+MD+SEED+SEEDLS,inputs_5x5,midpoint,0,dup_cuts_prevented,0
20260915_021747,C0+C0p+C3+FLOW+MTC+S11+WARM+PRE+K5+K7+FILT+MD+SEED+SEEDLS,inputs_5x5,midpoint,0,single_sp_distinct,59
20260915_021747,C0+C0p+C3+FLOW+MTC+S11+WARM+PRE+K5+K7+FILT+MD+SEED+SEEDLS,inputs_5x5,midpoint,0,master_time_s,0.3268725872039795
20260915_021747,C0+C0p+C3+FLOW+MTC+S11+WARM+PRE+K5+K7+FILT+MD+SEED+SEEDLS,inputs_5x5,midpoint,0,sp_time_s,1678.6394650936127
20260915_021747,C0+C0p+C3+FLOW+MTC+S11+WARM+PRE+K5+K7+FILT+MD+SEED+SEEDLS,inputs_5x5,midpoint,0,master_time_share,0.0001946868021520276
20260915_021747,C0+C0p+C3+FLOW+MTC+S11+WARM+PRE+K5+K7+FILT+MD+SEED+SEEDLS,inputs_5x5,midpoint,0,sp_time_share,0.9998053131978479
20260915_021747,C0+C0p+C3+FLOW+MTC+S11+WARM+PRE+K5+K7+FILT+MD+SEED+SEEDLS,inputs_5x5,midpoint,0,t_to_gap_10pct,120.04102826118469
20260915_021747,C0+C0p+C3+FLOW+MTC+S11+WARM+PRE+K5+K7+FILT+MD+SEED+SEEDLS,inputs_5x5,midpoint,0,t_to_gap_5pct,120.04102826118469
20260915_021747,C0+C0p+C3+FLOW+MTC+S11+WARM+PRE+K5+K7+FILT+MD+SEED+SEEDLS,inputs_5x5,midpoint,0,t_to_gap_3pct,420.27281522750854
20260915_021747,C0+C0p+C3+FLOW+MTC+S11+WARM+PRE+K5+K7+FILT+MD+SEED+SEEDLS,inputs_5x5,midpoint,0,t_to_gap_1pct,1621.1442122459412
20260915_022737,C0+C0p+C3+FLOW+MTC+S11+WARM+PRE+K5+K7+FILT+MD+SEED+SEEDLS,inputs_6x6_2,midpoint,0,status,TIME_LIMIT
20260915_022737,C0+C0p+C3+FLOW+MTC+S11+WARM+PRE+K5+K7+FILT+MD+SEED+SEEDLS,inputs_6x6_2,midpoint,0,LB,1748.0343004947797
20260915_022737,C0+C0p+C3+FLOW+MTC+S11+WARM+PRE+K5+K7+FILT+MD+SEED+SEEDLS,inputs_6x6_2,midpoint,0,UB,1768.8357143732737
20260915_022737,C0+C0p+C3+FLOW+MTC+S11+WARM+PRE+K5+K7+FILT+MD+SEED+SEEDLS,inputs_6x6_2,midpoint,0,gap,0.011759946788424215
20260915_022737,C0+C0p+C3+FLOW+MTC+S11+WARM+PRE+K5+K7+FILT+MD+SEED+SEEDLS,inputs_6x6_2,midpoint,0,iterations,34
20260915_022737,C0+C0p+C3+FLOW+MTC+S11+WARM+PRE+K5+K7+FILT+MD+SEED+SEEDLS,inputs_6x6_2,midpoint,0,runtime_s,1800.039855003357
20260915_022737,C0+C0p+C3+FLOW+MTC+S11+WARM+PRE+K5+K7+FILT+MD+SEED+SEEDLS,inputs_6x6_2,midpoint,0,wall_s,1800.0416460037231
20260915_022737,C0+C0p+C3+FLOW+MTC+S11+WARM+PRE+K5+K7+FILT+MD+SEED+SEEDLS,inputs_6x6_2,midpoint,0,n_sp_calls,8
20260915_022737,C0+C0p+C3+FLOW+MTC+S11+WARM+PRE+K5+K7+FILT+MD+SEED+SEEDLS,inputs_6x6_2,midpoint,0,incumbent_value,1748.0343004947797
20260915_022737,C0+C0p+C3+FLOW+MTC+S11+WARM+PRE+K5+K7+FILT+MD+SEED+SEEDLS,inputs_6x6_2,midpoint,0,certified,0
20260915_022737,C0+C0p+C3+FLOW+MTC+S11+WARM+PRE+K5+K7+FILT+MD+SEED+SEEDLS,inputs_6x6_2,midpoint,0,n_Nf,31
20260915_022737,C0+C0p+C3+FLOW+MTC+S11+WARM+PRE+K5+K7+FILT+MD+SEED+SEEDLS,inputs_6x6_2,midpoint,0,n_K,225
20260915_022737,C0+C0p+C3+FLOW+MTC+S11+WARM+PRE+K5+K7+FILT+MD+SEED+SEEDLS,inputs_6x6_2,midpoint,0,sp_engine,strong_resource
20260915_022737,C0+C0p+C3+FLOW+MTC+S11+WARM+PRE+K5+K7+FILT+MD+SEED+SEEDLS,inputs_6x6_2,midpoint,0,sp_mip_gap,0.0
20260915_022737,C0+C0p+C3+FLOW+MTC+S11+WARM+PRE+K5+K7+FILT+MD+SEED+SEEDLS,inputs_6x6_2,midpoint,0,sp_tighten,0
20260915_022737,C0+C0p+C3+FLOW+MTC+S11+WARM+PRE+K5+K7+FILT+MD+SEED+SEEDLS,inputs_6x6_2,midpoint,0,sp_tight_gap,0.0
20260915_022737,C0+C0p+C3+FLOW+MTC+S11+WARM+PRE+K5+K7+FILT+MD+SEED+SEEDLS,inputs_6x6_2,midpoint,0,seed_localsearch,1
20260915_022737,C0+C0p+C3+FLOW+MTC+S11+WARM+PRE+K5+K7+FILT+MD+SEED+SEEDLS,inputs_6x6_2,midpoint,0,seed_budget_s,120.0
20260915_022737,C0+C0p+C3+FLOW+MTC+S11+WARM+PRE+K5+K7+FILT+MD+SEED+SEEDLS,inputs_6x6_2,midpoint,0,bigm_threshold,18
20260915_022737,C0+C0p+C3+FLOW+MTC+S11+WARM+PRE+K5+K7+FILT+MD+SEED+SEEDLS,inputs_6x6_2,midpoint,0,bigm_margin,1.0
20260915_022737,C0+C0p+C3+FLOW+MTC+S11+WARM+PRE+K5+K7+FILT+MD+SEED+SEEDLS,inputs_6x6_2,midpoint,0,bigm_method,global_sum
20260915_022737,C0+C0p+C3+FLOW+MTC+S11+WARM+PRE+K5+K7+FILT+MD+SEED+SEEDLS,inputs_6x6_2,midpoint,0,bigm_nodes_in_dp,0
20260915_022737,C0+C0p+C3+FLOW+MTC+S11+WARM+PRE+K5+K7+FILT+MD+SEED+SEEDLS,inputs_6x6_2,midpoint,0,bigm_dp_completed,False
20260915_022737,C0+C0p+C3+FLOW+MTC+S11+WARM+PRE+K5+K7+FILT+MD+SEED+SEEDLS,inputs_6x6_2,midpoint,0,M_d,240.3976017717033
20260915_022737,C0+C0p+C3+FLOW+MTC+S11+WARM+PRE+K5+K7+FILT+MD+SEED+SEEDLS,inputs_6x6_2,midpoint,0,ts_ub,196.05285275561548
20260915_022737,C0+C0p+C3+FLOW+MTC+S11+WARM+PRE+K5+K7+FILT+MD+SEED+SEEDLS,inputs_6x6_2,midpoint,0,te_ub,225.3976017717033
20260915_022737,C0+C0p+C3+FLOW+MTC+S11+WARM+PRE+K5+K7+FILT+MD+SEED+SEEDLS,inputs_6x6_2,midpoint,0,seed_LB,1746.1381904426253
20260915_022737,C0+C0p+C3+FLOW+MTC+S11+WARM+PRE+K5+K7+FILT+MD+SEED+SEEDLS,inputs_6x6_2,midpoint,0,seed_time_s,120.04233431816101
20260915_022737,C0+C0p+C3+FLOW+MTC+S11+WARM+PRE+K5+K7+FILT+MD+SEED+SEEDLS,inputs_6x6_2,midpoint,0,seed_source,localsearch
20260915_022737,C0+C0p+C3+FLOW+MTC+S11+WARM+PRE+K5+K7+FILT+MD+SEED+SEEDLS,inputs_6x6_2,midpoint,0,spcall_OPTIMAL,1
20260915_022737,C0+C0p+C3+FLOW+MTC+S11+WARM+PRE+K5+K7+FILT+MD+SEED+SEEDLS,inputs_6x6_2,midpoint,0,spcall_TIME_LIMIT_WITH_INCUMBENT,7
20260915_022737,C0+C0p+C3+FLOW+MTC+S11+WARM+PRE+K5+K7+FILT+MD+SEED+SEEDLS,inputs_6x6_2,midpoint,0,cut_singleton_infeasible,30
20260915_022737,C0+C0p+C3+FLOW+MTC+S11+WARM+PRE+K5+K7+FILT+MD+SEED+SEEDLS,inputs_6x6_2,midpoint,0,cut_cell_optimality,50
20260915_022737,C0+C0p+C3+FLOW+MTC+S11+WARM+PRE+K5+K7+FILT+MD+SEED+SEEDLS,inputs_6x6_2,midpoint,0,cut_dual_bound,6
20260915_022737,C0+C0p+C3+FLOW+MTC+S11+WARM+PRE+K5+K7+FILT+MD+SEED+SEEDLS,inputs_6x6_2,midpoint,0,singleton_cache_enabled,1
20260915_022737,C0+C0p+C3+FLOW+MTC+S11+WARM+PRE+K5+K7+FILT+MD+SEED+SEEDLS,inputs_6x6_2,midpoint,0,single_sp_requests,606
20260915_022737,C0+C0p+C3+FLOW+MTC+S11+WARM+PRE+K5+K7+FILT+MD+SEED+SEEDLS,inputs_6x6_2,midpoint,0,single_sp_solves,252
20260915_022737,C0+C0p+C3+FLOW+MTC+S11+WARM+PRE+K5+K7+FILT+MD+SEED+SEEDLS,inputs_6x6_2,midpoint,0,single_sp_cache_hits,354
20260915_022737,C0+C0p+C3+FLOW+MTC+S11+WARM+PRE+K5+K7+FILT+MD+SEED+SEEDLS,inputs_6x6_2,midpoint,0,single_sp_build_time_s,2.1453893184661865
20260915_022737,C0+C0p+C3+FLOW+MTC+S11+WARM+PRE+K5+K7+FILT+MD+SEED+SEEDLS,inputs_6x6_2,midpoint,0,single_sp_solve_time_s,2.821108102798462
20260915_022737,C0+C0p+C3+FLOW+MTC+S11+WARM+PRE+K5+K7+FILT+MD+SEED+SEEDLS,inputs_6x6_2,midpoint,0,single_sp_time_s,4.966497421264648
20260915_022737,C0+C0p+C3+FLOW+MTC+S11+WARM+PRE+K5+K7+FILT+MD+SEED+SEEDLS,inputs_6x6_2,midpoint,0,cache_lookup_time_s,0.001843971200287342
20260915_022737,C0+C0p+C3+FLOW+MTC+S11+WARM+PRE+K5+K7+FILT+MD+SEED+SEEDLS,inputs_6x6_2,midpoint,0,est_prevented_solve_time_s,11.76339864730835
20260915_022737,C0+C0p+C3+FLOW+MTC+S11+WARM+PRE+K5+K7+FILT+MD+SEED+SEEDLS,inputs_6x6_2,midpoint,0,single_sp_status_FEASIBLE_VERIFIED,249
20260915_022737,C0+C0p+C3+FLOW+MTC+S11+WARM+PRE+K5+K7+FILT+MD+SEED+SEEDLS,inputs_6x6_2,midpoint,0,single_sp_status_INFEASIBLE_PROVEN,3
20260915_022737,C0+C0p+C3+FLOW+MTC+S11+WARM+PRE+K5+K7+FILT+MD+SEED+SEEDLS,inputs_6x6_2,midpoint,0,single_sp_status_UNKNOWN,0
20260915_022737,C0+C0p+C3+FLOW+MTC+S11+WARM+PRE+K5+K7+FILT+MD+SEED+SEEDLS,inputs_6x6_2,midpoint,0,dup_cuts_prevented,0
20260915_022737,C0+C0p+C3+FLOW+MTC+S11+WARM+PRE+K5+K7+FILT+MD+SEED+SEEDLS,inputs_6x6_2,midpoint,0,single_sp_distinct,252
20260915_022737,C0+C0p+C3+FLOW+MTC+S11+WARM+PRE+K5+K7+FILT+MD+SEED+SEEDLS,inputs_6x6_2,midpoint,0,master_time_s,5.67963719367981
20260915_022737,C0+C0p+C3+FLOW+MTC+S11+WARM+PRE+K5+K7+FILT+MD+SEED+SEEDLS,inputs_6x6_2,midpoint,0,sp_time_s,1668.7522268295288
20260915_022737,C0+C0p+C3+FLOW+MTC+S11+WARM+PRE+K5+K7+FILT+MD+SEED+SEEDLS,inputs_6x6_2,midpoint,0,master_time_share,0.0033919786858529863
20260915_022737,C0+C0p+C3+FLOW+MTC+S11+WARM+PRE+K5+K7+FILT+MD+SEED+SEEDLS,inputs_6x6_2,midpoint,0,sp_time_share,0.996608021314147
20260915_022737,C0+C0p+C3+FLOW+MTC+S11+WARM+PRE+K5+K7+FILT+MD+SEED+SEEDLS,inputs_6x6_2,midpoint,0,t_to_gap_10pct,120.04848456382751
20260915_022737,C0+C0p+C3+FLOW+MTC+S11+WARM+PRE+K5+K7+FILT+MD+SEED+SEEDLS,inputs_6x6_2,midpoint,0,t_to_gap_5pct,120.04848456382751
20260915_022737,C0+C0p+C3+FLOW+MTC+S11+WARM+PRE+K5+K7+FILT+MD+SEED+SEEDLS,inputs_6x6_2,midpoint,0,t_to_gap_3pct,420.47989988327026
20260915_022737,C0+C0p+C3+FLOW+MTC+S11+WARM+PRE+K5+K7+FILT+MD+SEED+SEEDLS,inputs_6x6_2,midpoint,0,t_to_gap_1pct,
20260915_022737,C0+C0p+C3+FLOW+MTC+S11+WARM+PRE+K5+K7+FILT+MD+SEED+SEEDLS,inputs_5x5_3,midpoint,0,status,INCONCLUSIVE
20260915_022737,C0+C0p+C3+FLOW+MTC+S11+WARM+PRE+K5+K7+FILT+MD+SEED+SEEDLS,inputs_5x5_3,midpoint,0,LB,1275.5722940456592
20260915_022737,C0+C0p+C3+FLOW+MTC+S11+WARM+PRE+K5+K7+FILT+MD+SEED+SEEDLS,inputs_5x5_3,midpoint,0,UB,1307.2820328167961
20260915_022737,C0+C0p+C3+FLOW+MTC+S11+WARM+PRE+K5+K7+FILT+MD+SEED+SEEDLS,inputs_5x5_3,midpoint,0,gap,0.024256233907546377
20260915_022737,C0+C0p+C3+FLOW+MTC+S11+WARM+PRE+K5+K7+FILT+MD+SEED+SEEDLS,inputs_5x5_3,midpoint,0,iterations,6
20260915_022737,C0+C0p+C3+FLOW+MTC+S11+WARM+PRE+K5+K7+FILT+MD+SEED+SEEDLS,inputs_5x5_3,midpoint,0,runtime_s,1800.0562653541565
20260915_022737,C0+C0p+C3+FLOW+MTC+S11+WARM+PRE+K5+K7+FILT+MD+SEED+SEEDLS,inputs_5x5_3,midpoint,0,wall_s,1800.0575120449066
20260915_022737,C0+C0p+C3+FLOW+MTC+S11+WARM+PRE+K5+K7+FILT+MD+SEED+SEEDLS,inputs_5x5_3,midpoint,0,n_sp_calls,8
20260915_022737,C0+C0p+C3+FLOW+MTC+S11+WARM+PRE+K5+K7+FILT+MD+SEED+SEEDLS,inputs_5x5_3,midpoint,0,incumbent_value,1275.5722940456592
20260915_022737,C0+C0p+C3+FLOW+MTC+S11+WARM+PRE+K5+K7+FILT+MD+SEED+SEEDLS,inputs_5x5_3,midpoint,0,certified,0
20260915_022737,C0+C0p+C3+FLOW+MTC+S11+WARM+PRE+K5+K7+FILT+MD+SEED+SEEDLS,inputs_5x5_3,midpoint,0,n_Nf,22
20260915_022737,C0+C0p+C3+FLOW+MTC+S11+WARM+PRE+K5+K7+FILT+MD+SEED+SEEDLS,inputs_5x5_3,midpoint,0,n_K,225
20260915_022737,C0+C0p+C3+FLOW+MTC+S11+WARM+PRE+K5+K7+FILT+MD+SEED+SEEDLS,inputs_5x5_3,midpoint,0,sp_engine,strong_resource
20260915_022737,C0+C0p+C3+FLOW+MTC+S11+WARM+PRE+K5+K7+FILT+MD+SEED+SEEDLS,inputs_5x5_3,midpoint,0,sp_mip_gap,0.0
20260915_022737,C0+C0p+C3+FLOW+MTC+S11+WARM+PRE+K5+K7+FILT+MD+SEED+SEEDLS,inputs_5x5_3,midpoint,0,sp_tighten,0
20260915_022737,C0+C0p+C3+FLOW+MTC+S11+WARM+PRE+K5+K7+FILT+MD+SEED+SEEDLS,inputs_5x5_3,midpoint,0,sp_tight_gap,0.0
20260915_022737,C0+C0p+C3+FLOW+MTC+S11+WARM+PRE+K5+K7+FILT+MD+SEED+SEEDLS,inputs_5x5_3,midpoint,0,seed_localsearch,1
20260915_022737,C0+C0p+C3+FLOW+MTC+S11+WARM+PRE+K5+K7+FILT+MD+SEED+SEEDLS,inputs_5x5_3,midpoint,0,seed_budget_s,120.0
20260915_022737,C0+C0p+C3+FLOW+MTC+S11+WARM+PRE+K5+K7+FILT+MD+SEED+SEEDLS,inputs_5x5_3,midpoint,0,bigm_threshold,18
20260915_022737,C0+C0p+C3+FLOW+MTC+S11+WARM+PRE+K5+K7+FILT+MD+SEED+SEEDLS,inputs_5x5_3,midpoint,0,bigm_margin,1.0
20260915_022737,C0+C0p+C3+FLOW+MTC+S11+WARM+PRE+K5+K7+FILT+MD+SEED+SEEDLS,inputs_5x5_3,midpoint,0,bigm_method,global_sum
20260915_022737,C0+C0p+C3+FLOW+MTC+S11+WARM+PRE+K5+K7+FILT+MD+SEED+SEEDLS,inputs_5x5_3,midpoint,0,bigm_nodes_in_dp,0
20260915_022737,C0+C0p+C3+FLOW+MTC+S11+WARM+PRE+K5+K7+FILT+MD+SEED+SEEDLS,inputs_5x5_3,midpoint,0,bigm_dp_completed,False
20260915_022737,C0+C0p+C3+FLOW+MTC+S11+WARM+PRE+K5+K7+FILT+MD+SEED+SEEDLS,inputs_5x5_3,midpoint,0,M_d,220.11742592586324
20260915_022737,C0+C0p+C3+FLOW+MTC+S11+WARM+PRE+K5+K7+FILT+MD+SEED+SEEDLS,inputs_5x5_3,midpoint,0,ts_ub,177.7726769097754
20260915_022737,C0+C0p+C3+FLOW+MTC+S11+WARM+PRE+K5+K7+FILT+MD+SEED+SEEDLS,inputs_5x5_3,midpoint,0,te_ub,207.11742592586324
20260915_022737,C0+C0p+C3+FLOW+MTC+S11+WARM+PRE+K5+K7+FILT+MD+SEED+SEEDLS,inputs_5x5_3,midpoint,0,seed_LB,1271.0906651452929
20260915_022737,C0+C0p+C3+FLOW+MTC+S11+WARM+PRE+K5+K7+FILT+MD+SEED+SEEDLS,inputs_5x5_3,midpoint,0,seed_time_s,120.04040598869324
20260915_022737,C0+C0p+C3+FLOW+MTC+S11+WARM+PRE+K5+K7+FILT+MD+SEED+SEEDLS,inputs_5x5_3,midpoint,0,seed_source,localsearch
20260915_022737,C0+C0p+C3+FLOW+MTC+S11+WARM+PRE+K5+K7+FILT+MD+SEED+SEEDLS,inputs_5x5_3,midpoint,0,spcall_OPTIMAL,1
20260915_022737,C0+C0p+C3+FLOW+MTC+S11+WARM+PRE+K5+K7+FILT+MD+SEED+SEEDLS,inputs_5x5_3,midpoint,0,spcall_TIME_LIMIT_WITH_INCUMBENT,7
20260915_022737,C0+C0p+C3+FLOW+MTC+S11+WARM+PRE+K5+K7+FILT+MD+SEED+SEEDLS,inputs_5x5_3,midpoint,0,cut_cell_optimality,33
20260915_022737,C0+C0p+C3+FLOW+MTC+S11+WARM+PRE+K5+K7+FILT+MD+SEED+SEEDLS,inputs_5x5_3,midpoint,0,cut_dual_bound,4
20260915_022737,C0+C0p+C3+FLOW+MTC+S11+WARM+PRE+K5+K7+FILT+MD+SEED+SEEDLS,inputs_5x5_3,midpoint,0,singleton_cache_enabled,1
20260915_022737,C0+C0p+C3+FLOW+MTC+S11+WARM+PRE+K5+K7+FILT+MD+SEED+SEEDLS,inputs_5x5_3,midpoint,0,single_sp_requests,58
20260915_022737,C0+C0p+C3+FLOW+MTC+S11+WARM+PRE+K5+K7+FILT+MD+SEED+SEEDLS,inputs_5x5_3,midpoint,0,single_sp_solves,33
20260915_022737,C0+C0p+C3+FLOW+MTC+S11+WARM+PRE+K5+K7+FILT+MD+SEED+SEEDLS,inputs_5x5_3,midpoint,0,single_sp_cache_hits,25
20260915_022737,C0+C0p+C3+FLOW+MTC+S11+WARM+PRE+K5+K7+FILT+MD+SEED+SEEDLS,inputs_5x5_3,midpoint,0,single_sp_build_time_s,0.28893494606018066
20260915_022737,C0+C0p+C3+FLOW+MTC+S11+WARM+PRE+K5+K7+FILT+MD+SEED+SEEDLS,inputs_5x5_3,midpoint,0,single_sp_solve_time_s,0.6649279594421387
20260915_022737,C0+C0p+C3+FLOW+MTC+S11+WARM+PRE+K5+K7+FILT+MD+SEED+SEEDLS,inputs_5x5_3,midpoint,0,single_sp_time_s,0.9538629055023193
20260915_022737,C0+C0p+C3+FLOW+MTC+S11+WARM+PRE+K5+K7+FILT+MD+SEED+SEEDLS,inputs_5x5_3,midpoint,0,cache_lookup_time_s,0.0002161376178264618
20260915_022737,C0+C0p+C3+FLOW+MTC+S11+WARM+PRE+K5+K7+FILT+MD+SEED+SEEDLS,inputs_5x5_3,midpoint,0,est_prevented_solve_time_s,1.8373830318450928
20260915_022737,C0+C0p+C3+FLOW+MTC+S11+WARM+PRE+K5+K7+FILT+MD+SEED+SEEDLS,inputs_5x5_3,midpoint,0,single_sp_status_FEASIBLE_VERIFIED,33
20260915_022737,C0+C0p+C3+FLOW+MTC+S11+WARM+PRE+K5+K7+FILT+MD+SEED+SEEDLS,inputs_5x5_3,midpoint,0,single_sp_status_INFEASIBLE_PROVEN,0
20260915_022737,C0+C0p+C3+FLOW+MTC+S11+WARM+PRE+K5+K7+FILT+MD+SEED+SEEDLS,inputs_5x5_3,midpoint,0,single_sp_status_UNKNOWN,0
20260915_022737,C0+C0p+C3+FLOW+MTC+S11+WARM+PRE+K5+K7+FILT+MD+SEED+SEEDLS,inputs_5x5_3,midpoint,0,dup_cuts_prevented,2
20260915_022737,C0+C0p+C3+FLOW+MTC+S11+WARM+PRE+K5+K7+FILT+MD+SEED+SEEDLS,inputs_5x5_3,midpoint,0,single_sp_distinct,33
20260915_022737,C0+C0p+C3+FLOW+MTC+S11+WARM+PRE+K5+K7+FILT+MD+SEED+SEEDLS,inputs_5x5_3,midpoint,0,master_time_s,0.10066628456115723
20260915_022737,C0+C0p+C3+FLOW+MTC+S11+WARM+PRE+K5+K7+FILT+MD+SEED+SEEDLS,inputs_5x5_3,midpoint,0,sp_time_s,1678.5606472492218
20260915_022737,C0+C0p+C3+FLOW+MTC+S11+WARM+PRE+K5+K7+FILT+MD+SEED+SEEDLS,inputs_5x5_3,midpoint,0,master_time_share,5.996819236230723e-05
20260915_022737,C0+C0p+C3+FLOW+MTC+S11+WARM+PRE+K5+K7+FILT+MD+SEED+SEEDLS,inputs_5x5_3,midpoint,0,sp_time_share,0.9999400318076377
20260915_022737,C0+C0p+C3+FLOW+MTC+S11+WARM+PRE+K5+K7+FILT+MD+SEED+SEEDLS,inputs_5x5_3,midpoint,0,t_to_gap_10pct,420.5910165309906
20260915_022737,C0+C0p+C3+FLOW+MTC+S11+WARM+PRE+K5+K7+FILT+MD+SEED+SEEDLS,inputs_5x5_3,midpoint,0,t_to_gap_5pct,720.800110578537
20260915_022737,C0+C0p+C3+FLOW+MTC+S11+WARM+PRE+K5+K7+FILT+MD+SEED+SEEDLS,inputs_5x5_3,midpoint,0,t_to_gap_3pct,1621.462917804718
20260915_022737,C0+C0p+C3+FLOW+MTC+S11+WARM+PRE+K5+K7+FILT+MD+SEED+SEEDLS,inputs_5x5_3,midpoint,0,t_to_gap_1pct,
20260915_022737,C0+C0p+C3+FLOW+MTC+S11+WARM+PRE+K5+K7+FILT+MD+SEED+SEEDLS,inputs_5x5_2,midpoint,0,status,TIME_LIMIT
20260915_022737,C0+C0p+C3+FLOW+MTC+S11+WARM+PRE+K5+K7+FILT+MD+SEED+SEEDLS,inputs_5x5_2,midpoint,0,LB,1382.2330172569802
20260915_022737,C0+C0p+C3+FLOW+MTC+S11+WARM+PRE+K5+K7+FILT+MD+SEED+SEEDLS,inputs_5x5_2,midpoint,0,UB,1390.5903982453553
20260915_022737,C0+C0p+C3+FLOW+MTC+S11+WARM+PRE+K5+K7+FILT+MD+SEED+SEEDLS,inputs_5x5_2,midpoint,0,gap,0.006009951599637411
20260915_022737,C0+C0p+C3+FLOW+MTC+S11+WARM+PRE+K5+K7+FILT+MD+SEED+SEEDLS,inputs_5x5_2,midpoint,0,iterations,6
20260915_022737,C0+C0p+C3+FLOW+MTC+S11+WARM+PRE+K5+K7+FILT+MD+SEED+SEEDLS,inputs_5x5_2,midpoint,0,runtime_s,1800.063369512558
20260915_022737,C0+C0p+C3+FLOW+MTC+S11+WARM+PRE+K5+K7+FILT+MD+SEED+SEEDLS,inputs_5x5_2,midpoint,0,wall_s,1800.0643310546875
20260915_022737,C0+C0p+C3+FLOW+MTC+S11+WARM+PRE+K5+K7+FILT+MD+SEED+SEEDLS,inputs_5x5_2,midpoint,0,n_sp_calls,8
20260915_022737,C0+C0p+C3+FLOW+MTC+S11+WARM+PRE+K5+K7+FILT+MD+SEED+SEEDLS,inputs_5x5_2,midpoint,0,incumbent_value,1382.2330172569802
20260915_022737,C0+C0p+C3+FLOW+MTC+S11+WARM+PRE+K5+K7+FILT+MD+SEED+SEEDLS,inputs_5x5_2,midpoint,0,certified,0
20260915_022737,C0+C0p+C3+FLOW+MTC+S11+WARM+PRE+K5+K7+FILT+MD+SEED+SEEDLS,inputs_5x5_2,midpoint,0,n_Nf,22
20260915_022737,C0+C0p+C3+FLOW+MTC+S11+WARM+PRE+K5+K7+FILT+MD+SEED+SEEDLS,inputs_5x5_2,midpoint,0,n_K,150
20260915_022737,C0+C0p+C3+FLOW+MTC+S11+WARM+PRE+K5+K7+FILT+MD+SEED+SEEDLS,inputs_5x5_2,midpoint,0,sp_engine,strong_resource
20260915_022737,C0+C0p+C3+FLOW+MTC+S11+WARM+PRE+K5+K7+FILT+MD+SEED+SEEDLS,inputs_5x5_2,midpoint,0,sp_mip_gap,0.0
20260915_022737,C0+C0p+C3+FLOW+MTC+S11+WARM+PRE+K5+K7+FILT+MD+SEED+SEEDLS,inputs_5x5_2,midpoint,0,sp_tighten,0
20260915_022737,C0+C0p+C3+FLOW+MTC+S11+WARM+PRE+K5+K7+FILT+MD+SEED+SEEDLS,inputs_5x5_2,midpoint,0,sp_tight_gap,0.0
20260915_022737,C0+C0p+C3+FLOW+MTC+S11+WARM+PRE+K5+K7+FILT+MD+SEED+SEEDLS,inputs_5x5_2,midpoint,0,seed_localsearch,1
20260915_022737,C0+C0p+C3+FLOW+MTC+S11+WARM+PRE+K5+K7+FILT+MD+SEED+SEEDLS,inputs_5x5_2,midpoint,0,seed_budget_s,120.0
20260915_022737,C0+C0p+C3+FLOW+MTC+S11+WARM+PRE+K5+K7+FILT+MD+SEED+SEEDLS,inputs_5x5_2,midpoint,0,bigm_threshold,18
20260915_022737,C0+C0p+C3+FLOW+MTC+S11+WARM+PRE+K5+K7+FILT+MD+SEED+SEEDLS,inputs_5x5_2,midpoint,0,bigm_margin,1.0
20260915_022737,C0+C0p+C3+FLOW+MTC+S11+WARM+PRE+K5+K7+FILT+MD+SEED+SEEDLS,inputs_5x5_2,midpoint,0,bigm_method,global_sum
20260915_022737,C0+C0p+C3+FLOW+MTC+S11+WARM+PRE+K5+K7+FILT+MD+SEED+SEEDLS,inputs_5x5_2,midpoint,0,bigm_nodes_in_dp,0
20260915_022737,C0+C0p+C3+FLOW+MTC+S11+WARM+PRE+K5+K7+FILT+MD+SEED+SEEDLS,inputs_5x5_2,midpoint,0,bigm_dp_completed,False
20260915_022737,C0+C0p+C3+FLOW+MTC+S11+WARM+PRE+K5+K7+FILT+MD+SEED+SEEDLS,inputs_5x5_2,midpoint,0,M_d,220.11742592586324
20260915_022737,C0+C0p+C3+FLOW+MTC+S11+WARM+PRE+K5+K7+FILT+MD+SEED+SEEDLS,inputs_5x5_2,midpoint,0,ts_ub,177.7726769097754
20260915_022737,C0+C0p+C3+FLOW+MTC+S11+WARM+PRE+K5+K7+FILT+MD+SEED+SEEDLS,inputs_5x5_2,midpoint,0,te_ub,207.11742592586324
20260915_022737,C0+C0p+C3+FLOW+MTC+S11+WARM+PRE+K5+K7+FILT+MD+SEED+SEEDLS,inputs_5x5_2,midpoint,0,seed_LB,1382.1863294505242
20260915_022737,C0+C0p+C3+FLOW+MTC+S11+WARM+PRE+K5+K7+FILT+MD+SEED+SEEDLS,inputs_5x5_2,midpoint,0,seed_time_s,120.0229845046997
20260915_022737,C0+C0p+C3+FLOW+MTC+S11+WARM+PRE+K5+K7+FILT+MD+SEED+SEEDLS,inputs_5x5_2,midpoint,0,seed_source,containment
20260915_022737,C0+C0p+C3+FLOW+MTC+S11+WARM+PRE+K5+K7+FILT+MD+SEED+SEEDLS,inputs_5x5_2,midpoint,0,spcall_OPTIMAL,1
20260915_022737,C0+C0p+C3+FLOW+MTC+S11+WARM+PRE+K5+K7+FILT+MD+SEED+SEEDLS,inputs_5x5_2,midpoint,0,spcall_TIME_LIMIT_WITH_INCUMBENT,7
20260915_022737,C0+C0p+C3+FLOW+MTC+S11+WARM+PRE+K5+K7+FILT+MD+SEED+SEEDLS,inputs_5x5_2,midpoint,0,cut_cell_optimality,13
20260915_022737,C0+C0p+C3+FLOW+MTC+S11+WARM+PRE+K5+K7+FILT+MD+SEED+SEEDLS,inputs_5x5_2,midpoint,0,cut_dual_bound,4
20260915_022737,C0+C0p+C3+FLOW+MTC+S11+WARM+PRE+K5+K7+FILT+MD+SEED+SEEDLS,inputs_5x5_2,midpoint,0,singleton_cache_enabled,1
20260915_022737,C0+C0p+C3+FLOW+MTC+S11+WARM+PRE+K5+K7+FILT+MD+SEED+SEEDLS,inputs_5x5_2,midpoint,0,single_sp_requests,29
20260915_022737,C0+C0p+C3+FLOW+MTC+S11+WARM+PRE+K5+K7+FILT+MD+SEED+SEEDLS,inputs_5x5_2,midpoint,0,single_sp_solves,17
20260915_022737,C0+C0p+C3+FLOW+MTC+S11+WARM+PRE+K5+K7+FILT+MD+SEED+SEEDLS,inputs_5x5_2,midpoint,0,single_sp_cache_hits,12
20260915_022737,C0+C0p+C3+FLOW+MTC+S11+WARM+PRE+K5+K7+FILT+MD+SEED+SEEDLS,inputs_5x5_2,midpoint,0,single_sp_build_time_s,0.09643054008483887
20260915_022737,C0+C0p+C3+FLOW+MTC+S11+WARM+PRE+K5+K7+FILT+MD+SEED+SEEDLS,inputs_5x5_2,midpoint,0,single_sp_solve_time_s,0.19020962715148926
20260915_022737,C0+C0p+C3+FLOW+MTC+S11+WARM+PRE+K5+K7+FILT+MD+SEED+SEEDLS,inputs_5x5_2,midpoint,0,single_sp_time_s,0.2866401672363281
20260915_022737,C0+C0p+C3+FLOW+MTC+S11+WARM+PRE+K5+K7+FILT+MD+SEED+SEEDLS,inputs_5x5_2,midpoint,0,cache_lookup_time_s,0.00010899081826210022
20260915_022737,C0+C0p+C3+FLOW+MTC+S11+WARM+PRE+K5+K7+FILT+MD+SEED+SEEDLS,inputs_5x5_2,midpoint,0,est_prevented_solve_time_s,0.6355648040771484
20260915_022737,C0+C0p+C3+FLOW+MTC+S11+WARM+PRE+K5+K7+FILT+MD+SEED+SEEDLS,inputs_5x5_2,midpoint,0,single_sp_status_FEASIBLE_VERIFIED,17
20260915_022737,C0+C0p+C3+FLOW+MTC+S11+WARM+PRE+K5+K7+FILT+MD+SEED+SEEDLS,inputs_5x5_2,midpoint,0,single_sp_status_INFEASIBLE_PROVEN,0
20260915_022737,C0+C0p+C3+FLOW+MTC+S11+WARM+PRE+K5+K7+FILT+MD+SEED+SEEDLS,inputs_5x5_2,midpoint,0,single_sp_status_UNKNOWN,0
20260915_022737,C0+C0p+C3+FLOW+MTC+S11+WARM+PRE+K5+K7+FILT+MD+SEED+SEEDLS,inputs_5x5_2,midpoint,0,dup_cuts_prevented,2
20260915_022737,C0+C0p+C3+FLOW+MTC+S11+WARM+PRE+K5+K7+FILT+MD+SEED+SEEDLS,inputs_5x5_2,midpoint,0,single_sp_distinct,17
20260915_022737,C0+C0p+C3+FLOW+MTC+S11+WARM+PRE+K5+K7+FILT+MD+SEED+SEEDLS,inputs_5x5_2,midpoint,0,master_time_s,0.08861279487609863
20260915_022737,C0+C0p+C3+FLOW+MTC+S11+WARM+PRE+K5+K7+FILT+MD+SEED+SEEDLS,inputs_5x5_2,midpoint,0,sp_time_s,1679.185482263565
20260915_022737,C0+C0p+C3+FLOW+MTC+S11+WARM+PRE+K5+K7+FILT+MD+SEED+SEEDLS,inputs_5x5_2,midpoint,0,master_time_share,5.2768511785453806e-05
20260915_022737,C0+C0p+C3+FLOW+MTC+S11+WARM+PRE+K5+K7+FILT+MD+SEED+SEEDLS,inputs_5x5_2,midpoint,0,sp_time_share,0.9999472314882145
20260915_022737,C0+C0p+C3+FLOW+MTC+S11+WARM+PRE+K5+K7+FILT+MD+SEED+SEEDLS,inputs_5x5_2,midpoint,0,t_to_gap_10pct,420.31059169769287
20260915_022737,C0+C0p+C3+FLOW+MTC+S11+WARM+PRE+K5+K7+FILT+MD+SEED+SEEDLS,inputs_5x5_2,midpoint,0,t_to_gap_5pct,420.31059169769287
20260915_022737,C0+C0p+C3+FLOW+MTC+S11+WARM+PRE+K5+K7+FILT+MD+SEED+SEEDLS,inputs_5x5_2,midpoint,0,t_to_gap_3pct,420.31059169769287
20260915_022737,C0+C0p+C3+FLOW+MTC+S11+WARM+PRE+K5+K7+FILT+MD+SEED+SEEDLS,inputs_5x5_2,midpoint,0,t_to_gap_1pct,1320.711765050888
20260915_022737,C0+C0p+C3+FLOW+MTC+S11+WARM+PRE+K5+K7+FILT+MD+SEED+SEEDLS,inputs_6x6,midpoint,0,status,TIME_LIMIT
20260915_022737,C0+C0p+C3+FLOW+MTC+S11+WARM+PRE+K5+K7+FILT+MD+SEED+SEEDLS,inputs_6x6,midpoint,0,LB,1759.805759706677
20260915_022737,C0+C0p+C3+FLOW+MTC+S11+WARM+PRE+K5+K7+FILT+MD+SEED+SEEDLS,inputs_6x6,midpoint,0,UB,1778.1091549704884
20260915_022737,C0+C0p+C3+FLOW+MTC+S11+WARM+PRE+K5+K7+FILT+MD+SEED+SEEDLS,inputs_6x6,midpoint,0,gap,0.01029374108594314
20260915_022737,C0+C0p+C3+FLOW+MTC+S11+WARM+PRE+K5+K7+FILT+MD+SEED+SEEDLS,inputs_6x6,midpoint,0,iterations,34
20260915_022737,C0+C0p+C3+FLOW+MTC+S11+WARM+PRE+K5+K7+FILT+MD+SEED+SEEDLS,inputs_6x6,midpoint,0,runtime_s,1800.0961990356445
20260915_022737,C0+C0p+C3+FLOW+MTC+S11+WARM+PRE+K5+K7+FILT+MD+SEED+SEEDLS,inputs_6x6,midpoint,0,wall_s,1800.0975799560547
20260915_022737,C0+C0p+C3+FLOW+MTC+S11+WARM+PRE+K5+K7+FILT+MD+SEED+SEEDLS,inputs_6x6,midpoint,0,n_sp_calls,8
20260915_022737,C0+C0p+C3+FLOW+MTC+S11+WARM+PRE+K5+K7+FILT+MD+SEED+SEEDLS,inputs_6x6,midpoint,0,incumbent_value,1759.805759706677
20260915_022737,C0+C0p+C3+FLOW+MTC+S11+WARM+PRE+K5+K7+FILT+MD+SEED+SEEDLS,inputs_6x6,midpoint,0,certified,0
20260915_022737,C0+C0p+C3+FLOW+MTC+S11+WARM+PRE+K5+K7+FILT+MD+SEED+SEEDLS,inputs_6x6,midpoint,0,n_Nf,31
20260915_022737,C0+C0p+C3+FLOW+MTC+S11+WARM+PRE+K5+K7+FILT+MD+SEED+SEEDLS,inputs_6x6,midpoint,0,n_K,150
20260915_022737,C0+C0p+C3+FLOW+MTC+S11+WARM+PRE+K5+K7+FILT+MD+SEED+SEEDLS,inputs_6x6,midpoint,0,sp_engine,strong_resource
20260915_022737,C0+C0p+C3+FLOW+MTC+S11+WARM+PRE+K5+K7+FILT+MD+SEED+SEEDLS,inputs_6x6,midpoint,0,sp_mip_gap,0.0
20260915_022737,C0+C0p+C3+FLOW+MTC+S11+WARM+PRE+K5+K7+FILT+MD+SEED+SEEDLS,inputs_6x6,midpoint,0,sp_tighten,0
20260915_022737,C0+C0p+C3+FLOW+MTC+S11+WARM+PRE+K5+K7+FILT+MD+SEED+SEEDLS,inputs_6x6,midpoint,0,sp_tight_gap,0.0
20260915_022737,C0+C0p+C3+FLOW+MTC+S11+WARM+PRE+K5+K7+FILT+MD+SEED+SEEDLS,inputs_6x6,midpoint,0,seed_localsearch,1
20260915_022737,C0+C0p+C3+FLOW+MTC+S11+WARM+PRE+K5+K7+FILT+MD+SEED+SEEDLS,inputs_6x6,midpoint,0,seed_budget_s,120.0
20260915_022737,C0+C0p+C3+FLOW+MTC+S11+WARM+PRE+K5+K7+FILT+MD+SEED+SEEDLS,inputs_6x6,midpoint,0,bigm_threshold,18
20260915_022737,C0+C0p+C3+FLOW+MTC+S11+WARM+PRE+K5+K7+FILT+MD+SEED+SEEDLS,inputs_6x6,midpoint,0,bigm_margin,1.0
20260915_022737,C0+C0p+C3+FLOW+MTC+S11+WARM+PRE+K5+K7+FILT+MD+SEED+SEEDLS,inputs_6x6,midpoint,0,bigm_method,global_sum
20260915_022737,C0+C0p+C3+FLOW+MTC+S11+WARM+PRE+K5+K7+FILT+MD+SEED+SEEDLS,inputs_6x6,midpoint,0,bigm_nodes_in_dp,0
20260915_022737,C0+C0p+C3+FLOW+MTC+S11+WARM+PRE+K5+K7+FILT+MD+SEED+SEEDLS,inputs_6x6,midpoint,0,bigm_dp_completed,False
20260915_022737,C0+C0p+C3+FLOW+MTC+S11+WARM+PRE+K5+K7+FILT+MD+SEED+SEEDLS,inputs_6x6,midpoint,0,M_d,240.3976017717033
20260915_022737,C0+C0p+C3+FLOW+MTC+S11+WARM+PRE+K5+K7+FILT+MD+SEED+SEEDLS,inputs_6x6,midpoint,0,ts_ub,196.05285275561548
20260915_022737,C0+C0p+C3+FLOW+MTC+S11+WARM+PRE+K5+K7+FILT+MD+SEED+SEEDLS,inputs_6x6,midpoint,0,te_ub,225.3976017717033
20260915_022737,C0+C0p+C3+FLOW+MTC+S11+WARM+PRE+K5+K7+FILT+MD+SEED+SEEDLS,inputs_6x6,midpoint,0,seed_LB,1759.805759706677
20260915_022737,C0+C0p+C3+FLOW+MTC+S11+WARM+PRE+K5+K7+FILT+MD+SEED+SEEDLS,inputs_6x6,midpoint,0,seed_time_s,120.02545523643494
20260915_022737,C0+C0p+C3+FLOW+MTC+S11+WARM+PRE+K5+K7+FILT+MD+SEED+SEEDLS,inputs_6x6,midpoint,0,seed_source,containment
20260915_022737,C0+C0p+C3+FLOW+MTC+S11+WARM+PRE+K5+K7+FILT+MD+SEED+SEEDLS,inputs_6x6,midpoint,0,spcall_TIME_LIMIT_WITH_INCUMBENT,8
20260915_022737,C0+C0p+C3+FLOW+MTC+S11+WARM+PRE+K5+K7+FILT+MD+SEED+SEEDLS,inputs_6x6,midpoint,0,cut_singleton_infeasible,29
20260915_022737,C0+C0p+C3+FLOW+MTC+S11+WARM+PRE+K5+K7+FILT+MD+SEED+SEEDLS,inputs_6x6,midpoint,0,cut_cell_optimality,64
20260915_022737,C0+C0p+C3+FLOW+MTC+S11+WARM+PRE+K5+K7+FILT+MD+SEED+SEEDLS,inputs_6x6,midpoint,0,cut_dual_bound,6
20260915_022737,C0+C0p+C3+FLOW+MTC+S11+WARM+PRE+K5+K7+FILT+MD+SEED+SEEDLS,inputs_6x6,midpoint,0,singleton_cache_enabled,1
20260915_022737,C0+C0p+C3+FLOW+MTC+S11+WARM+PRE+K5+K7+FILT+MD+SEED+SEEDLS,inputs_6x6,midpoint,0,single_sp_requests,599
20260915_022737,C0+C0p+C3+FLOW+MTC+S11+WARM+PRE+K5+K7+FILT+MD+SEED+SEEDLS,inputs_6x6,midpoint,0,single_sp_solves,297
20260915_022737,C0+C0p+C3+FLOW+MTC+S11+WARM+PRE+K5+K7+FILT+MD+SEED+SEEDLS,inputs_6x6,midpoint,0,single_sp_cache_hits,302
20260915_022737,C0+C0p+C3+FLOW+MTC+S11+WARM+PRE+K5+K7+FILT+MD+SEED+SEEDLS,inputs_6x6,midpoint,0,single_sp_build_time_s,1.7270901203155518
20260915_022737,C0+C0p+C3+FLOW+MTC+S11+WARM+PRE+K5+K7+FILT+MD+SEED+SEEDLS,inputs_6x6,midpoint,0,single_sp_solve_time_s,1.744945764541626
20260915_022737,C0+C0p+C3+FLOW+MTC+S11+WARM+PRE+K5+K7+FILT+MD+SEED+SEEDLS,inputs_6x6,midpoint,0,single_sp_time_s,3.4720358848571777
20260915_022737,C0+C0p+C3+FLOW+MTC+S11+WARM+PRE+K5+K7+FILT+MD+SEED+SEEDLS,inputs_6x6,midpoint,0,cache_lookup_time_s,0.001772899180650711
20260915_022737,C0+C0p+C3+FLOW+MTC+S11+WARM+PRE+K5+K7+FILT+MD+SEED+SEEDLS,inputs_6x6,midpoint,0,est_prevented_solve_time_s,6.0928308963775635
20260915_022737,C0+C0p+C3+FLOW+MTC+S11+WARM+PRE+K5+K7+FILT+MD+SEED+SEEDLS,inputs_6x6,midpoint,0,single_sp_status_FEASIBLE_VERIFIED,295
20260915_022737,C0+C0p+C3+FLOW+MTC+S11+WARM+PRE+K5+K7+FILT+MD+SEED+SEEDLS,inputs_6x6,midpoint,0,single_sp_status_INFEASIBLE_PROVEN,2
20260915_022737,C0+C0p+C3+FLOW+MTC+S11+WARM+PRE+K5+K7+FILT+MD+SEED+SEEDLS,inputs_6x6,midpoint,0,single_sp_status_UNKNOWN,0
20260915_022737,C0+C0p+C3+FLOW+MTC+S11+WARM+PRE+K5+K7+FILT+MD+SEED+SEEDLS,inputs_6x6,midpoint,0,dup_cuts_prevented,0
20260915_022737,C0+C0p+C3+FLOW+MTC+S11+WARM+PRE+K5+K7+FILT+MD+SEED+SEEDLS,inputs_6x6,midpoint,0,single_sp_distinct,297
20260915_022737,C0+C0p+C3+FLOW+MTC+S11+WARM+PRE+K5+K7+FILT+MD+SEED+SEEDLS,inputs_6x6,midpoint,0,master_time_s,6.135516166687012
20260915_022737,C0+C0p+C3+FLOW+MTC+S11+WARM+PRE+K5+K7+FILT+MD+SEED+SEEDLS,inputs_6x6,midpoint,0,sp_time_s,1669.990306854248
20260915_022737,C0+C0p+C3+FLOW+MTC+S11+WARM+PRE+K5+K7+FILT+MD+SEED+SEEDLS,inputs_6x6,midpoint,0,master_time_share,0.0036605343599019164
20260915_022737,C0+C0p+C3+FLOW+MTC+S11+WARM+PRE+K5+K7+FILT+MD+SEED+SEEDLS,inputs_6x6,midpoint,0,sp_time_share,0.9963394656400981
20260915_022737,C0+C0p+C3+FLOW+MTC+S11+WARM+PRE+K5+K7+FILT+MD+SEED+SEEDLS,inputs_6x6,midpoint,0,t_to_gap_10pct,120.03194499015808
20260915_022737,C0+C0p+C3+FLOW+MTC+S11+WARM+PRE+K5+K7+FILT+MD+SEED+SEEDLS,inputs_6x6,midpoint,0,t_to_gap_5pct,120.03194499015808
20260915_022737,C0+C0p+C3+FLOW+MTC+S11+WARM+PRE+K5+K7+FILT+MD+SEED+SEEDLS,inputs_6x6,midpoint,0,t_to_gap_3pct,420.2481243610382
20260915_022737,C0+C0p+C3+FLOW+MTC+S11+WARM+PRE+K5+K7+FILT+MD+SEED+SEEDLS,inputs_6x6,midpoint,0,t_to_gap_1pct,
20260915_023455,C0+C0p+C3+FLOW+MTC+S11+WARM+PRE+K5+K7+FILT+MD+SEED+SEEDLS,inputs_6x6_4,midpoint,0,status,OPTIMAL
20260915_023455,C0+C0p+C3+FLOW+MTC+S11+WARM+PRE+K5+K7+FILT+MD+SEED+SEEDLS,inputs_6x6_4,midpoint,0,LB,1933.538780672645
20260915_023455,C0+C0p+C3+FLOW+MTC+S11+WARM+PRE+K5+K7+FILT+MD+SEED+SEEDLS,inputs_6x6_4,midpoint,0,UB,1933.538780598865
20260915_023455,C0+C0p+C3+FLOW+MTC+S11+WARM+PRE+K5+K7+FILT+MD+SEED+SEEDLS,inputs_6x6_4,midpoint,0,gap,-3.815802917300266e-11
20260915_023455,C0+C0p+C3+FLOW+MTC+S11+WARM+PRE+K5+K7+FILT+MD+SEED+SEEDLS,inputs_6x6_4,midpoint,0,iterations,4
20260915_023455,C0+C0p+C3+FLOW+MTC+S11+WARM+PRE+K5+K7+FILT+MD+SEED+SEEDLS,inputs_6x6_4,midpoint,0,runtime_s,436.946204662323
20260915_023455,C0+C0p+C3+FLOW+MTC+S11+WARM+PRE+K5+K7+FILT+MD+SEED+SEEDLS,inputs_6x6_4,midpoint,0,wall_s,436.94818687438965
20260915_023455,C0+C0p+C3+FLOW+MTC+S11+WARM+PRE+K5+K7+FILT+MD+SEED+SEEDLS,inputs_6x6_4,midpoint,0,n_sp_calls,4
20260915_023455,C0+C0p+C3+FLOW+MTC+S11+WARM+PRE+K5+K7+FILT+MD+SEED+SEEDLS,inputs_6x6_4,midpoint,0,incumbent_value,1933.538780672645
20260915_023455,C0+C0p+C3+FLOW+MTC+S11+WARM+PRE+K5+K7+FILT+MD+SEED+SEEDLS,inputs_6x6_4,midpoint,0,certified,1
20260915_023455,C0+C0p+C3+FLOW+MTC+S11+WARM+PRE+K5+K7+FILT+MD+SEED+SEEDLS,inputs_6x6_4,midpoint,0,n_Nf,32
20260915_023455,C0+C0p+C3+FLOW+MTC+S11+WARM+PRE+K5+K7+FILT+MD+SEED+SEEDLS,inputs_6x6_4,midpoint,0,n_K,285
20260915_023455,C0+C0p+C3+FLOW+MTC+S11+WARM+PRE+K5+K7+FILT+MD+SEED+SEEDLS,inputs_6x6_4,midpoint,0,sp_engine,strong_resource
20260915_023455,C0+C0p+C3+FLOW+MTC+S11+WARM+PRE+K5+K7+FILT+MD+SEED+SEEDLS,inputs_6x6_4,midpoint,0,sp_mip_gap,0.0
20260915_023455,C0+C0p+C3+FLOW+MTC+S11+WARM+PRE+K5+K7+FILT+MD+SEED+SEEDLS,inputs_6x6_4,midpoint,0,sp_tighten,0
20260915_023455,C0+C0p+C3+FLOW+MTC+S11+WARM+PRE+K5+K7+FILT+MD+SEED+SEEDLS,inputs_6x6_4,midpoint,0,sp_tight_gap,0.0
20260915_023455,C0+C0p+C3+FLOW+MTC+S11+WARM+PRE+K5+K7+FILT+MD+SEED+SEEDLS,inputs_6x6_4,midpoint,0,seed_localsearch,1
20260915_023455,C0+C0p+C3+FLOW+MTC+S11+WARM+PRE+K5+K7+FILT+MD+SEED+SEEDLS,inputs_6x6_4,midpoint,0,seed_budget_s,120.0
20260915_023455,C0+C0p+C3+FLOW+MTC+S11+WARM+PRE+K5+K7+FILT+MD+SEED+SEEDLS,inputs_6x6_4,midpoint,0,bigm_threshold,18
20260915_023455,C0+C0p+C3+FLOW+MTC+S11+WARM+PRE+K5+K7+FILT+MD+SEED+SEEDLS,inputs_6x6_4,midpoint,0,bigm_margin,1.0
20260915_023455,C0+C0p+C3+FLOW+MTC+S11+WARM+PRE+K5+K7+FILT+MD+SEED+SEEDLS,inputs_6x6_4,midpoint,0,bigm_method,global_sum
20260915_023455,C0+C0p+C3+FLOW+MTC+S11+WARM+PRE+K5+K7+FILT+MD+SEED+SEEDLS,inputs_6x6_4,midpoint,0,bigm_nodes_in_dp,0
20260915_023455,C0+C0p+C3+FLOW+MTC+S11+WARM+PRE+K5+K7+FILT+MD+SEED+SEEDLS,inputs_6x6_4,midpoint,0,bigm_dp_completed,False
20260915_023455,C0+C0p+C3+FLOW+MTC+S11+WARM+PRE+K5+K7+FILT+MD+SEED+SEEDLS,inputs_6x6_4,midpoint,0,M_d,248.80657179055044
20260915_023455,C0+C0p+C3+FLOW+MTC+S11+WARM+PRE+K5+K7+FILT+MD+SEED+SEEDLS,inputs_6x6_4,midpoint,0,ts_ub,204.4618227744626
20260915_023455,C0+C0p+C3+FLOW+MTC+S11+WARM+PRE+K5+K7+FILT+MD+SEED+SEEDLS,inputs_6x6_4,midpoint,0,te_ub,233.80657179055044
20260915_023455,C0+C0p+C3+FLOW+MTC+S11+WARM+PRE+K5+K7+FILT+MD+SEED+SEEDLS,inputs_6x6_4,midpoint,0,seed_LB,1933.538780672645
20260915_023455,C0+C0p+C3+FLOW+MTC+S11+WARM+PRE+K5+K7+FILT+MD+SEED+SEEDLS,inputs_6x6_4,midpoint,0,seed_time_s,120.4356997013092
20260915_023455,C0+C0p+C3+FLOW+MTC+S11+WARM+PRE+K5+K7+FILT+MD+SEED+SEEDLS,inputs_6x6_4,midpoint,0,seed_source,localsearch
20260915_023455,C0+C0p+C3+FLOW+MTC+S11+WARM+PRE+K5+K7+FILT+MD+SEED+SEEDLS,inputs_6x6_4,midpoint,0,spcall_OPTIMAL,3
20260915_023455,C0+C0p+C3+FLOW+MTC+S11+WARM+PRE+K5+K7+FILT+MD+SEED+SEEDLS,inputs_6x6_4,midpoint,0,spcall_TIME_LIMIT_WITH_INCUMBENT,1
20260915_023455,C0+C0p+C3+FLOW+MTC+S11+WARM+PRE+K5+K7+FILT+MD+SEED+SEEDLS,inputs_6x6_4,midpoint,0,cut_singleton_infeasible,1
20260915_023455,C0+C0p+C3+FLOW+MTC+S11+WARM+PRE+K5+K7+FILT+MD+SEED+SEEDLS,inputs_6x6_4,midpoint,0,cut_cell_optimality,8
20260915_023455,C0+C0p+C3+FLOW+MTC+S11+WARM+PRE+K5+K7+FILT+MD+SEED+SEEDLS,inputs_6x6_4,midpoint,0,cut_aggregate_optimality,1
20260915_023455,C0+C0p+C3+FLOW+MTC+S11+WARM+PRE+K5+K7+FILT+MD+SEED+SEEDLS,inputs_6x6_4,midpoint,0,cut_dual_bound,1
20260915_023455,C0+C0p+C3+FLOW+MTC+S11+WARM+PRE+K5+K7+FILT+MD+SEED+SEEDLS,inputs_6x6_4,midpoint,0,singleton_cache_enabled,1
20260915_023455,C0+C0p+C3+FLOW+MTC+S11+WARM+PRE+K5+K7+FILT+MD+SEED+SEEDLS,inputs_6x6_4,midpoint,0,single_sp_requests,11
20260915_023455,C0+C0p+C3+FLOW+MTC+S11+WARM+PRE+K5+K7+FILT+MD+SEED+SEEDLS,inputs_6x6_4,midpoint,0,single_sp_solves,9
20260915_023455,C0+C0p+C3+FLOW+MTC+S11+WARM+PRE+K5+K7+FILT+MD+SEED+SEEDLS,inputs_6x6_4,midpoint,0,single_sp_cache_hits,2
20260915_023455,C0+C0p+C3+FLOW+MTC+S11+WARM+PRE+K5+K7+FILT+MD+SEED+SEEDLS,inputs_6x6_4,midpoint,0,single_sp_build_time_s,0.09677362442016602
20260915_023455,C0+C0p+C3+FLOW+MTC+S11+WARM+PRE+K5+K7+FILT+MD+SEED+SEEDLS,inputs_6x6_4,midpoint,0,single_sp_solve_time_s,0.3389723300933838
20260915_023455,C0+C0p+C3+FLOW+MTC+S11+WARM+PRE+K5+K7+FILT+MD+SEED+SEEDLS,inputs_6x6_4,midpoint,0,single_sp_time_s,0.4357459545135498
20260915_023455,C0+C0p+C3+FLOW+MTC+S11+WARM+PRE+K5+K7+FILT+MD+SEED+SEEDLS,inputs_6x6_4,midpoint,0,cache_lookup_time_s,6.859563291072845e-05
20260915_023455,C0+C0p+C3+FLOW+MTC+S11+WARM+PRE+K5+K7+FILT+MD+SEED+SEEDLS,inputs_6x6_4,midpoint,0,est_prevented_solve_time_s,0.12163686752319336
20260915_023455,C0+C0p+C3+FLOW+MTC+S11+WARM+PRE+K5+K7+FILT+MD+SEED+SEEDLS,inputs_6x6_4,midpoint,0,single_sp_status_FEASIBLE_VERIFIED,8
20260915_023455,C0+C0p+C3+FLOW+MTC+S11+WARM+PRE+K5+K7+FILT+MD+SEED+SEEDLS,inputs_6x6_4,midpoint,0,single_sp_status_INFEASIBLE_PROVEN,1
20260915_023455,C0+C0p+C3+FLOW+MTC+S11+WARM+PRE+K5+K7+FILT+MD+SEED+SEEDLS,inputs_6x6_4,midpoint,0,single_sp_status_UNKNOWN,0
20260915_023455,C0+C0p+C3+FLOW+MTC+S11+WARM+PRE+K5+K7+FILT+MD+SEED+SEEDLS,inputs_6x6_4,midpoint,0,dup_cuts_prevented,0
20260915_023455,C0+C0p+C3+FLOW+MTC+S11+WARM+PRE+K5+K7+FILT+MD+SEED+SEEDLS,inputs_6x6_4,midpoint,0,single_sp_distinct,9
20260915_023455,C0+C0p+C3+FLOW+MTC+S11+WARM+PRE+K5+K7+FILT+MD+SEED+SEEDLS,inputs_6x6_4,midpoint,0,master_time_s,0.15780067443847656
20260915_023455,C0+C0p+C3+FLOW+MTC+S11+WARM+PRE+K5+K7+FILT+MD+SEED+SEEDLS,inputs_6x6_4,midpoint,0,sp_time_s,315.78787660598755
20260915_023455,C0+C0p+C3+FLOW+MTC+S11+WARM+PRE+K5+K7+FILT+MD+SEED+SEEDLS,inputs_6x6_4,midpoint,0,master_time_share,0.0004994550829015343
20260915_023455,C0+C0p+C3+FLOW+MTC+S11+WARM+PRE+K5+K7+FILT+MD+SEED+SEEDLS,inputs_6x6_4,midpoint,0,sp_time_share,0.9995005449170985
20260915_023455,C0+C0p+C3+FLOW+MTC+S11+WARM+PRE+K5+K7+FILT+MD+SEED+SEEDLS,inputs_6x6_4,midpoint,0,t_to_gap_10pct,120.44113612174988
20260915_023455,C0+C0p+C3+FLOW+MTC+S11+WARM+PRE+K5+K7+FILT+MD+SEED+SEEDLS,inputs_6x6_4,midpoint,0,t_to_gap_5pct,120.44113612174988
20260915_023455,C0+C0p+C3+FLOW+MTC+S11+WARM+PRE+K5+K7+FILT+MD+SEED+SEEDLS,inputs_6x6_4,midpoint,0,t_to_gap_3pct,120.44113612174988
20260915_023455,C0+C0p+C3+FLOW+MTC+S11+WARM+PRE+K5+K7+FILT+MD+SEED+SEEDLS,inputs_6x6_4,midpoint,0,t_to_gap_1pct,120.44113612174988
20260915_024748,C0+C0p+C3+FLOW+MTC+S11+WARM+PRE+K5+K7+FILT+MD+SEED+SEEDLS,inputs_6x6_3,midpoint,0,status,TIME_LIMIT
20260915_024748,C0+C0p+C3+FLOW+MTC+S11+WARM+PRE+K5+K7+FILT+MD+SEED+SEEDLS,inputs_6x6_3,midpoint,0,LB,1765.8450896768707
20260915_024748,C0+C0p+C3+FLOW+MTC+S11+WARM+PRE+K5+K7+FILT+MD+SEED+SEEDLS,inputs_6x6_3,midpoint,0,UB,1789.227741648506
20260915_024748,C0+C0p+C3+FLOW+MTC+S11+WARM+PRE+K5+K7+FILT+MD+SEED+SEEDLS,inputs_6x6_3,midpoint,0,gap,0.013068572226636587
20260915_024748,C0+C0p+C3+FLOW+MTC+S11+WARM+PRE+K5+K7+FILT+MD+SEED+SEEDLS,inputs_6x6_3,midpoint,0,iterations,7
20260915_024748,C0+C0p+C3+FLOW+MTC+S11+WARM+PRE+K5+K7+FILT+MD+SEED+SEEDLS,inputs_6x6_3,midpoint,0,runtime_s,1800.05176115036
20260915_024748,C0+C0p+C3+FLOW+MTC+S11+WARM+PRE+K5+K7+FILT+MD+SEED+SEEDLS,inputs_6x6_3,midpoint,0,wall_s,1800.053433418274
20260915_024748,C0+C0p+C3+FLOW+MTC+S11+WARM+PRE+K5+K7+FILT+MD+SEED+SEEDLS,inputs_6x6_3,midpoint,0,n_sp_calls,8
20260915_024748,C0+C0p+C3+FLOW+MTC+S11+WARM+PRE+K5+K7+FILT+MD+SEED+SEEDLS,inputs_6x6_3,midpoint,0,incumbent_value,1765.8450896768707
20260915_024748,C0+C0p+C3+FLOW+MTC+S11+WARM+PRE+K5+K7+FILT+MD+SEED+SEEDLS,inputs_6x6_3,midpoint,0,certified,0
20260915_024748,C0+C0p+C3+FLOW+MTC+S11+WARM+PRE+K5+K7+FILT+MD+SEED+SEEDLS,inputs_6x6_3,midpoint,0,n_Nf,31
20260915_024748,C0+C0p+C3+FLOW+MTC+S11+WARM+PRE+K5+K7+FILT+MD+SEED+SEEDLS,inputs_6x6_3,midpoint,0,n_K,225
20260915_024748,C0+C0p+C3+FLOW+MTC+S11+WARM+PRE+K5+K7+FILT+MD+SEED+SEEDLS,inputs_6x6_3,midpoint,0,sp_engine,strong_resource
20260915_024748,C0+C0p+C3+FLOW+MTC+S11+WARM+PRE+K5+K7+FILT+MD+SEED+SEEDLS,inputs_6x6_3,midpoint,0,sp_mip_gap,0.0
20260915_024748,C0+C0p+C3+FLOW+MTC+S11+WARM+PRE+K5+K7+FILT+MD+SEED+SEEDLS,inputs_6x6_3,midpoint,0,sp_tighten,0
20260915_024748,C0+C0p+C3+FLOW+MTC+S11+WARM+PRE+K5+K7+FILT+MD+SEED+SEEDLS,inputs_6x6_3,midpoint,0,sp_tight_gap,0.0
20260915_024748,C0+C0p+C3+FLOW+MTC+S11+WARM+PRE+K5+K7+FILT+MD+SEED+SEEDLS,inputs_6x6_3,midpoint,0,seed_localsearch,1
20260915_024748,C0+C0p+C3+FLOW+MTC+S11+WARM+PRE+K5+K7+FILT+MD+SEED+SEEDLS,inputs_6x6_3,midpoint,0,seed_budget_s,120.0
20260915_024748,C0+C0p+C3+FLOW+MTC+S11+WARM+PRE+K5+K7+FILT+MD+SEED+SEEDLS,inputs_6x6_3,midpoint,0,bigm_threshold,18
20260915_024748,C0+C0p+C3+FLOW+MTC+S11+WARM+PRE+K5+K7+FILT+MD+SEED+SEEDLS,inputs_6x6_3,midpoint,0,bigm_margin,1.0
20260915_024748,C0+C0p+C3+FLOW+MTC+S11+WARM+PRE+K5+K7+FILT+MD+SEED+SEEDLS,inputs_6x6_3,midpoint,0,bigm_method,global_sum
20260915_024748,C0+C0p+C3+FLOW+MTC+S11+WARM+PRE+K5+K7+FILT+MD+SEED+SEEDLS,inputs_6x6_3,midpoint,0,bigm_nodes_in_dp,0
20260915_024748,C0+C0p+C3+FLOW+MTC+S11+WARM+PRE+K5+K7+FILT+MD+SEED+SEEDLS,inputs_6x6_3,midpoint,0,bigm_dp_completed,False
20260915_024748,C0+C0p+C3+FLOW+MTC+S11+WARM+PRE+K5+K7+FILT+MD+SEED+SEEDLS,inputs_6x6_3,midpoint,0,M_d,240.24905595624531
20260915_024748,C0+C0p+C3+FLOW+MTC+S11+WARM+PRE+K5+K7+FILT+MD+SEED+SEEDLS,inputs_6x6_3,midpoint,0,ts_ub,195.90430694015748
20260915_024748,C0+C0p+C3+FLOW+MTC+S11+WARM+PRE+K5+K7+FILT+MD+SEED+SEEDLS,inputs_6x6_3,midpoint,0,te_ub,225.24905595624531
20260915_024748,C0+C0p+C3+FLOW+MTC+S11+WARM+PRE+K5+K7+FILT+MD+SEED+SEEDLS,inputs_6x6_3,midpoint,0,seed_LB,1764.8662186807355
20260915_024748,C0+C0p+C3+FLOW+MTC+S11+WARM+PRE+K5+K7+FILT+MD+SEED+SEEDLS,inputs_6x6_3,midpoint,0,seed_time_s,120.03618478775024
20260915_024748,C0+C0p+C3+FLOW+MTC+S11+WARM+PRE+K5+K7+FILT+MD+SEED+SEEDLS,inputs_6x6_3,midpoint,0,seed_source,containment
20260915_024748,C0+C0p+C3+FLOW+MTC+S11+WARM+PRE+K5+K7+FILT+MD+SEED+SEEDLS,inputs_6x6_3,midpoint,0,spcall_OPTIMAL,1
20260915_024748,C0+C0p+C3+FLOW+MTC+S11+WARM+PRE+K5+K7+FILT+MD+SEED+SEEDLS,inputs_6x6_3,midpoint,0,spcall_TIME_LIMIT_WITH_INCUMBENT,7
20260915_024748,C0+C0p+C3+FLOW+MTC+S11+WARM+PRE+K5+K7+FILT+MD+SEED+SEEDLS,inputs_6x6_3,midpoint,0,cut_singleton_infeasible,2
20260915_024748,C0+C0p+C3+FLOW+MTC+S11+WARM+PRE+K5+K7+FILT+MD+SEED+SEEDLS,inputs_6x6_3,midpoint,0,cut_cell_optimality,26
20260915_024748,C0+C0p+C3+FLOW+MTC+S11+WARM+PRE+K5+K7+FILT+MD+SEED+SEEDLS,inputs_6x6_3,midpoint,0,cut_dual_bound,5
20260915_024748,C0+C0p+C3+FLOW+MTC+S11+WARM+PRE+K5+K7+FILT+MD+SEED+SEEDLS,inputs_6x6_3,midpoint,0,singleton_cache_enabled,1
20260915_024748,C0+C0p+C3+FLOW+MTC+S11+WARM+PRE+K5+K7+FILT+MD+SEED+SEEDLS,inputs_6x6_3,midpoint,0,single_sp_requests,57
20260915_024748,C0+C0p+C3+FLOW+MTC+S11+WARM+PRE+K5+K7+FILT+MD+SEED+SEEDLS,inputs_6x6_3,midpoint,0,single_sp_solves,27
20260915_024748,C0+C0p+C3+FLOW+MTC+S11+WARM+PRE+K5+K7+FILT+MD+SEED+SEEDLS,inputs_6x6_3,midpoint,0,single_sp_cache_hits,30
20260915_024748,C0+C0p+C3+FLOW+MTC+S11+WARM+PRE+K5+K7+FILT+MD+SEED+SEEDLS,inputs_6x6_3,midpoint,0,single_sp_build_time_s,0.24054193496704102
20260915_024748,C0+C0p+C3+FLOW+MTC+S11+WARM+PRE+K5+K7+FILT+MD+SEED+SEEDLS,inputs_6x6_3,midpoint,0,single_sp_solve_time_s,0.514106035232544
20260915_024748,C0+C0p+C3+FLOW+MTC+S11+WARM+PRE+K5+K7+FILT+MD+SEED+SEEDLS,inputs_6x6_3,midpoint,0,single_sp_time_s,0.754647970199585
20260915_024748,C0+C0p+C3+FLOW+MTC+S11+WARM+PRE+K5+K7+FILT+MD+SEED+SEEDLS,inputs_6x6_3,midpoint,0,cache_lookup_time_s,0.00022377818822860718
20260915_024748,C0+C0p+C3+FLOW+MTC+S11+WARM+PRE+K5+K7+FILT+MD+SEED+SEEDLS,inputs_6x6_3,midpoint,0,est_prevented_solve_time_s,1.778609037399292
20260915_024748,C0+C0p+C3+FLOW+MTC+S11+WARM+PRE+K5+K7+FILT+MD+SEED+SEEDLS,inputs_6x6_3,midpoint,0,single_sp_status_FEASIBLE_VERIFIED,25
20260915_024748,C0+C0p+C3+FLOW+MTC+S11+WARM+PRE+K5+K7+FILT+MD+SEED+SEEDLS,inputs_6x6_3,midpoint,0,single_sp_status_INFEASIBLE_PROVEN,2
20260915_024748,C0+C0p+C3+FLOW+MTC+S11+WARM+PRE+K5+K7+FILT+MD+SEED+SEEDLS,inputs_6x6_3,midpoint,0,single_sp_status_UNKNOWN,0
20260915_024748,C0+C0p+C3+FLOW+MTC+S11+WARM+PRE+K5+K7+FILT+MD+SEED+SEEDLS,inputs_6x6_3,midpoint,0,dup_cuts_prevented,1
20260915_024748,C0+C0p+C3+FLOW+MTC+S11+WARM+PRE+K5+K7+FILT+MD+SEED+SEEDLS,inputs_6x6_3,midpoint,0,single_sp_distinct,27
20260915_024748,C0+C0p+C3+FLOW+MTC+S11+WARM+PRE+K5+K7+FILT+MD+SEED+SEEDLS,inputs_6x6_3,midpoint,0,master_time_s,0.2568063735961914
20260915_024748,C0+C0p+C3+FLOW+MTC+S11+WARM+PRE+K5+K7+FILT+MD+SEED+SEEDLS,inputs_6x6_3,midpoint,0,sp_time_s,1678.63027882576
20260915_024748,C0+C0p+C3+FLOW+MTC+S11+WARM+PRE+K5+K7+FILT+MD+SEED+SEEDLS,inputs_6x6_3,midpoint,0,master_time_share,0.00015296226640858188
20260915_024748,C0+C0p+C3+FLOW+MTC+S11+WARM+PRE+K5+K7+FILT+MD+SEED+SEEDLS,inputs_6x6_3,midpoint,0,sp_time_share,0.9998470377335914
20260915_024748,C0+C0p+C3+FLOW+MTC+S11+WARM+PRE+K5+K7+FILT+MD+SEED+SEEDLS,inputs_6x6_3,midpoint,0,t_to_gap_10pct,120.04177927970886
20260915_024748,C0+C0p+C3+FLOW+MTC+S11+WARM+PRE+K5+K7+FILT+MD+SEED+SEEDLS,inputs_6x6_3,midpoint,0,t_to_gap_5pct,120.04177927970886
20260915_024748,C0+C0p+C3+FLOW+MTC+S11+WARM+PRE+K5+K7+FILT+MD+SEED+SEEDLS,inputs_6x6_3,midpoint,0,t_to_gap_3pct,720.770271062851
20260915_024748,C0+C0p+C3+FLOW+MTC+S11+WARM+PRE+K5+K7+FILT+MD+SEED+SEEDLS,inputs_6x6_3,midpoint,0,t_to_gap_1pct,
20260915_025738,C0+C0p+C3+FLOW+MTC+S11+WARM+PRE+K5+K7+FILT+MD+SEED+SEEDLS,inputs_6x6_5,midpoint,0,status,INCONCLUSIVE
20260915_025738,C0+C0p+C3+FLOW+MTC+S11+WARM+PRE+K5+K7+FILT+MD+SEED+SEEDLS,inputs_6x6_5,midpoint,0,LB,1611.7642202706475
20260915_025738,C0+C0p+C3+FLOW+MTC+S11+WARM+PRE+K5+K7+FILT+MD+SEED+SEEDLS,inputs_6x6_5,midpoint,0,UB,1722.8875518811387
20260915_025738,C0+C0p+C3+FLOW+MTC+S11+WARM+PRE+K5+K7+FILT+MD+SEED+SEEDLS,inputs_6x6_5,midpoint,0,gap,0.06449830779098788
20260915_025738,C0+C0p+C3+FLOW+MTC+S11+WARM+PRE+K5+K7+FILT+MD+SEED+SEEDLS,inputs_6x6_5,midpoint,0,iterations,44
20260915_025738,C0+C0p+C3+FLOW+MTC+S11+WARM+PRE+K5+K7+FILT+MD+SEED+SEEDLS,inputs_6x6_5,midpoint,0,runtime_s,1800.1470425128937
20260915_025738,C0+C0p+C3+FLOW+MTC+S11+WARM+PRE+K5+K7+FILT+MD+SEED+SEEDLS,inputs_6x6_5,midpoint,0,wall_s,1800.1504254341125
20260915_025738,C0+C0p+C3+FLOW+MTC+S11+WARM+PRE+K5+K7+FILT+MD+SEED+SEEDLS,inputs_6x6_5,midpoint,0,n_sp_calls,16
20260915_025738,C0+C0p+C3+FLOW+MTC+S11+WARM+PRE+K5+K7+FILT+MD+SEED+SEEDLS,inputs_6x6_5,midpoint,0,incumbent_value,1611.7642202706475
20260915_025738,C0+C0p+C3+FLOW+MTC+S11+WARM+PRE+K5+K7+FILT+MD+SEED+SEEDLS,inputs_6x6_5,midpoint,0,certified,0
20260915_025738,C0+C0p+C3+FLOW+MTC+S11+WARM+PRE+K5+K7+FILT+MD+SEED+SEEDLS,inputs_6x6_5,midpoint,0,n_Nf,32
20260915_025738,C0+C0p+C3+FLOW+MTC+S11+WARM+PRE+K5+K7+FILT+MD+SEED+SEEDLS,inputs_6x6_5,midpoint,0,n_K,380
20260915_025738,C0+C0p+C3+FLOW+MTC+S11+WARM+PRE+K5+K7+FILT+MD+SEED+SEEDLS,inputs_6x6_5,midpoint,0,sp_engine,strong_resource
20260915_025738,C0+C0p+C3+FLOW+MTC+S11+WARM+PRE+K5+K7+FILT+MD+SEED+SEEDLS,inputs_6x6_5,midpoint,0,sp_mip_gap,0.0
20260915_025738,C0+C0p+C3+FLOW+MTC+S11+WARM+PRE+K5+K7+FILT+MD+SEED+SEEDLS,inputs_6x6_5,midpoint,0,sp_tighten,0
20260915_025738,C0+C0p+C3+FLOW+MTC+S11+WARM+PRE+K5+K7+FILT+MD+SEED+SEEDLS,inputs_6x6_5,midpoint,0,sp_tight_gap,0.0
20260915_025738,C0+C0p+C3+FLOW+MTC+S11+WARM+PRE+K5+K7+FILT+MD+SEED+SEEDLS,inputs_6x6_5,midpoint,0,seed_localsearch,1
20260915_025738,C0+C0p+C3+FLOW+MTC+S11+WARM+PRE+K5+K7+FILT+MD+SEED+SEEDLS,inputs_6x6_5,midpoint,0,seed_budget_s,120.0
20260915_025738,C0+C0p+C3+FLOW+MTC+S11+WARM+PRE+K5+K7+FILT+MD+SEED+SEEDLS,inputs_6x6_5,midpoint,0,bigm_threshold,18
20260915_025738,C0+C0p+C3+FLOW+MTC+S11+WARM+PRE+K5+K7+FILT+MD+SEED+SEEDLS,inputs_6x6_5,midpoint,0,bigm_margin,1.0
20260915_025738,C0+C0p+C3+FLOW+MTC+S11+WARM+PRE+K5+K7+FILT+MD+SEED+SEEDLS,inputs_6x6_5,midpoint,0,bigm_method,global_sum
20260915_025738,C0+C0p+C3+FLOW+MTC+S11+WARM+PRE+K5+K7+FILT+MD+SEED+SEEDLS,inputs_6x6_5,midpoint,0,bigm_nodes_in_dp,0
20260915_025738,C0+C0p+C3+FLOW+MTC+S11+WARM+PRE+K5+K7+FILT+MD+SEED+SEEDLS,inputs_6x6_5,midpoint,0,bigm_dp_completed,False
20260915_025738,C0+C0p+C3+FLOW+MTC+S11+WARM+PRE+K5+K7+FILT+MD+SEED+SEEDLS,inputs_6x6_5,midpoint,0,M_d,248.80657179055044
20260915_025738,C0+C0p+C3+FLOW+MTC+S11+WARM+PRE+K5+K7+FILT+MD+SEED+SEEDLS,inputs_6x6_5,midpoint,0,ts_ub,204.4618227744626
20260915_025738,C0+C0p+C3+FLOW+MTC+S11+WARM+PRE+K5+K7+FILT+MD+SEED+SEEDLS,inputs_6x6_5,midpoint,0,te_ub,233.80657179055044
20260915_025738,C0+C0p+C3+FLOW+MTC+S11+WARM+PRE+K5+K7+FILT+MD+SEED+SEEDLS,inputs_6x6_5,midpoint,0,seed_LB,1611.7642202706475
20260915_025738,C0+C0p+C3+FLOW+MTC+S11+WARM+PRE+K5+K7+FILT+MD+SEED+SEEDLS,inputs_6x6_5,midpoint,0,seed_time_s,120.10157132148743
20260915_025738,C0+C0p+C3+FLOW+MTC+S11+WARM+PRE+K5+K7+FILT+MD+SEED+SEEDLS,inputs_6x6_5,midpoint,0,seed_source,containment
20260915_025738,C0+C0p+C3+FLOW+MTC+S11+WARM+PRE+K5+K7+FILT+MD+SEED+SEEDLS,inputs_6x6_5,midpoint,0,spcall_OPTIMAL,1
20260915_025738,C0+C0p+C3+FLOW+MTC+S11+WARM+PRE+K5+K7+FILT+MD+SEED+SEEDLS,inputs_6x6_5,midpoint,0,spcall_INFEASIBLE_PROVEN,12
20260915_025738,C0+C0p+C3+FLOW+MTC+S11+WARM+PRE+K5+K7+FILT+MD+SEED+SEEDLS,inputs_6x6_5,midpoint,0,spcall_TIME_LIMIT_WITH_INCUMBENT,1
20260915_025738,C0+C0p+C3+FLOW+MTC+S11+WARM+PRE+K5+K7+FILT+MD+SEED+SEEDLS,inputs_6x6_5,midpoint,0,spcall_TIME_LIMIT_NO_INCUMBENT,2
20260915_025738,C0+C0p+C3+FLOW+MTC+S11+WARM+PRE+K5+K7+FILT+MD+SEED+SEEDLS,inputs_6x6_5,midpoint,0,cut_singleton_infeasible,30
20260915_025738,C0+C0p+C3+FLOW+MTC+S11+WARM+PRE+K5+K7+FILT+MD+SEED+SEEDLS,inputs_6x6_5,midpoint,0,cut_cell_optimality,159
20260915_025738,C0+C0p+C3+FLOW+MTC+S11+WARM+PRE+K5+K7+FILT+MD+SEED+SEEDLS,inputs_6x6_5,midpoint,0,cut_conflict_infeasible,12
20260915_025738,C0+C0p+C3+FLOW+MTC+S11+WARM+PRE+K5+K7+FILT+MD+SEED+SEEDLS,inputs_6x6_5,midpoint,0,singleton_cache_enabled,1
20260915_025738,C0+C0p+C3+FLOW+MTC+S11+WARM+PRE+K5+K7+FILT+MD+SEED+SEEDLS,inputs_6x6_5,midpoint,0,single_sp_requests,986
20260915_025738,C0+C0p+C3+FLOW+MTC+S11+WARM+PRE+K5+K7+FILT+MD+SEED+SEEDLS,inputs_6x6_5,midpoint,0,single_sp_solves,176
20260915_025738,C0+C0p+C3+FLOW+MTC+S11+WARM+PRE+K5+K7+FILT+MD+SEED+SEEDLS,inputs_6x6_5,midpoint,0,single_sp_cache_hits,810
20260915_025738,C0+C0p+C3+FLOW+MTC+S11+WARM+PRE+K5+K7+FILT+MD+SEED+SEEDLS,inputs_6x6_5,midpoint,0,single_sp_build_time_s,2.646327495574951
20260915_025738,C0+C0p+C3+FLOW+MTC+S11+WARM+PRE+K5+K7+FILT+MD+SEED+SEEDLS,inputs_6x6_5,midpoint,0,single_sp_solve_time_s,3.367098331451416
20260915_025738,C0+C0p+C3+FLOW+MTC+S11+WARM+PRE+K5+K7+FILT+MD+SEED+SEEDLS,inputs_6x6_5,midpoint,0,single_sp_time_s,6.013425827026367
20260915_025738,C0+C0p+C3+FLOW+MTC+S11+WARM+PRE+K5+K7+FILT+MD+SEED+SEEDLS,inputs_6x6_5,midpoint,0,cache_lookup_time_s,0.002493642270565033
20260915_025738,C0+C0p+C3+FLOW+MTC+S11+WARM+PRE+K5+K7+FILT+MD+SEED+SEEDLS,inputs_6x6_5,midpoint,0,est_prevented_solve_time_s,57.68329405784607
20260915_025738,C0+C0p+C3+FLOW+MTC+S11+WARM+PRE+K5+K7+FILT+MD+SEED+SEEDLS,inputs_6x6_5,midpoint,0,single_sp_status_FEASIBLE_VERIFIED,175
20260915_025738,C0+C0p+C3+FLOW+MTC+S11+WARM+PRE+K5+K7+FILT+MD+SEED+SEEDLS,inputs_6x6_5,midpoint,0,single_sp_status_INFEASIBLE_PROVEN,1
20260915_025738,C0+C0p+C3+FLOW+MTC+S11+WARM+PRE+K5+K7+FILT+MD+SEED+SEEDLS,inputs_6x6_5,midpoint,0,single_sp_status_UNKNOWN,0
20260915_025738,C0+C0p+C3+FLOW+MTC+S11+WARM+PRE+K5+K7+FILT+MD+SEED+SEEDLS,inputs_6x6_5,midpoint,0,dup_cuts_prevented,0
20260915_025738,C0+C0p+C3+FLOW+MTC+S11+WARM+PRE+K5+K7+FILT+MD+SEED+SEEDLS,inputs_6x6_5,midpoint,0,single_sp_distinct,176
20260915_025738,C0+C0p+C3+FLOW+MTC+S11+WARM+PRE+K5+K7+FILT+MD+SEED+SEEDLS,inputs_6x6_5,midpoint,0,master_time_s,5.9628636837005615
20260915_025738,C0+C0p+C3+FLOW+MTC+S11+WARM+PRE+K5+K7+FILT+MD+SEED+SEEDLS,inputs_6x6_5,midpoint,0,sp_time_s,942.253782749176
20260915_025738,C0+C0p+C3+FLOW+MTC+S11+WARM+PRE+K5+K7+FILT+MD+SEED+SEEDLS,inputs_6x6_5,midpoint,0,master_time_share,0.006288503482967136
20260915_025738,C0+C0p+C3+FLOW+MTC+S11+WARM+PRE+K5+K7+FILT+MD+SEED+SEEDLS,inputs_6x6_5,midpoint,0,sp_time_share,0.9937114965170328
20260915_025738,C0+C0p+C3+FLOW+MTC+S11+WARM+PRE+K5+K7+FILT+MD+SEED+SEEDLS,inputs_6x6_5,midpoint,0,t_to_gap_10pct,183.59190583229065
20260915_025738,C0+C0p+C3+FLOW+MTC+S11+WARM+PRE+K5+K7+FILT+MD+SEED+SEEDLS,inputs_6x6_5,midpoint,0,t_to_gap_5pct,
20260915_025738,C0+C0p+C3+FLOW+MTC+S11+WARM+PRE+K5+K7+FILT+MD+SEED+SEEDLS,inputs_6x6_5,midpoint,0,t_to_gap_3pct,
20260915_025738,C0+C0p+C3+FLOW+MTC+S11+WARM+PRE+K5+K7+FILT+MD+SEED+SEEDLS,inputs_6x6_5,midpoint,0,t_to_gap_1pct,
20260915_025738,C0+C0p+C3+FLOW+MTC+S11+WARM+PRE+K5+K7+FILT+MD+SEED+SEEDLS,inputs_7x7,midpoint,0,status,TIME_LIMIT
20260915_025738,C0+C0p+C3+FLOW+MTC+S11+WARM+PRE+K5+K7+FILT+MD+SEED+SEEDLS,inputs_7x7,midpoint,0,LB,2548.115868450691
20260915_025738,C0+C0p+C3+FLOW+MTC+S11+WARM+PRE+K5+K7+FILT+MD+SEED+SEEDLS,inputs_7x7,midpoint,0,UB,2641.834923608353
20260915_025738,C0+C0p+C3+FLOW+MTC+S11+WARM+PRE+K5+K7+FILT+MD+SEED+SEEDLS,inputs_7x7,midpoint,0,gap,0.03547498532938463
20260915_025738,C0+C0p+C3+FLOW+MTC+S11+WARM+PRE+K5+K7+FILT+MD+SEED+SEEDLS,inputs_7x7,midpoint,0,iterations,6
20260915_025738,C0+C0p+C3+FLOW+MTC+S11+WARM+PRE+K5+K7+FILT+MD+SEED+SEEDLS,inputs_7x7,midpoint,0,runtime_s,1800.3432726860046
20260915_025738,C0+C0p+C3+FLOW+MTC+S11+WARM+PRE+K5+K7+FILT+MD+SEED+SEEDLS,inputs_7x7,midpoint,0,wall_s,1800.34761428833
20260915_025738,C0+C0p+C3+FLOW+MTC+S11+WARM+PRE+K5+K7+FILT+MD+SEED+SEEDLS,inputs_7x7,midpoint,0,n_sp_calls,8
20260915_025738,C0+C0p+C3+FLOW+MTC+S11+WARM+PRE+K5+K7+FILT+MD+SEED+SEEDLS,inputs_7x7,midpoint,0,incumbent_value,2548.115868450691
20260915_025738,C0+C0p+C3+FLOW+MTC+S11+WARM+PRE+K5+K7+FILT+MD+SEED+SEEDLS,inputs_7x7,midpoint,0,certified,0
20260915_025738,C0+C0p+C3+FLOW+MTC+S11+WARM+PRE+K5+K7+FILT+MD+SEED+SEEDLS,inputs_7x7,midpoint,0,n_Nf,44
20260915_025738,C0+C0p+C3+FLOW+MTC+S11+WARM+PRE+K5+K7+FILT+MD+SEED+SEEDLS,inputs_7x7,midpoint,0,n_K,375
20260915_025738,C0+C0p+C3+FLOW+MTC+S11+WARM+PRE+K5+K7+FILT+MD+SEED+SEEDLS,inputs_7x7,midpoint,0,sp_engine,strong_resource
20260915_025738,C0+C0p+C3+FLOW+MTC+S11+WARM+PRE+K5+K7+FILT+MD+SEED+SEEDLS,inputs_7x7,midpoint,0,sp_mip_gap,0.0
20260915_025738,C0+C0p+C3+FLOW+MTC+S11+WARM+PRE+K5+K7+FILT+MD+SEED+SEEDLS,inputs_7x7,midpoint,0,sp_tighten,0
20260915_025738,C0+C0p+C3+FLOW+MTC+S11+WARM+PRE+K5+K7+FILT+MD+SEED+SEEDLS,inputs_7x7,midpoint,0,sp_tight_gap,0.0
20260915_025738,C0+C0p+C3+FLOW+MTC+S11+WARM+PRE+K5+K7+FILT+MD+SEED+SEEDLS,inputs_7x7,midpoint,0,seed_localsearch,1
20260915_025738,C0+C0p+C3+FLOW+MTC+S11+WARM+PRE+K5+K7+FILT+MD+SEED+SEEDLS,inputs_7x7,midpoint,0,seed_budget_s,120.0
20260915_025738,C0+C0p+C3+FLOW+MTC+S11+WARM+PRE+K5+K7+FILT+MD+SEED+SEEDLS,inputs_7x7,midpoint,0,bigm_threshold,18
20260915_025738,C0+C0p+C3+FLOW+MTC+S11+WARM+PRE+K5+K7+FILT+MD+SEED+SEEDLS,inputs_7x7,midpoint,0,bigm_margin,1.0
20260915_025738,C0+C0p+C3+FLOW+MTC+S11+WARM+PRE+K5+K7+FILT+MD+SEED+SEEDLS,inputs_7x7,midpoint,0,bigm_method,global_sum
20260915_025738,C0+C0p+C3+FLOW+MTC+S11+WARM+PRE+K5+K7+FILT+MD+SEED+SEEDLS,inputs_7x7,midpoint,0,bigm_nodes_in_dp,0
20260915_025738,C0+C0p+C3+FLOW+MTC+S11+WARM+PRE+K5+K7+FILT+MD+SEED+SEEDLS,inputs_7x7,midpoint,0,bigm_dp_completed,False
20260915_025738,C0+C0p+C3+FLOW+MTC+S11+WARM+PRE+K5+K7+FILT+MD+SEED+SEEDLS,inputs_7x7,midpoint,0,M_d,375.15544965089066
20260915_025738,C0+C0p+C3+FLOW+MTC+S11+WARM+PRE+K5+K7+FILT+MD+SEED+SEEDLS,inputs_7x7,midpoint,0,ts_ub,329.30649698408683
20260915_025738,C0+C0p+C3+FLOW+MTC+S11+WARM+PRE+K5+K7+FILT+MD+SEED+SEEDLS,inputs_7x7,midpoint,0,te_ub,358.15544965089066
20260915_025738,C0+C0p+C3+FLOW+MTC+S11+WARM+PRE+K5+K7+FILT+MD+SEED+SEEDLS,inputs_7x7,midpoint,0,seed_LB,2548.115868450691
20260915_025738,C0+C0p+C3+FLOW+MTC+S11+WARM+PRE+K5+K7+FILT+MD+SEED+SEEDLS,inputs_7x7,midpoint,0,seed_time_s,120.11599230766296
20260915_025738,C0+C0p+C3+FLOW+MTC+S11+WARM+PRE+K5+K7+FILT+MD+SEED+SEEDLS,inputs_7x7,midpoint,0,seed_source,containment
20260915_025738,C0+C0p+C3+FLOW+MTC+S11+WARM+PRE+K5+K7+FILT+MD+SEED+SEEDLS,inputs_7x7,midpoint,0,spcall_OPTIMAL,1
20260915_025738,C0+C0p+C3+FLOW+MTC+S11+WARM+PRE+K5+K7+FILT+MD+SEED+SEEDLS,inputs_7x7,midpoint,0,spcall_TIME_LIMIT_WITH_INCUMBENT,5
20260915_025738,C0+C0p+C3+FLOW+MTC+S11+WARM+PRE+K5+K7+FILT+MD+SEED+SEEDLS,inputs_7x7,midpoint,0,spcall_TIME_LIMIT_NO_INCUMBENT,2
20260915_025738,C0+C0p+C3+FLOW+MTC+S11+WARM+PRE+K5+K7+FILT+MD+SEED+SEEDLS,inputs_7x7,midpoint,0,cut_cell_optimality,122
20260915_025738,C0+C0p+C3+FLOW+MTC+S11+WARM+PRE+K5+K7+FILT+MD+SEED+SEEDLS,inputs_7x7,midpoint,0,cut_dual_bound,4
20260915_025738,C0+C0p+C3+FLOW+MTC+S11+WARM+PRE+K5+K7+FILT+MD+SEED+SEEDLS,inputs_7x7,midpoint,0,singleton_cache_enabled,1
20260915_025738,C0+C0p+C3+FLOW+MTC+S11+WARM+PRE+K5+K7+FILT+MD+SEED+SEEDLS,inputs_7x7,midpoint,0,single_sp_requests,150
20260915_025738,C0+C0p+C3+FLOW+MTC+S11+WARM+PRE+K5+K7+FILT+MD+SEED+SEEDLS,inputs_7x7,midpoint,0,single_sp_solves,110
20260915_025738,C0+C0p+C3+FLOW+MTC+S11+WARM+PRE+K5+K7+FILT+MD+SEED+SEEDLS,inputs_7x7,midpoint,0,single_sp_cache_hits,40
20260915_025738,C0+C0p+C3+FLOW+MTC+S11+WARM+PRE+K5+K7+FILT+MD+SEED+SEEDLS,inputs_7x7,midpoint,0,single_sp_build_time_s,1.6449391841888428
20260915_025738,C0+C0p+C3+FLOW+MTC+S11+WARM+PRE+K5+K7+FILT+MD+SEED+SEEDLS,inputs_7x7,midpoint,0,single_sp_solve_time_s,2.195284843444824
20260915_025738,C0+C0p+C3+FLOW+MTC+S11+WARM+PRE+K5+K7+FILT+MD+SEED+SEEDLS,inputs_7x7,midpoint,0,single_sp_time_s,3.840224027633667
20260915_025738,C0+C0p+C3+FLOW+MTC+S11+WARM+PRE+K5+K7+FILT+MD+SEED+SEEDLS,inputs_7x7,midpoint,0,cache_lookup_time_s,0.0007830318063497543
20260915_025738,C0+C0p+C3+FLOW+MTC+S11+WARM+PRE+K5+K7+FILT+MD+SEED+SEEDLS,inputs_7x7,midpoint,0,est_prevented_solve_time_s,3.753340482711792
20260915_025738,C0+C0p+C3+FLOW+MTC+S11+WARM+PRE+K5+K7+FILT+MD+SEED+SEEDLS,inputs_7x7,midpoint,0,single_sp_status_FEASIBLE_VERIFIED,110
20260915_025738,C0+C0p+C3+FLOW+MTC+S11+WARM+PRE+K5+K7+FILT+MD+SEED+SEEDLS,inputs_7x7,midpoint,0,single_sp_status_INFEASIBLE_PROVEN,0
20260915_025738,C0+C0p+C3+FLOW+MTC+S11+WARM+PRE+K5+K7+FILT+MD+SEED+SEEDLS,inputs_7x7,midpoint,0,single_sp_status_UNKNOWN,0
20260915_025738,C0+C0p+C3+FLOW+MTC+S11+WARM+PRE+K5+K7+FILT+MD+SEED+SEEDLS,inputs_7x7,midpoint,0,dup_cuts_prevented,0
20260915_025738,C0+C0p+C3+FLOW+MTC+S11+WARM+PRE+K5+K7+FILT+MD+SEED+SEEDLS,inputs_7x7,midpoint,0,single_sp_distinct,110
20260915_025738,C0+C0p+C3+FLOW+MTC+S11+WARM+PRE+K5+K7+FILT+MD+SEED+SEEDLS,inputs_7x7,midpoint,0,master_time_s,3.8112947940826416
20260915_025738,C0+C0p+C3+FLOW+MTC+S11+WARM+PRE+K5+K7+FILT+MD+SEED+SEEDLS,inputs_7x7,midpoint,0,sp_time_s,1670.9421961307526
20260915_025738,C0+C0p+C3+FLOW+MTC+S11+WARM+PRE+K5+K7+FILT+MD+SEED+SEEDLS,inputs_7x7,midpoint,0,master_time_share,0.002275734796037333
20260915_025738,C0+C0p+C3+FLOW+MTC+S11+WARM+PRE+K5+K7+FILT+MD+SEED+SEEDLS,inputs_7x7,midpoint,0,sp_time_share,0.9977242652039626
20260915_025738,C0+C0p+C3+FLOW+MTC+S11+WARM+PRE+K5+K7+FILT+MD+SEED+SEEDLS,inputs_7x7,midpoint,0,t_to_gap_10pct,421.32700967788696
20260915_025738,C0+C0p+C3+FLOW+MTC+S11+WARM+PRE+K5+K7+FILT+MD+SEED+SEEDLS,inputs_7x7,midpoint,0,t_to_gap_5pct,722.0576994419098
20260915_025738,C0+C0p+C3+FLOW+MTC+S11+WARM+PRE+K5+K7+FILT+MD+SEED+SEEDLS,inputs_7x7,midpoint,0,t_to_gap_3pct,
20260915_025738,C0+C0p+C3+FLOW+MTC+S11+WARM+PRE+K5+K7+FILT+MD+SEED+SEEDLS,inputs_7x7,midpoint,0,t_to_gap_1pct,
20260915_025741,C0+C0p+C3+FLOW+MTC+S11+WARM+PRE+K5+K7+FILT+MD+SEED+SEEDLS,inputs_8x8,midpoint,0,status,TIME_LIMIT
20260915_025741,C0+C0p+C3+FLOW+MTC+S11+WARM+PRE+K5+K7+FILT+MD+SEED+SEEDLS,inputs_8x8,midpoint,0,LB,2990.752809237347
20260915_025741,C0+C0p+C3+FLOW+MTC+S11+WARM+PRE+K5+K7+FILT+MD+SEED+SEEDLS,inputs_8x8,midpoint,0,UB,3050.642024627488
20260915_025741,C0+C0p+C3+FLOW+MTC+S11+WARM+PRE+K5+K7+FILT+MD+SEED+SEEDLS,inputs_8x8,midpoint,0,gap,0.019631675859265764
20260915_025741,C0+C0p+C3+FLOW+MTC+S11+WARM+PRE+K5+K7+FILT+MD+SEED+SEEDLS,inputs_8x8,midpoint,0,iterations,6
20260915_025741,C0+C0p+C3+FLOW+MTC+S11+WARM+PRE+K5+K7+FILT+MD+SEED+SEEDLS,inputs_8x8,midpoint,0,runtime_s,1800.5684127807617
20260915_025741,C0+C0p+C3+FLOW+MTC+S11+WARM+PRE+K5+K7+FILT+MD+SEED+SEEDLS,inputs_8x8,midpoint,0,wall_s,1800.5765235424042
20260915_025741,C0+C0p+C3+FLOW+MTC+S11+WARM+PRE+K5+K7+FILT+MD+SEED+SEEDLS,inputs_8x8,midpoint,0,n_sp_calls,8
20260915_025741,C0+C0p+C3+FLOW+MTC+S11+WARM+PRE+K5+K7+FILT+MD+SEED+SEEDLS,inputs_8x8,midpoint,0,incumbent_value,2990.752809237347
20260915_025741,C0+C0p+C3+FLOW+MTC+S11+WARM+PRE+K5+K7+FILT+MD+SEED+SEEDLS,inputs_8x8,midpoint,0,certified,0
20260915_025741,C0+C0p+C3+FLOW+MTC+S11+WARM+PRE+K5+K7+FILT+MD+SEED+SEEDLS,inputs_8x8,midpoint,0,n_Nf,58
20260915_025741,C0+C0p+C3+FLOW+MTC+S11+WARM+PRE+K5+K7+FILT+MD+SEED+SEEDLS,inputs_8x8,midpoint,0,n_K,525
20260915_025741,C0+C0p+C3+FLOW+MTC+S11+WARM+PRE+K5+K7+FILT+MD+SEED+SEEDLS,inputs_8x8,midpoint,0,sp_engine,strong_resource
20260915_025741,C0+C0p+C3+FLOW+MTC+S11+WARM+PRE+K5+K7+FILT+MD+SEED+SEEDLS,inputs_8x8,midpoint,0,sp_mip_gap,0.0
20260915_025741,C0+C0p+C3+FLOW+MTC+S11+WARM+PRE+K5+K7+FILT+MD+SEED+SEEDLS,inputs_8x8,midpoint,0,sp_tighten,0
20260915_025741,C0+C0p+C3+FLOW+MTC+S11+WARM+PRE+K5+K7+FILT+MD+SEED+SEEDLS,inputs_8x8,midpoint,0,sp_tight_gap,0.0
20260915_025741,C0+C0p+C3+FLOW+MTC+S11+WARM+PRE+K5+K7+FILT+MD+SEED+SEEDLS,inputs_8x8,midpoint,0,seed_localsearch,1
20260915_025741,C0+C0p+C3+FLOW+MTC+S11+WARM+PRE+K5+K7+FILT+MD+SEED+SEEDLS,inputs_8x8,midpoint,0,seed_budget_s,120.0
20260915_025741,C0+C0p+C3+FLOW+MTC+S11+WARM+PRE+K5+K7+FILT+MD+SEED+SEEDLS,inputs_8x8,midpoint,0,bigm_threshold,18
20260915_025741,C0+C0p+C3+FLOW+MTC+S11+WARM+PRE+K5+K7+FILT+MD+SEED+SEEDLS,inputs_8x8,midpoint,0,bigm_margin,1.0
20260915_025741,C0+C0p+C3+FLOW+MTC+S11+WARM+PRE+K5+K7+FILT+MD+SEED+SEEDLS,inputs_8x8,midpoint,0,bigm_method,global_sum
20260915_025741,C0+C0p+C3+FLOW+MTC+S11+WARM+PRE+K5+K7+FILT+MD+SEED+SEEDLS,inputs_8x8,midpoint,0,bigm_nodes_in_dp,0
20260915_025741,C0+C0p+C3+FLOW+MTC+S11+WARM+PRE+K5+K7+FILT+MD+SEED+SEEDLS,inputs_8x8,midpoint,0,bigm_dp_completed,False
20260915_025741,C0+C0p+C3+FLOW+MTC+S11+WARM+PRE+K5+K7+FILT+MD+SEED+SEEDLS,inputs_8x8,midpoint,0,M_d,451.3784592856163
20260915_025741,C0+C0p+C3+FLOW+MTC+S11+WARM+PRE+K5+K7+FILT+MD+SEED+SEEDLS,inputs_8x8,midpoint,0,ts_ub,406.0337102695285
20260915_025741,C0+C0p+C3+FLOW+MTC+S11+WARM+PRE+K5+K7+FILT+MD+SEED+SEEDLS,inputs_8x8,midpoint,0,te_ub,435.3784592856163
20260915_025741,C0+C0p+C3+FLOW+MTC+S11+WARM+PRE+K5+K7+FILT+MD+SEED+SEEDLS,inputs_8x8,midpoint,0,seed_LB,2972.8370001069416
20260915_025741,C0+C0p+C3+FLOW+MTC+S11+WARM+PRE+K5+K7+FILT+MD+SEED+SEEDLS,inputs_8x8,midpoint,0,seed_time_s,120.26920700073242
20260915_025741,C0+C0p+C3+FLOW+MTC+S11+WARM+PRE+K5+K7+FILT+MD+SEED+SEEDLS,inputs_8x8,midpoint,0,seed_source,containment
20260915_025741,C0+C0p+C3+FLOW+MTC+S11+WARM+PRE+K5+K7+FILT+MD+SEED+SEEDLS,inputs_8x8,midpoint,0,spcall_OPTIMAL,1
20260915_025741,C0+C0p+C3+FLOW+MTC+S11+WARM+PRE+K5+K7+FILT+MD+SEED+SEEDLS,inputs_8x8,midpoint,0,spcall_TIME_LIMIT_WITH_INCUMBENT,7
20260915_025741,C0+C0p+C3+FLOW+MTC+S11+WARM+PRE+K5+K7+FILT+MD+SEED+SEEDLS,inputs_8x8,midpoint,0,cut_cell_optimality,139
20260915_025741,C0+C0p+C3+FLOW+MTC+S11+WARM+PRE+K5+K7+FILT+MD+SEED+SEEDLS,inputs_8x8,midpoint,0,cut_dual_bound,6
20260915_025741,C0+C0p+C3+FLOW+MTC+S11+WARM+PRE+K5+K7+FILT+MD+SEED+SEEDLS,inputs_8x8,midpoint,0,singleton_cache_enabled,1
20260915_025741,C0+C0p+C3+FLOW+MTC+S11+WARM+PRE+K5+K7+FILT+MD+SEED+SEEDLS,inputs_8x8,midpoint,0,single_sp_requests,170
20260915_025741,C0+C0p+C3+FLOW+MTC+S11+WARM+PRE+K5+K7+FILT+MD+SEED+SEEDLS,inputs_8x8,midpoint,0,single_sp_solves,138
20260915_025741,C0+C0p+C3+FLOW+MTC+S11+WARM+PRE+K5+K7+FILT+MD+SEED+SEEDLS,inputs_8x8,midpoint,0,single_sp_cache_hits,32
20260915_025741,C0+C0p+C3+FLOW+MTC+S11+WARM+PRE+K5+K7+FILT+MD+SEED+SEEDLS,inputs_8x8,midpoint,0,single_sp_build_time_s,2.886777639389038
20260915_025741,C0+C0p+C3+FLOW+MTC+S11+WARM+PRE+K5+K7+FILT+MD+SEED+SEEDLS,inputs_8x8,midpoint,0,single_sp_solve_time_s,6.114735126495361
20260915_025741,C0+C0p+C3+FLOW+MTC+S11+WARM+PRE+K5+K7+FILT+MD+SEED+SEEDLS,inputs_8x8,midpoint,0,single_sp_time_s,9.0015127658844
20260915_025741,C0+C0p+C3+FLOW+MTC+S11+WARM+PRE+K5+K7+FILT+MD+SEED+SEEDLS,inputs_8x8,midpoint,0,cache_lookup_time_s,0.001043396070599556
20260915_025741,C0+C0p+C3+FLOW+MTC+S11+WARM+PRE+K5+K7+FILT+MD+SEED+SEEDLS,inputs_8x8,midpoint,0,est_prevented_solve_time_s,3.427030563354492
20260915_025741,C0+C0p+C3+FLOW+MTC+S11+WARM+PRE+K5+K7+FILT+MD+SEED+SEEDLS,inputs_8x8,midpoint,0,single_sp_status_FEASIBLE_VERIFIED,138
20260915_025741,C0+C0p+C3+FLOW+MTC+S11+WARM+PRE+K5+K7+FILT+MD+SEED+SEEDLS,inputs_8x8,midpoint,0,single_sp_status_INFEASIBLE_PROVEN,0
20260915_025741,C0+C0p+C3+FLOW+MTC+S11+WARM+PRE+K5+K7+FILT+MD+SEED+SEEDLS,inputs_8x8,midpoint,0,single_sp_status_UNKNOWN,0
20260915_025741,C0+C0p+C3+FLOW+MTC+S11+WARM+PRE+K5+K7+FILT+MD+SEED+SEEDLS,inputs_8x8,midpoint,0,dup_cuts_prevented,0
20260915_025741,C0+C0p+C3+FLOW+MTC+S11+WARM+PRE+K5+K7+FILT+MD+SEED+SEEDLS,inputs_8x8,midpoint,0,single_sp_distinct,138
20260915_025741,C0+C0p+C3+FLOW+MTC+S11+WARM+PRE+K5+K7+FILT+MD+SEED+SEEDLS,inputs_8x8,midpoint,0,master_time_s,10.74412226676941
20260915_025741,C0+C0p+C3+FLOW+MTC+S11+WARM+PRE+K5+K7+FILT+MD+SEED+SEEDLS,inputs_8x8,midpoint,0,sp_time_s,1657.900151014328
20260915_025741,C0+C0p+C3+FLOW+MTC+S11+WARM+PRE+K5+K7+FILT+MD+SEED+SEEDLS,inputs_8x8,midpoint,0,master_time_share,0.006438833272500297
20260915_025741,C0+C0p+C3+FLOW+MTC+S11+WARM+PRE+K5+K7+FILT+MD+SEED+SEEDLS,inputs_8x8,midpoint,0,sp_time_share,0.9935611667274997
20260915_025741,C0+C0p+C3+FLOW+MTC+S11+WARM+PRE+K5+K7+FILT+MD+SEED+SEEDLS,inputs_8x8,midpoint,0,t_to_gap_10pct,421.3279755115509
20260915_025741,C0+C0p+C3+FLOW+MTC+S11+WARM+PRE+K5+K7+FILT+MD+SEED+SEEDLS,inputs_8x8,midpoint,0,t_to_gap_5pct,421.3279755115509
20260915_025741,C0+C0p+C3+FLOW+MTC+S11+WARM+PRE+K5+K7+FILT+MD+SEED+SEEDLS,inputs_8x8,midpoint,0,t_to_gap_3pct,421.3279755115509
20260915_025741,C0+C0p+C3+FLOW+MTC+S11+WARM+PRE+K5+K7+FILT+MD+SEED+SEEDLS,inputs_8x8,midpoint,0,t_to_gap_1pct,
20260915_030457,C0+C0p+C3+FLOW+MTC+S11+WARM+PRE+K5+K7+FILT+MD+SEED+SEEDLS,inputs_9x9,midpoint,0,status,TIME_LIMIT
20260915_030457,C0+C0p+C3+FLOW+MTC+S11+WARM+PRE+K5+K7+FILT+MD+SEED+SEEDLS,inputs_9x9,midpoint,0,LB,4321.983181051824
20260915_030457,C0+C0p+C3+FLOW+MTC+S11+WARM+PRE+K5+K7+FILT+MD+SEED+SEEDLS,inputs_9x9,midpoint,0,UB,4534.059390229267
20260915_030457,C0+C0p+C3+FLOW+MTC+S11+WARM+PRE+K5+K7+FILT+MD+SEED+SEEDLS,inputs_9x9,midpoint,0,gap,0.04677402542067684
20260915_030457,C0+C0p+C3+FLOW+MTC+S11+WARM+PRE+K5+K7+FILT+MD+SEED+SEEDLS,inputs_9x9,midpoint,0,iterations,233
20260915_030457,C0+C0p+C3+FLOW+MTC+S11+WARM+PRE+K5+K7+FILT+MD+SEED+SEEDLS,inputs_9x9,midpoint,0,runtime_s,1800.001544713974
20260915_030457,C0+C0p+C3+FLOW+MTC+S11+WARM+PRE+K5+K7+FILT+MD+SEED+SEEDLS,inputs_9x9,midpoint,0,wall_s,1800.0321943759918
20260915_030457,C0+C0p+C3+FLOW+MTC+S11+WARM+PRE+K5+K7+FILT+MD+SEED+SEEDLS,inputs_9x9,midpoint,0,n_sp_calls,3
20260915_030457,C0+C0p+C3+FLOW+MTC+S11+WARM+PRE+K5+K7+FILT+MD+SEED+SEEDLS,inputs_9x9,midpoint,0,incumbent_value,4321.983181051824
20260915_030457,C0+C0p+C3+FLOW+MTC+S11+WARM+PRE+K5+K7+FILT+MD+SEED+SEEDLS,inputs_9x9,midpoint,0,certified,0
20260915_030457,C0+C0p+C3+FLOW+MTC+S11+WARM+PRE+K5+K7+FILT+MD+SEED+SEEDLS,inputs_9x9,midpoint,0,n_Nf,75
20260915_030457,C0+C0p+C3+FLOW+MTC+S11+WARM+PRE+K5+K7+FILT+MD+SEED+SEEDLS,inputs_9x9,midpoint,0,n_K,855
20260915_030457,C0+C0p+C3+FLOW+MTC+S11+WARM+PRE+K5+K7+FILT+MD+SEED+SEEDLS,inputs_9x9,midpoint,0,sp_engine,strong_resource
20260915_030457,C0+C0p+C3+FLOW+MTC+S11+WARM+PRE+K5+K7+FILT+MD+SEED+SEEDLS,inputs_9x9,midpoint,0,sp_mip_gap,0.0
20260915_030457,C0+C0p+C3+FLOW+MTC+S11+WARM+PRE+K5+K7+FILT+MD+SEED+SEEDLS,inputs_9x9,midpoint,0,sp_tighten,0
20260915_030457,C0+C0p+C3+FLOW+MTC+S11+WARM+PRE+K5+K7+FILT+MD+SEED+SEEDLS,inputs_9x9,midpoint,0,sp_tight_gap,0.0
20260915_030457,C0+C0p+C3+FLOW+MTC+S11+WARM+PRE+K5+K7+FILT+MD+SEED+SEEDLS,inputs_9x9,midpoint,0,seed_localsearch,1
20260915_030457,C0+C0p+C3+FLOW+MTC+S11+WARM+PRE+K5+K7+FILT+MD+SEED+SEEDLS,inputs_9x9,midpoint,0,seed_budget_s,120.0
20260915_030457,C0+C0p+C3+FLOW+MTC+S11+WARM+PRE+K5+K7+FILT+MD+SEED+SEEDLS,inputs_9x9,midpoint,0,bigm_threshold,18
20260915_030457,C0+C0p+C3+FLOW+MTC+S11+WARM+PRE+K5+K7+FILT+MD+SEED+SEEDLS,inputs_9x9,midpoint,0,bigm_margin,1.0
20260915_030457,C0+C0p+C3+FLOW+MTC+S11+WARM+PRE+K5+K7+FILT+MD+SEED+SEEDLS,inputs_9x9,midpoint,0,bigm_method,global_sum
20260915_030457,C0+C0p+C3+FLOW+MTC+S11+WARM+PRE+K5+K7+FILT+MD+SEED+SEEDLS,inputs_9x9,midpoint,0,bigm_nodes_in_dp,0
20260915_030457,C0+C0p+C3+FLOW+MTC+S11+WARM+PRE+K5+K7+FILT+MD+SEED+SEEDLS,inputs_9x9,midpoint,0,bigm_dp_completed,False
20260915_030457,C0+C0p+C3+FLOW+MTC+S11+WARM+PRE+K5+K7+FILT+MD+SEED+SEEDLS,inputs_9x9,midpoint,0,M_d,504.502085034314
20260915_030457,C0+C0p+C3+FLOW+MTC+S11+WARM+PRE+K5+K7+FILT+MD+SEED+SEEDLS,inputs_9x9,midpoint,0,ts_ub,455.1573360182262
20260915_030457,C0+C0p+C3+FLOW+MTC+S11+WARM+PRE+K5+K7+FILT+MD+SEED+SEEDLS,inputs_9x9,midpoint,0,te_ub,484.502085034314
20260915_030457,C0+C0p+C3+FLOW+MTC+S11+WARM+PRE+K5+K7+FILT+MD+SEED+SEEDLS,inputs_9x9,midpoint,0,seed_LB,4234.876022814792
20260915_030457,C0+C0p+C3+FLOW+MTC+S11+WARM+PRE+K5+K7+FILT+MD+SEED+SEEDLS,inputs_9x9,midpoint,0,seed_time_s,120.7609498500824
20260915_030457,C0+C0p+C3+FLOW+MTC+S11+WARM+PRE+K5+K7+FILT+MD+SEED+SEEDLS,inputs_9x9,midpoint,0,seed_source,containment
20260915_030457,C0+C0p+C3+FLOW+MTC+S11+WARM+PRE+K5+K7+FILT+MD+SEED+SEEDLS,inputs_9x9,midpoint,0,spcall_TIME_LIMIT_WITH_INCUMBENT,3
20260915_030457,C0+C0p+C3+FLOW+MTC+S11+WARM+PRE+K5+K7+FILT+MD+SEED+SEEDLS,inputs_9x9,midpoint,0,cut_singleton_infeasible,231
20260915_030457,C0+C0p+C3+FLOW+MTC+S11+WARM+PRE+K5+K7+FILT+MD+SEED+SEEDLS,inputs_9x9,midpoint,0,cut_cell_optimality,17
20260915_030457,C0+C0p+C3+FLOW+MTC+S11+WARM+PRE+K5+K7+FILT+MD+SEED+SEEDLS,inputs_9x9,midpoint,0,cut_dual_bound,1
20260915_030457,C0+C0p+C3+FLOW+MTC+S11+WARM+PRE+K5+K7+FILT+MD+SEED+SEEDLS,inputs_9x9,midpoint,0,singleton_cache_enabled,1
20260915_030457,C0+C0p+C3+FLOW+MTC+S11+WARM+PRE+K5+K7+FILT+MD+SEED+SEEDLS,inputs_9x9,midpoint,0,single_sp_requests,9323
20260915_030457,C0+C0p+C3+FLOW+MTC+S11+WARM+PRE+K5+K7+FILT+MD+SEED+SEEDLS,inputs_9x9,midpoint,0,single_sp_solves,1768
20260915_030457,C0+C0p+C3+FLOW+MTC+S11+WARM+PRE+K5+K7+FILT+MD+SEED+SEEDLS,inputs_9x9,midpoint,0,single_sp_cache_hits,7555
20260915_030457,C0+C0p+C3+FLOW+MTC+S11+WARM+PRE+K5+K7+FILT+MD+SEED+SEEDLS,inputs_9x9,midpoint,0,single_sp_build_time_s,61.39781379699707
20260915_030457,C0+C0p+C3+FLOW+MTC+S11+WARM+PRE+K5+K7+FILT+MD+SEED+SEEDLS,inputs_9x9,midpoint,0,single_sp_solve_time_s,110.09424591064453
20260915_030457,C0+C0p+C3+FLOW+MTC+S11+WARM+PRE+K5+K7+FILT+MD+SEED+SEEDLS,inputs_9x9,midpoint,0,single_sp_time_s,171.4920597076416
20260915_030457,C0+C0p+C3+FLOW+MTC+S11+WARM+PRE+K5+K7+FILT+MD+SEED+SEEDLS,inputs_9x9,midpoint,0,cache_lookup_time_s,0.02677252609282732
20260915_030457,C0+C0p+C3+FLOW+MTC+S11+WARM+PRE+K5+K7+FILT+MD+SEED+SEEDLS,inputs_9x9,midpoint,0,est_prevented_solve_time_s,1862.390430688858
20260915_030457,C0+C0p+C3+FLOW+MTC+S11+WARM+PRE+K5+K7+FILT+MD+SEED+SEEDLS,inputs_9x9,midpoint,0,single_sp_status_FEASIBLE_VERIFIED,1767
20260915_030457,C0+C0p+C3+FLOW+MTC+S11+WARM+PRE+K5+K7+FILT+MD+SEED+SEEDLS,inputs_9x9,midpoint,0,single_sp_status_INFEASIBLE_PROVEN,1
20260915_030457,C0+C0p+C3+FLOW+MTC+S11+WARM+PRE+K5+K7+FILT+MD+SEED+SEEDLS,inputs_9x9,midpoint,0,single_sp_status_UNKNOWN,0
20260915_030457,C0+C0p+C3+FLOW+MTC+S11+WARM+PRE+K5+K7+FILT+MD+SEED+SEEDLS,inputs_9x9,midpoint,0,dup_cuts_prevented,0
20260915_030457,C0+C0p+C3+FLOW+MTC+S11+WARM+PRE+K5+K7+FILT+MD+SEED+SEEDLS,inputs_9x9,midpoint,0,single_sp_distinct,1768
20260915_030457,C0+C0p+C3+FLOW+MTC+S11+WARM+PRE+K5+K7+FILT+MD+SEED+SEEDLS,inputs_9x9,midpoint,0,master_time_s,1204.7718181610107
20260915_030457,C0+C0p+C3+FLOW+MTC+S11+WARM+PRE+K5+K7+FILT+MD+SEED+SEEDLS,inputs_9x9,midpoint,0,sp_time_s,300.00308203697205
20260915_030457,C0+C0p+C3+FLOW+MTC+S11+WARM+PRE+K5+K7+FILT+MD+SEED+SEEDLS,inputs_9x9,midpoint,0,master_time_share,0.8006325849816469
20260915_030457,C0+C0p+C3+FLOW+MTC+S11+WARM+PRE+K5+K7+FILT+MD+SEED+SEEDLS,inputs_9x9,midpoint,0,sp_time_share,0.19936741501835306
20260915_030457,C0+C0p+C3+FLOW+MTC+S11+WARM+PRE+K5+K7+FILT+MD+SEED+SEEDLS,inputs_9x9,midpoint,0,t_to_gap_10pct,120.77600169181824
20260915_030457,C0+C0p+C3+FLOW+MTC+S11+WARM+PRE+K5+K7+FILT+MD+SEED+SEEDLS,inputs_9x9,midpoint,0,t_to_gap_5pct,428.7254650592804
20260915_030457,C0+C0p+C3+FLOW+MTC+S11+WARM+PRE+K5+K7+FILT+MD+SEED+SEEDLS,inputs_9x9,midpoint,0,t_to_gap_3pct,
20260915_030457,C0+C0p+C3+FLOW+MTC+S11+WARM+PRE+K5+K7+FILT+MD+SEED+SEEDLS,inputs_9x9,midpoint,0,t_to_gap_1pct,
20260915_031749,C0+C0p+C3+FLOW+MTC+S11+WARM+PRE+K5+K7+FILT+MD+SEED+SEEDLS,inputs_10x10,midpoint,0,status,TIME_LIMIT
20260915_031749,C0+C0p+C3+FLOW+MTC+S11+WARM+PRE+K5+K7+FILT+MD+SEED+SEEDLS,inputs_10x10,midpoint,0,LB,5224.086693795482
20260915_031749,C0+C0p+C3+FLOW+MTC+S11+WARM+PRE+K5+K7+FILT+MD+SEED+SEEDLS,inputs_10x10,midpoint,0,UB,5606.6108147160285
20260915_031749,C0+C0p+C3+FLOW+MTC+S11+WARM+PRE+K5+K7+FILT+MD+SEED+SEEDLS,inputs_10x10,midpoint,0,gap,0.06822733618615216
20260915_031749,C0+C0p+C3+FLOW+MTC+S11+WARM+PRE+K5+K7+FILT+MD+SEED+SEEDLS,inputs_10x10,midpoint,0,iterations,51
20260915_031749,C0+C0p+C3+FLOW+MTC+S11+WARM+PRE+K5+K7+FILT+MD+SEED+SEEDLS,inputs_10x10,midpoint,0,runtime_s,1800.00275182724
20260915_031749,C0+C0p+C3+FLOW+MTC+S11+WARM+PRE+K5+K7+FILT+MD+SEED+SEEDLS,inputs_10x10,midpoint,0,wall_s,1800.0075573921204
20260915_031749,C0+C0p+C3+FLOW+MTC+S11+WARM+PRE+K5+K7+FILT+MD+SEED+SEEDLS,inputs_10x10,midpoint,0,n_sp_calls,3
20260915_031749,C0+C0p+C3+FLOW+MTC+S11+WARM+PRE+K5+K7+FILT+MD+SEED+SEEDLS,inputs_10x10,midpoint,0,incumbent_value,5224.086693795482
20260915_031749,C0+C0p+C3+FLOW+MTC+S11+WARM+PRE+K5+K7+FILT+MD+SEED+SEEDLS,inputs_10x10,midpoint,0,certified,0
20260915_031749,C0+C0p+C3+FLOW+MTC+S11+WARM+PRE+K5+K7+FILT+MD+SEED+SEEDLS,inputs_10x10,midpoint,0,n_Nf,90
20260915_031749,C0+C0p+C3+FLOW+MTC+S11+WARM+PRE+K5+K7+FILT+MD+SEED+SEEDLS,inputs_10x10,midpoint,0,n_K,77
20260915_031749,C0+C0p+C3+FLOW+MTC+S11+WARM+PRE+K5+K7+FILT+MD+SEED+SEEDLS,inputs_10x10,midpoint,0,sp_engine,strong_resource
20260915_031749,C0+C0p+C3+FLOW+MTC+S11+WARM+PRE+K5+K7+FILT+MD+SEED+SEEDLS,inputs_10x10,midpoint,0,sp_mip_gap,0.0
20260915_031749,C0+C0p+C3+FLOW+MTC+S11+WARM+PRE+K5+K7+FILT+MD+SEED+SEEDLS,inputs_10x10,midpoint,0,sp_tighten,0
20260915_031749,C0+C0p+C3+FLOW+MTC+S11+WARM+PRE+K5+K7+FILT+MD+SEED+SEEDLS,inputs_10x10,midpoint,0,sp_tight_gap,0.0
20260915_031749,C0+C0p+C3+FLOW+MTC+S11+WARM+PRE+K5+K7+FILT+MD+SEED+SEEDLS,inputs_10x10,midpoint,0,seed_localsearch,1
20260915_031749,C0+C0p+C3+FLOW+MTC+S11+WARM+PRE+K5+K7+FILT+MD+SEED+SEEDLS,inputs_10x10,midpoint,0,seed_budget_s,120.0
20260915_031749,C0+C0p+C3+FLOW+MTC+S11+WARM+PRE+K5+K7+FILT+MD+SEED+SEEDLS,inputs_10x10,midpoint,0,bigm_threshold,18
20260915_031749,C0+C0p+C3+FLOW+MTC+S11+WARM+PRE+K5+K7+FILT+MD+SEED+SEEDLS,inputs_10x10,midpoint,0,bigm_margin,1.0
20260915_031749,C0+C0p+C3+FLOW+MTC+S11+WARM+PRE+K5+K7+FILT+MD+SEED+SEEDLS,inputs_10x10,midpoint,0,bigm_method,global_sum
20260915_031749,C0+C0p+C3+FLOW+MTC+S11+WARM+PRE+K5+K7+FILT+MD+SEED+SEEDLS,inputs_10x10,midpoint,0,bigm_nodes_in_dp,0
20260915_031749,C0+C0p+C3+FLOW+MTC+S11+WARM+PRE+K5+K7+FILT+MD+SEED+SEEDLS,inputs_10x10,midpoint,0,bigm_dp_completed,False
20260915_031749,C0+C0p+C3+FLOW+MTC+S11+WARM+PRE+K5+K7+FILT+MD+SEED+SEEDLS,inputs_10x10,midpoint,0,M_d,928.6015036075818
20260915_031749,C0+C0p+C3+FLOW+MTC+S11+WARM+PRE+K5+K7+FILT+MD+SEED+SEEDLS,inputs_10x10,midpoint,0,ts_ub,876.256754591494
20260915_031749,C0+C0p+C3+FLOW+MTC+S11+WARM+PRE+K5+K7+FILT+MD+SEED+SEEDLS,inputs_10x10,midpoint,0,te_ub,905.6015036075818
20260915_031749,C0+C0p+C3+FLOW+MTC+S11+WARM+PRE+K5+K7+FILT+MD+SEED+SEEDLS,inputs_10x10,midpoint,0,seed_LB,5224.086693795482
20260915_031749,C0+C0p+C3+FLOW+MTC+S11+WARM+PRE+K5+K7+FILT+MD+SEED+SEEDLS,inputs_10x10,midpoint,0,seed_time_s,120.01512837409973
20260915_031749,C0+C0p+C3+FLOW+MTC+S11+WARM+PRE+K5+K7+FILT+MD+SEED+SEEDLS,inputs_10x10,midpoint,0,seed_source,localsearch
20260915_031749,C0+C0p+C3+FLOW+MTC+S11+WARM+PRE+K5+K7+FILT+MD+SEED+SEEDLS,inputs_10x10,midpoint,0,spcall_INFEASIBLE_PROVEN,1
20260915_031749,C0+C0p+C3+FLOW+MTC+S11+WARM+PRE+K5+K7+FILT+MD+SEED+SEEDLS,inputs_10x10,midpoint,0,spcall_TIME_LIMIT_WITH_INCUMBENT,2
20260915_031749,C0+C0p+C3+FLOW+MTC+S11+WARM+PRE+K5+K7+FILT+MD+SEED+SEEDLS,inputs_10x10,midpoint,0,cut_singleton_infeasible,288
20260915_031749,C0+C0p+C3+FLOW+MTC+S11+WARM+PRE+K5+K7+FILT+MD+SEED+SEEDLS,inputs_10x10,midpoint,0,cut_cell_optimality,25
20260915_031749,C0+C0p+C3+FLOW+MTC+S11+WARM+PRE+K5+K7+FILT+MD+SEED+SEEDLS,inputs_10x10,midpoint,0,cut_conflict_infeasible,1
20260915_031749,C0+C0p+C3+FLOW+MTC+S11+WARM+PRE+K5+K7+FILT+MD+SEED+SEEDLS,inputs_10x10,midpoint,0,cut_propagation,1
20260915_031749,C0+C0p+C3+FLOW+MTC+S11+WARM+PRE+K5+K7+FILT+MD+SEED+SEEDLS,inputs_10x10,midpoint,0,singleton_cache_enabled,1
20260915_031749,C0+C0p+C3+FLOW+MTC+S11+WARM+PRE+K5+K7+FILT+MD+SEED+SEEDLS,inputs_10x10,midpoint,0,single_sp_requests,2544
20260915_031749,C0+C0p+C3+FLOW+MTC+S11+WARM+PRE+K5+K7+FILT+MD+SEED+SEEDLS,inputs_10x10,midpoint,0,single_sp_solves,1700
20260915_031749,C0+C0p+C3+FLOW+MTC+S11+WARM+PRE+K5+K7+FILT+MD+SEED+SEEDLS,inputs_10x10,midpoint,0,single_sp_cache_hits,844
20260915_031749,C0+C0p+C3+FLOW+MTC+S11+WARM+PRE+K5+K7+FILT+MD+SEED+SEEDLS,inputs_10x10,midpoint,0,single_sp_build_time_s,4.753512859344482
20260915_031749,C0+C0p+C3+FLOW+MTC+S11+WARM+PRE+K5+K7+FILT+MD+SEED+SEEDLS,inputs_10x10,midpoint,0,single_sp_solve_time_s,2.793962001800537
20260915_031749,C0+C0p+C3+FLOW+MTC+S11+WARM+PRE+K5+K7+FILT+MD+SEED+SEEDLS,inputs_10x10,midpoint,0,single_sp_time_s,7.5474748611450195
20260915_031749,C0+C0p+C3+FLOW+MTC+S11+WARM+PRE+K5+K7+FILT+MD+SEED+SEEDLS,inputs_10x10,midpoint,0,cache_lookup_time_s,0.00805592630058527
20260915_031749,C0+C0p+C3+FLOW+MTC+S11+WARM+PRE+K5+K7+FILT+MD+SEED+SEEDLS,inputs_10x10,midpoint,0,est_prevented_solve_time_s,1.3186821937561035
20260915_031749,C0+C0p+C3+FLOW+MTC+S11+WARM+PRE+K5+K7+FILT+MD+SEED+SEEDLS,inputs_10x10,midpoint,0,single_sp_status_FEASIBLE_VERIFIED,1694
20260915_031749,C0+C0p+C3+FLOW+MTC+S11+WARM+PRE+K5+K7+FILT+MD+SEED+SEEDLS,inputs_10x10,midpoint,0,single_sp_status_INFEASIBLE_PROVEN,6
20260915_031749,C0+C0p+C3+FLOW+MTC+S11+WARM+PRE+K5+K7+FILT+MD+SEED+SEEDLS,inputs_10x10,midpoint,0,single_sp_status_UNKNOWN,0
20260915_031749,C0+C0p+C3+FLOW+MTC+S11+WARM+PRE+K5+K7+FILT+MD+SEED+SEEDLS,inputs_10x10,midpoint,0,dup_cuts_prevented,0
20260915_031749,C0+C0p+C3+FLOW+MTC+S11+WARM+PRE+K5+K7+FILT+MD+SEED+SEEDLS,inputs_10x10,midpoint,0,single_sp_distinct,1700
20260915_031749,C0+C0p+C3+FLOW+MTC+S11+WARM+PRE+K5+K7+FILT+MD+SEED+SEEDLS,inputs_10x10,midpoint,0,master_time_s,1597.2253596782684
20260915_031749,C0+C0p+C3+FLOW+MTC+S11+WARM+PRE+K5+K7+FILT+MD+SEED+SEEDLS,inputs_10x10,midpoint,0,sp_time_s,14.915879726409912
20260915_031749,C0+C0p+C3+FLOW+MTC+S11+WARM+PRE+K5+K7+FILT+MD+SEED+SEEDLS,inputs_10x10,midpoint,0,master_time_share,0.9907477835304815
20260915_031749,C0+C0p+C3+FLOW+MTC+S11+WARM+PRE+K5+K7+FILT+MD+SEED+SEEDLS,inputs_10x10,midpoint,0,sp_time_share,0.009252216469518487
20260915_031749,C0+C0p+C3+FLOW+MTC+S11+WARM+PRE+K5+K7+FILT+MD+SEED+SEEDLS,inputs_10x10,midpoint,0,t_to_gap_10pct,120.02333998680115
20260915_031749,C0+C0p+C3+FLOW+MTC+S11+WARM+PRE+K5+K7+FILT+MD+SEED+SEEDLS,inputs_10x10,midpoint,0,t_to_gap_5pct,
20260915_031749,C0+C0p+C3+FLOW+MTC+S11+WARM+PRE+K5+K7+FILT+MD+SEED+SEEDLS,inputs_10x10,midpoint,0,t_to_gap_3pct,
20260915_031749,C0+C0p+C3+FLOW+MTC+S11+WARM+PRE+K5+K7+FILT+MD+SEED+SEEDLS,inputs_10x10,midpoint,0,t_to_gap_1pct,
20260915_032739,C0+C0p+C3+FLOW+MTC+S11+WARM+PRE+K5+K7+FILT+MD+SEED+SEEDLS,inputs_11x11,midpoint,0,status,TIME_LIMIT
20260915_032739,C0+C0p+C3+FLOW+MTC+S11+WARM+PRE+K5+K7+FILT+MD+SEED+SEEDLS,inputs_11x11,midpoint,0,LB,6624.8173409264145
20260915_032739,C0+C0p+C3+FLOW+MTC+S11+WARM+PRE+K5+K7+FILT+MD+SEED+SEEDLS,inputs_11x11,midpoint,0,UB,7028.531749317358
20260915_032739,C0+C0p+C3+FLOW+MTC+S11+WARM+PRE+K5+K7+FILT+MD+SEED+SEEDLS,inputs_11x11,midpoint,0,gap,0.05743936611371983
20260915_032739,C0+C0p+C3+FLOW+MTC+S11+WARM+PRE+K5+K7+FILT+MD+SEED+SEEDLS,inputs_11x11,midpoint,0,iterations,16
20260915_032739,C0+C0p+C3+FLOW+MTC+S11+WARM+PRE+K5+K7+FILT+MD+SEED+SEEDLS,inputs_11x11,midpoint,0,runtime_s,1800.005150794983
20260915_032739,C0+C0p+C3+FLOW+MTC+S11+WARM+PRE+K5+K7+FILT+MD+SEED+SEEDLS,inputs_11x11,midpoint,0,wall_s,1800.0107898712158
20260915_032739,C0+C0p+C3+FLOW+MTC+S11+WARM+PRE+K5+K7+FILT+MD+SEED+SEEDLS,inputs_11x11,midpoint,0,n_sp_calls,3
20260915_032739,C0+C0p+C3+FLOW+MTC+S11+WARM+PRE+K5+K7+FILT+MD+SEED+SEEDLS,inputs_11x11,midpoint,0,incumbent_value,6624.8173409264145
20260915_032739,C0+C0p+C3+FLOW+MTC+S11+WARM+PRE+K5+K7+FILT+MD+SEED+SEEDLS,inputs_11x11,midpoint,0,certified,0
20260915_032739,C0+C0p+C3+FLOW+MTC+S11+WARM+PRE+K5+K7+FILT+MD+SEED+SEEDLS,inputs_11x11,midpoint,0,n_Nf,111
20260915_032739,C0+C0p+C3+FLOW+MTC+S11+WARM+PRE+K5+K7+FILT+MD+SEED+SEEDLS,inputs_11x11,midpoint,0,n_K,92
20260915_032739,C0+C0p+C3+FLOW+MTC+S11+WARM+PRE+K5+K7+FILT+MD+SEED+SEEDLS,inputs_11x11,midpoint,0,sp_engine,strong_resource
20260915_032739,C0+C0p+C3+FLOW+MTC+S11+WARM+PRE+K5+K7+FILT+MD+SEED+SEEDLS,inputs_11x11,midpoint,0,sp_mip_gap,0.0
20260915_032739,C0+C0p+C3+FLOW+MTC+S11+WARM+PRE+K5+K7+FILT+MD+SEED+SEEDLS,inputs_11x11,midpoint,0,sp_tighten,0
20260915_032739,C0+C0p+C3+FLOW+MTC+S11+WARM+PRE+K5+K7+FILT+MD+SEED+SEEDLS,inputs_11x11,midpoint,0,sp_tight_gap,0.0
20260915_032739,C0+C0p+C3+FLOW+MTC+S11+WARM+PRE+K5+K7+FILT+MD+SEED+SEEDLS,inputs_11x11,midpoint,0,seed_localsearch,1
20260915_032739,C0+C0p+C3+FLOW+MTC+S11+WARM+PRE+K5+K7+FILT+MD+SEED+SEEDLS,inputs_11x11,midpoint,0,seed_budget_s,120.0
20260915_032739,C0+C0p+C3+FLOW+MTC+S11+WARM+PRE+K5+K7+FILT+MD+SEED+SEEDLS,inputs_11x11,midpoint,0,bigm_threshold,18
20260915_032739,C0+C0p+C3+FLOW+MTC+S11+WARM+PRE+K5+K7+FILT+MD+SEED+SEEDLS,inputs_11x11,midpoint,0,bigm_margin,1.0
20260915_032739,C0+C0p+C3+FLOW+MTC+S11+WARM+PRE+K5+K7+FILT+MD+SEED+SEEDLS,inputs_11x11,midpoint,0,bigm_method,global_sum
20260915_032739,C0+C0p+C3+FLOW+MTC+S11+WARM+PRE+K5+K7+FILT+MD+SEED+SEEDLS,inputs_11x11,midpoint,0,bigm_nodes_in_dp,0
20260915_032739,C0+C0p+C3+FLOW+MTC+S11+WARM+PRE+K5+K7+FILT+MD+SEED+SEEDLS,inputs_11x11,midpoint,0,bigm_dp_completed,False
20260915_032739,C0+C0p+C3+FLOW+MTC+S11+WARM+PRE+K5+K7+FILT+MD+SEED+SEEDLS,inputs_11x11,midpoint,0,M_d,1086.4577509947378
20260915_032739,C0+C0p+C3+FLOW+MTC+S11+WARM+PRE+K5+K7+FILT+MD+SEED+SEEDLS,inputs_11x11,midpoint,0,ts_ub,1033.11300197865
20260915_032739,C0+C0p+C3+FLOW+MTC+S11+WARM+PRE+K5+K7+FILT+MD+SEED+SEEDLS,inputs_11x11,midpoint,0,te_ub,1062.4577509947378
20260915_032739,C0+C0p+C3+FLOW+MTC+S11+WARM+PRE+K5+K7+FILT+MD+SEED+SEEDLS,inputs_11x11,midpoint,0,seed_LB,6624.8173409264145
20260915_032739,C0+C0p+C3+FLOW+MTC+S11+WARM+PRE+K5+K7+FILT+MD+SEED+SEEDLS,inputs_11x11,midpoint,0,seed_time_s,120.01621437072754
20260915_032739,C0+C0p+C3+FLOW+MTC+S11+WARM+PRE+K5+K7+FILT+MD+SEED+SEEDLS,inputs_11x11,midpoint,0,seed_source,localsearch
20260915_032739,C0+C0p+C3+FLOW+MTC+S11+WARM+PRE+K5+K7+FILT+MD+SEED+SEEDLS,inputs_11x11,midpoint,0,spcall_TIME_LIMIT_WITH_INCUMBENT,3
20260915_032739,C0+C0p+C3+FLOW+MTC+S11+WARM+PRE+K5+K7+FILT+MD+SEED+SEEDLS,inputs_11x11,midpoint,0,cut_singleton_infeasible,79
20260915_032739,C0+C0p+C3+FLOW+MTC+S11+WARM+PRE+K5+K7+FILT+MD+SEED+SEEDLS,inputs_11x11,midpoint,0,cut_cell_optimality,32
20260915_032739,C0+C0p+C3+FLOW+MTC+S11+WARM+PRE+K5+K7+FILT+MD+SEED+SEEDLS,inputs_11x11,midpoint,0,cut_dual_bound,1
20260915_032739,C0+C0p+C3+FLOW+MTC+S11+WARM+PRE+K5+K7+FILT+MD+SEED+SEEDLS,inputs_11x11,midpoint,0,singleton_cache_enabled,1
20260915_032739,C0+C0p+C3+FLOW+MTC+S11+WARM+PRE+K5+K7+FILT+MD+SEED+SEEDLS,inputs_11x11,midpoint,0,single_sp_requests,728
20260915_032739,C0+C0p+C3+FLOW+MTC+S11+WARM+PRE+K5+K7+FILT+MD+SEED+SEEDLS,inputs_11x11,midpoint,0,single_sp_solves,475
20260915_032739,C0+C0p+C3+FLOW+MTC+S11+WARM+PRE+K5+K7+FILT+MD+SEED+SEEDLS,inputs_11x11,midpoint,0,single_sp_cache_hits,253
20260915_032739,C0+C0p+C3+FLOW+MTC+S11+WARM+PRE+K5+K7+FILT+MD+SEED+SEEDLS,inputs_11x11,midpoint,0,single_sp_build_time_s,1.5363314151763916
20260915_032739,C0+C0p+C3+FLOW+MTC+S11+WARM+PRE+K5+K7+FILT+MD+SEED+SEEDLS,inputs_11x11,midpoint,0,single_sp_solve_time_s,0.9643797874450684
20260915_032739,C0+C0p+C3+FLOW+MTC+S11+WARM+PRE+K5+K7+FILT+MD+SEED+SEEDLS,inputs_11x11,midpoint,0,single_sp_time_s,2.50071120262146
20260915_032739,C0+C0p+C3+FLOW+MTC+S11+WARM+PRE+K5+K7+FILT+MD+SEED+SEEDLS,inputs_11x11,midpoint,0,cache_lookup_time_s,0.0020571742206811905
20260915_032739,C0+C0p+C3+FLOW+MTC+S11+WARM+PRE+K5+K7+FILT+MD+SEED+SEEDLS,inputs_11x11,midpoint,0,est_prevented_solve_time_s,0.9409372806549072
20260915_032739,C0+C0p+C3+FLOW+MTC+S11+WARM+PRE+K5+K7+FILT+MD+SEED+SEEDLS,inputs_11x11,midpoint,0,single_sp_status_FEASIBLE_VERIFIED,467
20260915_032739,C0+C0p+C3+FLOW+MTC+S11+WARM+PRE+K5+K7+FILT+MD+SEED+SEEDLS,inputs_11x11,midpoint,0,single_sp_status_INFEASIBLE_PROVEN,8
20260915_032739,C0+C0p+C3+FLOW+MTC+S11+WARM+PRE+K5+K7+FILT+MD+SEED+SEEDLS,inputs_11x11,midpoint,0,single_sp_status_UNKNOWN,0
20260915_032739,C0+C0p+C3+FLOW+MTC+S11+WARM+PRE+K5+K7+FILT+MD+SEED+SEEDLS,inputs_11x11,midpoint,0,dup_cuts_prevented,0
20260915_032739,C0+C0p+C3+FLOW+MTC+S11+WARM+PRE+K5+K7+FILT+MD+SEED+SEEDLS,inputs_11x11,midpoint,0,single_sp_distinct,475
20260915_032739,C0+C0p+C3+FLOW+MTC+S11+WARM+PRE+K5+K7+FILT+MD+SEED+SEEDLS,inputs_11x11,midpoint,0,master_time_s,1377.3385591506958
20260915_032739,C0+C0p+C3+FLOW+MTC+S11+WARM+PRE+K5+K7+FILT+MD+SEED+SEEDLS,inputs_11x11,midpoint,0,sp_time_s,300.0007629394531
20260915_032739,C0+C0p+C3+FLOW+MTC+S11+WARM+PRE+K5+K7+FILT+MD+SEED+SEEDLS,inputs_11x11,midpoint,0,master_time_share,0.8211448578182623
20260915_032739,C0+C0p+C3+FLOW+MTC+S11+WARM+PRE+K5+K7+FILT+MD+SEED+SEEDLS,inputs_11x11,midpoint,0,sp_time_share,0.1788551421817377
20260915_032739,C0+C0p+C3+FLOW+MTC+S11+WARM+PRE+K5+K7+FILT+MD+SEED+SEEDLS,inputs_11x11,midpoint,0,t_to_gap_10pct,120.02514863014221
20260915_032739,C0+C0p+C3+FLOW+MTC+S11+WARM+PRE+K5+K7+FILT+MD+SEED+SEEDLS,inputs_11x11,midpoint,0,t_to_gap_5pct,
20260915_032739,C0+C0p+C3+FLOW+MTC+S11+WARM+PRE+K5+K7+FILT+MD+SEED+SEEDLS,inputs_11x11,midpoint,0,t_to_gap_3pct,
20260915_032739,C0+C0p+C3+FLOW+MTC+S11+WARM+PRE+K5+K7+FILT+MD+SEED+SEEDLS,inputs_11x11,midpoint,0,t_to_gap_1pct,
20260915_032739,C0+C0p+C3+FLOW+MTC+S11+WARM+PRE+K5+K7+FILT+MD+SEED+SEEDLS,inputs_12x12,midpoint,0,status,TIME_LIMIT
20260915_032739,C0+C0p+C3+FLOW+MTC+S11+WARM+PRE+K5+K7+FILT+MD+SEED+SEEDLS,inputs_12x12,midpoint,0,LB,9615.159707042312
20260915_032739,C0+C0p+C3+FLOW+MTC+S11+WARM+PRE+K5+K7+FILT+MD+SEED+SEEDLS,inputs_12x12,midpoint,0,UB,10270.216543670891
20260915_032739,C0+C0p+C3+FLOW+MTC+S11+WARM+PRE+K5+K7+FILT+MD+SEED+SEEDLS,inputs_12x12,midpoint,0,gap,0.06378218354434437
20260915_032739,C0+C0p+C3+FLOW+MTC+S11+WARM+PRE+K5+K7+FILT+MD+SEED+SEEDLS,inputs_12x12,midpoint,0,iterations,9
20260915_032739,C0+C0p+C3+FLOW+MTC+S11+WARM+PRE+K5+K7+FILT+MD+SEED+SEEDLS,inputs_12x12,midpoint,0,runtime_s,1800.0055558681488
20260915_032739,C0+C0p+C3+FLOW+MTC+S11+WARM+PRE+K5+K7+FILT+MD+SEED+SEEDLS,inputs_12x12,midpoint,0,wall_s,1800.0121583938599
20260915_032739,C0+C0p+C3+FLOW+MTC+S11+WARM+PRE+K5+K7+FILT+MD+SEED+SEEDLS,inputs_12x12,midpoint,0,n_sp_calls,3
20260915_032739,C0+C0p+C3+FLOW+MTC+S11+WARM+PRE+K5+K7+FILT+MD+SEED+SEEDLS,inputs_12x12,midpoint,0,incumbent_value,9615.159707042312
20260915_032739,C0+C0p+C3+FLOW+MTC+S11+WARM+PRE+K5+K7+FILT+MD+SEED+SEEDLS,inputs_12x12,midpoint,0,certified,0
20260915_032739,C0+C0p+C3+FLOW+MTC+S11+WARM+PRE+K5+K7+FILT+MD+SEED+SEEDLS,inputs_12x12,midpoint,0,n_Nf,134
20260915_032739,C0+C0p+C3+FLOW+MTC+S11+WARM+PRE+K5+K7+FILT+MD+SEED+SEEDLS,inputs_12x12,midpoint,0,n_K,102
20260915_032739,C0+C0p+C3+FLOW+MTC+S11+WARM+PRE+K5+K7+FILT+MD+SEED+SEEDLS,inputs_12x12,midpoint,0,sp_engine,strong_resource
20260915_032739,C0+C0p+C3+FLOW+MTC+S11+WARM+PRE+K5+K7+FILT+MD+SEED+SEEDLS,inputs_12x12,midpoint,0,sp_mip_gap,0.0
20260915_032739,C0+C0p+C3+FLOW+MTC+S11+WARM+PRE+K5+K7+FILT+MD+SEED+SEEDLS,inputs_12x12,midpoint,0,sp_tighten,0
20260915_032739,C0+C0p+C3+FLOW+MTC+S11+WARM+PRE+K5+K7+FILT+MD+SEED+SEEDLS,inputs_12x12,midpoint,0,sp_tight_gap,0.0
20260915_032739,C0+C0p+C3+FLOW+MTC+S11+WARM+PRE+K5+K7+FILT+MD+SEED+SEEDLS,inputs_12x12,midpoint,0,seed_localsearch,1
20260915_032739,C0+C0p+C3+FLOW+MTC+S11+WARM+PRE+K5+K7+FILT+MD+SEED+SEEDLS,inputs_12x12,midpoint,0,seed_budget_s,120.0
20260915_032739,C0+C0p+C3+FLOW+MTC+S11+WARM+PRE+K5+K7+FILT+MD+SEED+SEEDLS,inputs_12x12,midpoint,0,bigm_threshold,18
20260915_032739,C0+C0p+C3+FLOW+MTC+S11+WARM+PRE+K5+K7+FILT+MD+SEED+SEEDLS,inputs_12x12,midpoint,0,bigm_margin,1.0
20260915_032739,C0+C0p+C3+FLOW+MTC+S11+WARM+PRE+K5+K7+FILT+MD+SEED+SEEDLS,inputs_12x12,midpoint,0,bigm_method,global_sum
20260915_032739,C0+C0p+C3+FLOW+MTC+S11+WARM+PRE+K5+K7+FILT+MD+SEED+SEEDLS,inputs_12x12,midpoint,0,bigm_nodes_in_dp,0
20260915_032739,C0+C0p+C3+FLOW+MTC+S11+WARM+PRE+K5+K7+FILT+MD+SEED+SEEDLS,inputs_12x12,midpoint,0,bigm_dp_completed,False
20260915_032739,C0+C0p+C3+FLOW+MTC+S11+WARM+PRE+K5+K7+FILT+MD+SEED+SEEDLS,inputs_12x12,midpoint,0,M_d,1398.372736774622
20260915_032739,C0+C0p+C3+FLOW+MTC+S11+WARM+PRE+K5+K7+FILT+MD+SEED+SEEDLS,inputs_12x12,midpoint,0,ts_ub,1344.027987758534
20260915_032739,C0+C0p+C3+FLOW+MTC+S11+WARM+PRE+K5+K7+FILT+MD+SEED+SEEDLS,inputs_12x12,midpoint,0,te_ub,1373.372736774622
20260915_032739,C0+C0p+C3+FLOW+MTC+S11+WARM+PRE+K5+K7+FILT+MD+SEED+SEEDLS,inputs_12x12,midpoint,0,seed_LB,9615.159707042312
20260915_032739,C0+C0p+C3+FLOW+MTC+S11+WARM+PRE+K5+K7+FILT+MD+SEED+SEEDLS,inputs_12x12,midpoint,0,seed_time_s,120.03247547149658
20260915_032739,C0+C0p+C3+FLOW+MTC+S11+WARM+PRE+K5+K7+FILT+MD+SEED+SEEDLS,inputs_12x12,midpoint,0,seed_source,localsearch
20260915_032739,C0+C0p+C3+FLOW+MTC+S11+WARM+PRE+K5+K7+FILT+MD+SEED+SEEDLS,inputs_12x12,midpoint,0,spcall_INFEASIBLE_PROVEN,1
20260915_032739,C0+C0p+C3+FLOW+MTC+S11+WARM+PRE+K5+K7+FILT+MD+SEED+SEEDLS,inputs_12x12,midpoint,0,spcall_TIME_LIMIT_WITH_INCUMBENT,2
20260915_032739,C0+C0p+C3+FLOW+MTC+S11+WARM+PRE+K5+K7+FILT+MD+SEED+SEEDLS,inputs_12x12,midpoint,0,cut_singleton_infeasible,49
20260915_032739,C0+C0p+C3+FLOW+MTC+S11+WARM+PRE+K5+K7+FILT+MD+SEED+SEEDLS,inputs_12x12,midpoint,0,cut_cell_optimality,31
20260915_032739,C0+C0p+C3+FLOW+MTC+S11+WARM+PRE+K5+K7+FILT+MD+SEED+SEEDLS,inputs_12x12,midpoint,0,cut_conflict_infeasible,1
20260915_032739,C0+C0p+C3+FLOW+MTC+S11+WARM+PRE+K5+K7+FILT+MD+SEED+SEEDLS,inputs_12x12,midpoint,0,singleton_cache_enabled,1
20260915_032739,C0+C0p+C3+FLOW+MTC+S11+WARM+PRE+K5+K7+FILT+MD+SEED+SEEDLS,inputs_12x12,midpoint,0,single_sp_requests,440
20260915_032739,C0+C0p+C3+FLOW+MTC+S11+WARM+PRE+K5+K7+FILT+MD+SEED+SEEDLS,inputs_12x12,midpoint,0,single_sp_solves,331
20260915_032739,C0+C0p+C3+FLOW+MTC+S11+WARM+PRE+K5+K7+FILT+MD+SEED+SEEDLS,inputs_12x12,midpoint,0,single_sp_cache_hits,109
20260915_032739,C0+C0p+C3+FLOW+MTC+S11+WARM+PRE+K5+K7+FILT+MD+SEED+SEEDLS,inputs_12x12,midpoint,0,single_sp_build_time_s,1.1917674541473389
20260915_032739,C0+C0p+C3+FLOW+MTC+S11+WARM+PRE+K5+K7+FILT+MD+SEED+SEEDLS,inputs_12x12,midpoint,0,single_sp_solve_time_s,0.9237196445465088
20260915_032739,C0+C0p+C3+FLOW+MTC+S11+WARM+PRE+K5+K7+FILT+MD+SEED+SEEDLS,inputs_12x12,midpoint,0,single_sp_time_s,2.1154870986938477
20260915_032739,C0+C0p+C3+FLOW+MTC+S11+WARM+PRE+K5+K7+FILT+MD+SEED+SEEDLS,inputs_12x12,midpoint,0,cache_lookup_time_s,0.0013363882899284363
20260915_032739,C0+C0p+C3+FLOW+MTC+S11+WARM+PRE+K5+K7+FILT+MD+SEED+SEEDLS,inputs_12x12,midpoint,0,est_prevented_solve_time_s,0.42121458053588867
20260915_032739,C0+C0p+C3+FLOW+MTC+S11+WARM+PRE+K5+K7+FILT+MD+SEED+SEEDLS,inputs_12x12,midpoint,0,single_sp_status_FEASIBLE_VERIFIED,324
20260915_032739,C0+C0p+C3+FLOW+MTC+S11+WARM+PRE+K5+K7+FILT+MD+SEED+SEEDLS,inputs_12x12,midpoint,0,single_sp_status_INFEASIBLE_PROVEN,7
20260915_032739,C0+C0p+C3+FLOW+MTC+S11+WARM+PRE+K5+K7+FILT+MD+SEED+SEEDLS,inputs_12x12,midpoint,0,single_sp_status_UNKNOWN,0
20260915_032739,C0+C0p+C3+FLOW+MTC+S11+WARM+PRE+K5+K7+FILT+MD+SEED+SEEDLS,inputs_12x12,midpoint,0,dup_cuts_prevented,0
20260915_032739,C0+C0p+C3+FLOW+MTC+S11+WARM+PRE+K5+K7+FILT+MD+SEED+SEEDLS,inputs_12x12,midpoint,0,single_sp_distinct,331
20260915_032739,C0+C0p+C3+FLOW+MTC+S11+WARM+PRE+K5+K7+FILT+MD+SEED+SEEDLS,inputs_12x12,midpoint,0,master_time_s,1617.5407874584198
20260915_032739,C0+C0p+C3+FLOW+MTC+S11+WARM+PRE+K5+K7+FILT+MD+SEED+SEEDLS,inputs_12x12,midpoint,0,sp_time_s,0.14907526969909668
20260915_032739,C0+C0p+C3+FLOW+MTC+S11+WARM+PRE+K5+K7+FILT+MD+SEED+SEEDLS,inputs_12x12,midpoint,0,master_time_share,0.9999078468171596
20260915_032739,C0+C0p+C3+FLOW+MTC+S11+WARM+PRE+K5+K7+FILT+MD+SEED+SEEDLS,inputs_12x12,midpoint,0,sp_time_share,9.215318284043138e-05
20260915_032739,C0+C0p+C3+FLOW+MTC+S11+WARM+PRE+K5+K7+FILT+MD+SEED+SEEDLS,inputs_12x12,midpoint,0,t_to_gap_10pct,120.04528403282166
20260915_032739,C0+C0p+C3+FLOW+MTC+S11+WARM+PRE+K5+K7+FILT+MD+SEED+SEEDLS,inputs_12x12,midpoint,0,t_to_gap_5pct,
20260915_032739,C0+C0p+C3+FLOW+MTC+S11+WARM+PRE+K5+K7+FILT+MD+SEED+SEEDLS,inputs_12x12,midpoint,0,t_to_gap_3pct,
20260915_032739,C0+C0p+C3+FLOW+MTC+S11+WARM+PRE+K5+K7+FILT+MD+SEED+SEEDLS,inputs_12x12,midpoint,0,t_to_gap_1pct,
20260915_032742,C0+C0p+C3+FLOW+MTC+S11+WARM+PRE+K5+K7+FILT+MD+SEED+SEEDLS,inputs_9x9_v57,midpoint,0,status,TIME_LIMIT
20260915_032742,C0+C0p+C3+FLOW+MTC+S11+WARM+PRE+K5+K7+FILT+MD+SEED+SEEDLS,inputs_9x9_v57,midpoint,0,LB,1800.146477136893
20260915_032742,C0+C0p+C3+FLOW+MTC+S11+WARM+PRE+K5+K7+FILT+MD+SEED+SEEDLS,inputs_9x9_v57,midpoint,0,UB,4432.17263907184
20260915_032742,C0+C0p+C3+FLOW+MTC+S11+WARM+PRE+K5+K7+FILT+MD+SEED+SEEDLS,inputs_9x9_v57,midpoint,0,gap,0.5938455868646243
20260915_032742,C0+C0p+C3+FLOW+MTC+S11+WARM+PRE+K5+K7+FILT+MD+SEED+SEEDLS,inputs_9x9_v57,midpoint,0,iterations,85
20260915_032742,C0+C0p+C3+FLOW+MTC+S11+WARM+PRE+K5+K7+FILT+MD+SEED+SEEDLS,inputs_9x9_v57,midpoint,0,runtime_s,1800.0353980064392
20260915_032742,C0+C0p+C3+FLOW+MTC+S11+WARM+PRE+K5+K7+FILT+MD+SEED+SEEDLS,inputs_9x9_v57,midpoint,0,wall_s,1800.0387377738953
20260915_032742,C0+C0p+C3+FLOW+MTC+S11+WARM+PRE+K5+K7+FILT+MD+SEED+SEEDLS,inputs_9x9_v57,midpoint,0,n_sp_calls,1
20260915_032742,C0+C0p+C3+FLOW+MTC+S11+WARM+PRE+K5+K7+FILT+MD+SEED+SEEDLS,inputs_9x9_v57,midpoint,0,incumbent_value,1800.146477136893
20260915_032742,C0+C0p+C3+FLOW+MTC+S11+WARM+PRE+K5+K7+FILT+MD+SEED+SEEDLS,inputs_9x9_v57,midpoint,0,certified,0
20260915_032742,C0+C0p+C3+FLOW+MTC+S11+WARM+PRE+K5+K7+FILT+MD+SEED+SEEDLS,inputs_9x9_v57,midpoint,0,n_Nf,75
20260915_032742,C0+C0p+C3+FLOW+MTC+S11+WARM+PRE+K5+K7+FILT+MD+SEED+SEEDLS,inputs_9x9_v57,midpoint,0,n_K,57
20260915_032742,C0+C0p+C3+FLOW+MTC+S11+WARM+PRE+K5+K7+FILT+MD+SEED+SEEDLS,inputs_9x9_v57,midpoint,0,sp_engine,strong_resource
20260915_032742,C0+C0p+C3+FLOW+MTC+S11+WARM+PRE+K5+K7+FILT+MD+SEED+SEEDLS,inputs_9x9_v57,midpoint,0,sp_mip_gap,0.0
20260915_032742,C0+C0p+C3+FLOW+MTC+S11+WARM+PRE+K5+K7+FILT+MD+SEED+SEEDLS,inputs_9x9_v57,midpoint,0,sp_tighten,0
20260915_032742,C0+C0p+C3+FLOW+MTC+S11+WARM+PRE+K5+K7+FILT+MD+SEED+SEEDLS,inputs_9x9_v57,midpoint,0,sp_tight_gap,0.0
20260915_032742,C0+C0p+C3+FLOW+MTC+S11+WARM+PRE+K5+K7+FILT+MD+SEED+SEEDLS,inputs_9x9_v57,midpoint,0,seed_localsearch,1
20260915_032742,C0+C0p+C3+FLOW+MTC+S11+WARM+PRE+K5+K7+FILT+MD+SEED+SEEDLS,inputs_9x9_v57,midpoint,0,seed_budget_s,120.0
20260915_032742,C0+C0p+C3+FLOW+MTC+S11+WARM+PRE+K5+K7+FILT+MD+SEED+SEEDLS,inputs_9x9_v57,midpoint,0,bigm_threshold,18
20260915_032742,C0+C0p+C3+FLOW+MTC+S11+WARM+PRE+K5+K7+FILT+MD+SEED+SEEDLS,inputs_9x9_v57,midpoint,0,bigm_margin,1.0
20260915_032742,C0+C0p+C3+FLOW+MTC+S11+WARM+PRE+K5+K7+FILT+MD+SEED+SEEDLS,inputs_9x9_v57,midpoint,0,bigm_method,global_sum
20260915_032742,C0+C0p+C3+FLOW+MTC+S11+WARM+PRE+K5+K7+FILT+MD+SEED+SEEDLS,inputs_9x9_v57,midpoint,0,bigm_nodes_in_dp,0
20260915_032742,C0+C0p+C3+FLOW+MTC+S11+WARM+PRE+K5+K7+FILT+MD+SEED+SEEDLS,inputs_9x9_v57,midpoint,0,bigm_dp_completed,False
20260915_032742,C0+C0p+C3+FLOW+MTC+S11+WARM+PRE+K5+K7+FILT+MD+SEED+SEEDLS,inputs_9x9_v57,midpoint,0,M_d,504.502085034314
20260915_032742,C0+C0p+C3+FLOW+MTC+S11+WARM+PRE+K5+K7+FILT+MD+SEED+SEEDLS,inputs_9x9_v57,midpoint,0,ts_ub,455.1573360182262
20260915_032742,C0+C0p+C3+FLOW+MTC+S11+WARM+PRE+K5+K7+FILT+MD+SEED+SEEDLS,inputs_9x9_v57,midpoint,0,te_ub,484.502085034314
20260915_032742,C0+C0p+C3+FLOW+MTC+S11+WARM+PRE+K5+K7+FILT+MD+SEED+SEEDLS,inputs_9x9_v57,midpoint,0,seed_LB,1800.146477136893
20260915_032742,C0+C0p+C3+FLOW+MTC+S11+WARM+PRE+K5+K7+FILT+MD+SEED+SEEDLS,inputs_9x9_v57,midpoint,0,seed_time_s,120.01775574684143
20260915_032742,C0+C0p+C3+FLOW+MTC+S11+WARM+PRE+K5+K7+FILT+MD+SEED+SEEDLS,inputs_9x9_v57,midpoint,0,seed_source,localsearch
20260915_032742,C0+C0p+C3+FLOW+MTC+S11+WARM+PRE+K5+K7+FILT+MD+SEED+SEEDLS,inputs_9x9_v57,midpoint,0,spcall_TIME_LIMIT_WITH_INCUMBENT,1
20260915_032742,C0+C0p+C3+FLOW+MTC+S11+WARM+PRE+K5+K7+FILT+MD+SEED+SEEDLS,inputs_9x9_v57,midpoint,0,cut_singleton_infeasible,544
20260915_032742,C0+C0p+C3+FLOW+MTC+S11+WARM+PRE+K5+K7+FILT+MD+SEED+SEEDLS,inputs_9x9_v57,midpoint,0,singleton_cache_enabled,1
20260915_032742,C0+C0p+C3+FLOW+MTC+S11+WARM+PRE+K5+K7+FILT+MD+SEED+SEEDLS,inputs_9x9_v57,midpoint,0,single_sp_requests,3385
20260915_032742,C0+C0p+C3+FLOW+MTC+S11+WARM+PRE+K5+K7+FILT+MD+SEED+SEEDLS,inputs_9x9_v57,midpoint,0,single_sp_solves,1169
20260915_032742,C0+C0p+C3+FLOW+MTC+S11+WARM+PRE+K5+K7+FILT+MD+SEED+SEEDLS,inputs_9x9_v57,midpoint,0,single_sp_cache_hits,2216
20260915_032742,C0+C0p+C3+FLOW+MTC+S11+WARM+PRE+K5+K7+FILT+MD+SEED+SEEDLS,inputs_9x9_v57,midpoint,0,single_sp_build_time_s,2.5007967948913574
20260915_032742,C0+C0p+C3+FLOW+MTC+S11+WARM+PRE+K5+K7+FILT+MD+SEED+SEEDLS,inputs_9x9_v57,midpoint,0,single_sp_solve_time_s,2.846874713897705
20260915_032742,C0+C0p+C3+FLOW+MTC+S11+WARM+PRE+K5+K7+FILT+MD+SEED+SEEDLS,inputs_9x9_v57,midpoint,0,single_sp_time_s,5.3476715087890625
20260915_032742,C0+C0p+C3+FLOW+MTC+S11+WARM+PRE+K5+K7+FILT+MD+SEED+SEEDLS,inputs_9x9_v57,midpoint,0,cache_lookup_time_s,0.007854733616113663
20260915_032742,C0+C0p+C3+FLOW+MTC+S11+WARM+PRE+K5+K7+FILT+MD+SEED+SEEDLS,inputs_9x9_v57,midpoint,0,est_prevented_solve_time_s,12.174561500549316
20260915_032742,C0+C0p+C3+FLOW+MTC+S11+WARM+PRE+K5+K7+FILT+MD+SEED+SEEDLS,inputs_9x9_v57,midpoint,0,single_sp_status_FEASIBLE_VERIFIED,1042
20260915_032742,C0+C0p+C3+FLOW+MTC+S11+WARM+PRE+K5+K7+FILT+MD+SEED+SEEDLS,inputs_9x9_v57,midpoint,0,single_sp_status_INFEASIBLE_PROVEN,127
20260915_032742,C0+C0p+C3+FLOW+MTC+S11+WARM+PRE+K5+K7+FILT+MD+SEED+SEEDLS,inputs_9x9_v57,midpoint,0,single_sp_status_UNKNOWN,0
20260915_032742,C0+C0p+C3+FLOW+MTC+S11+WARM+PRE+K5+K7+FILT+MD+SEED+SEEDLS,inputs_9x9_v57,midpoint,0,dup_cuts_prevented,0
20260915_032742,C0+C0p+C3+FLOW+MTC+S11+WARM+PRE+K5+K7+FILT+MD+SEED+SEEDLS,inputs_9x9_v57,midpoint,0,single_sp_distinct,1169
20260915_032742,C0+C0p+C3+FLOW+MTC+S11+WARM+PRE+K5+K7+FILT+MD+SEED+SEEDLS,inputs_9x9_v57,midpoint,0,master_time_s,1674.520007610321
20260915_032742,C0+C0p+C3+FLOW+MTC+S11+WARM+PRE+K5+K7+FILT+MD+SEED+SEEDLS,inputs_9x9_v57,midpoint,0,sp_time_s,0.0
20260915_032742,C0+C0p+C3+FLOW+MTC+S11+WARM+PRE+K5+K7+FILT+MD+SEED+SEEDLS,inputs_9x9_v57,midpoint,0,master_time_share,1.0
20260915_032742,C0+C0p+C3+FLOW+MTC+S11+WARM+PRE+K5+K7+FILT+MD+SEED+SEEDLS,inputs_9x9_v57,midpoint,0,sp_time_share,0.0
20260915_032742,C0+C0p+C3+FLOW+MTC+S11+WARM+PRE+K5+K7+FILT+MD+SEED+SEEDLS,inputs_9x9_v57,midpoint,0,t_to_gap_10pct,
20260915_032742,C0+C0p+C3+FLOW+MTC+S11+WARM+PRE+K5+K7+FILT+MD+SEED+SEEDLS,inputs_9x9_v57,midpoint,0,t_to_gap_5pct,
20260915_032742,C0+C0p+C3+FLOW+MTC+S11+WARM+PRE+K5+K7+FILT+MD+SEED+SEEDLS,inputs_9x9_v57,midpoint,0,t_to_gap_3pct,
20260915_032742,C0+C0p+C3+FLOW+MTC+S11+WARM+PRE+K5+K7+FILT+MD+SEED+SEEDLS,inputs_9x9_v57,midpoint,0,t_to_gap_1pct,
20260915_033458,C0+C0p+C3+FLOW+MTC+S11+WARM+PRE+K5+K7+FILT+MD+SEED+SEEDLS,inputs_9x9_v114,midpoint,0,status,TIME_LIMIT
20260915_033458,C0+C0p+C3+FLOW+MTC+S11+WARM+PRE+K5+K7+FILT+MD+SEED+SEEDLS,inputs_9x9_v114,midpoint,0,LB,2427.07529305962
20260915_033458,C0+C0p+C3+FLOW+MTC+S11+WARM+PRE+K5+K7+FILT+MD+SEED+SEEDLS,inputs_9x9_v114,midpoint,0,UB,4463.118648938546
20260915_033458,C0+C0p+C3+FLOW+MTC+S11+WARM+PRE+K5+K7+FILT+MD+SEED+SEEDLS,inputs_9x9_v114,midpoint,0,gap,0.45619297088665883
20260915_033458,C0+C0p+C3+FLOW+MTC+S11+WARM+PRE+K5+K7+FILT+MD+SEED+SEEDLS,inputs_9x9_v114,midpoint,0,iterations,280
20260915_033458,C0+C0p+C3+FLOW+MTC+S11+WARM+PRE+K5+K7+FILT+MD+SEED+SEEDLS,inputs_9x9_v114,midpoint,0,runtime_s,1800.0014843940735
20260915_033458,C0+C0p+C3+FLOW+MTC+S11+WARM+PRE+K5+K7+FILT+MD+SEED+SEEDLS,inputs_9x9_v114,midpoint,0,wall_s,1800.0038077831268
20260915_033458,C0+C0p+C3+FLOW+MTC+S11+WARM+PRE+K5+K7+FILT+MD+SEED+SEEDLS,inputs_9x9_v114,midpoint,0,n_sp_calls,2
20260915_033458,C0+C0p+C3+FLOW+MTC+S11+WARM+PRE+K5+K7+FILT+MD+SEED+SEEDLS,inputs_9x9_v114,midpoint,0,incumbent_value,2427.07529305962
20260915_033458,C0+C0p+C3+FLOW+MTC+S11+WARM+PRE+K5+K7+FILT+MD+SEED+SEEDLS,inputs_9x9_v114,midpoint,0,certified,0
20260915_033458,C0+C0p+C3+FLOW+MTC+S11+WARM+PRE+K5+K7+FILT+MD+SEED+SEEDLS,inputs_9x9_v114,midpoint,0,n_Nf,75
20260915_033458,C0+C0p+C3+FLOW+MTC+S11+WARM+PRE+K5+K7+FILT+MD+SEED+SEEDLS,inputs_9x9_v114,midpoint,0,n_K,114
20260915_033458,C0+C0p+C3+FLOW+MTC+S11+WARM+PRE+K5+K7+FILT+MD+SEED+SEEDLS,inputs_9x9_v114,midpoint,0,sp_engine,strong_resource
20260915_033458,C0+C0p+C3+FLOW+MTC+S11+WARM+PRE+K5+K7+FILT+MD+SEED+SEEDLS,inputs_9x9_v114,midpoint,0,sp_mip_gap,0.0
20260915_033458,C0+C0p+C3+FLOW+MTC+S11+WARM+PRE+K5+K7+FILT+MD+SEED+SEEDLS,inputs_9x9_v114,midpoint,0,sp_tighten,0
20260915_033458,C0+C0p+C3+FLOW+MTC+S11+WARM+PRE+K5+K7+FILT+MD+SEED+SEEDLS,inputs_9x9_v114,midpoint,0,sp_tight_gap,0.0
20260915_033458,C0+C0p+C3+FLOW+MTC+S11+WARM+PRE+K5+K7+FILT+MD+SEED+SEEDLS,inputs_9x9_v114,midpoint,0,seed_localsearch,1
20260915_033458,C0+C0p+C3+FLOW+MTC+S11+WARM+PRE+K5+K7+FILT+MD+SEED+SEEDLS,inputs_9x9_v114,midpoint,0,seed_budget_s,120.0
20260915_033458,C0+C0p+C3+FLOW+MTC+S11+WARM+PRE+K5+K7+FILT+MD+SEED+SEEDLS,inputs_9x9_v114,midpoint,0,bigm_threshold,18
20260915_033458,C0+C0p+C3+FLOW+MTC+S11+WARM+PRE+K5+K7+FILT+MD+SEED+SEEDLS,inputs_9x9_v114,midpoint,0,bigm_margin,1.0
20260915_033458,C0+C0p+C3+FLOW+MTC+S11+WARM+PRE+K5+K7+FILT+MD+SEED+SEEDLS,inputs_9x9_v114,midpoint,0,bigm_method,global_sum
20260915_033458,C0+C0p+C3+FLOW+MTC+S11+WARM+PRE+K5+K7+FILT+MD+SEED+SEEDLS,inputs_9x9_v114,midpoint,0,bigm_nodes_in_dp,0
20260915_033458,C0+C0p+C3+FLOW+MTC+S11+WARM+PRE+K5+K7+FILT+MD+SEED+SEEDLS,inputs_9x9_v114,midpoint,0,bigm_dp_completed,False
20260915_033458,C0+C0p+C3+FLOW+MTC+S11+WARM+PRE+K5+K7+FILT+MD+SEED+SEEDLS,inputs_9x9_v114,midpoint,0,M_d,504.502085034314
20260915_033458,C0+C0p+C3+FLOW+MTC+S11+WARM+PRE+K5+K7+FILT+MD+SEED+SEEDLS,inputs_9x9_v114,midpoint,0,ts_ub,455.1573360182262
20260915_033458,C0+C0p+C3+FLOW+MTC+S11+WARM+PRE+K5+K7+FILT+MD+SEED+SEEDLS,inputs_9x9_v114,midpoint,0,te_ub,484.502085034314
20260915_033458,C0+C0p+C3+FLOW+MTC+S11+WARM+PRE+K5+K7+FILT+MD+SEED+SEEDLS,inputs_9x9_v114,midpoint,0,seed_LB,2427.07529305962
20260915_033458,C0+C0p+C3+FLOW+MTC+S11+WARM+PRE+K5+K7+FILT+MD+SEED+SEEDLS,inputs_9x9_v114,midpoint,0,seed_time_s,120.03146505355835
20260915_033458,C0+C0p+C3+FLOW+MTC+S11+WARM+PRE+K5+K7+FILT+MD+SEED+SEEDLS,inputs_9x9_v114,midpoint,0,seed_source,localsearch
20260915_033458,C0+C0p+C3+FLOW+MTC+S11+WARM+PRE+K5+K7+FILT+MD+SEED+SEEDLS,inputs_9x9_v114,midpoint,0,spcall_INFEASIBLE_PROVEN,1
20260915_033458,C0+C0p+C3+FLOW+MTC+S11+WARM+PRE+K5+K7+FILT+MD+SEED+SEEDLS,inputs_9x9_v114,midpoint,0,spcall_TIME_LIMIT_WITH_INCUMBENT,1
20260915_033458,C0+C0p+C3+FLOW+MTC+S11+WARM+PRE+K5+K7+FILT+MD+SEED+SEEDLS,inputs_9x9_v114,midpoint,0,cut_singleton_infeasible,310
20260915_033458,C0+C0p+C3+FLOW+MTC+S11+WARM+PRE+K5+K7+FILT+MD+SEED+SEEDLS,inputs_9x9_v114,midpoint,0,cut_cell_optimality,18
20260915_033458,C0+C0p+C3+FLOW+MTC+S11+WARM+PRE+K5+K7+FILT+MD+SEED+SEEDLS,inputs_9x9_v114,midpoint,0,cut_conflict_infeasible,1
20260915_033458,C0+C0p+C3+FLOW+MTC+S11+WARM+PRE+K5+K7+FILT+MD+SEED+SEEDLS,inputs_9x9_v114,midpoint,0,singleton_cache_enabled,1
20260915_033458,C0+C0p+C3+FLOW+MTC+S11+WARM+PRE+K5+K7+FILT+MD+SEED+SEEDLS,inputs_9x9_v114,midpoint,0,single_sp_requests,10609
20260915_033458,C0+C0p+C3+FLOW+MTC+S11+WARM+PRE+K5+K7+FILT+MD+SEED+SEEDLS,inputs_9x9_v114,midpoint,0,single_sp_solves,1152
20260915_033458,C0+C0p+C3+FLOW+MTC+S11+WARM+PRE+K5+K7+FILT+MD+SEED+SEEDLS,inputs_9x9_v114,midpoint,0,single_sp_cache_hits,9457
20260915_033458,C0+C0p+C3+FLOW+MTC+S11+WARM+PRE+K5+K7+FILT+MD+SEED+SEEDLS,inputs_9x9_v114,midpoint,0,single_sp_build_time_s,5.014567136764526
20260915_033458,C0+C0p+C3+FLOW+MTC+S11+WARM+PRE+K5+K7+FILT+MD+SEED+SEEDLS,inputs_9x9_v114,midpoint,0,single_sp_solve_time_s,6.005420923233032
20260915_033458,C0+C0p+C3+FLOW+MTC+S11+WARM+PRE+K5+K7+FILT+MD+SEED+SEEDLS,inputs_9x9_v114,midpoint,0,single_sp_time_s,11.019988059997559
20260915_033458,C0+C0p+C3+FLOW+MTC+S11+WARM+PRE+K5+K7+FILT+MD+SEED+SEEDLS,inputs_9x9_v114,midpoint,0,cache_lookup_time_s,0.018644683063030243
20260915_033458,C0+C0p+C3+FLOW+MTC+S11+WARM+PRE+K5+K7+FILT+MD+SEED+SEEDLS,inputs_9x9_v114,midpoint,0,est_prevented_solve_time_s,77.66736388206482
20260915_033458,C0+C0p+C3+FLOW+MTC+S11+WARM+PRE+K5+K7+FILT+MD+SEED+SEEDLS,inputs_9x9_v114,midpoint,0,single_sp_status_FEASIBLE_VERIFIED,1147
20260915_033458,C0+C0p+C3+FLOW+MTC+S11+WARM+PRE+K5+K7+FILT+MD+SEED+SEEDLS,inputs_9x9_v114,midpoint,0,single_sp_status_INFEASIBLE_PROVEN,5
20260915_033458,C0+C0p+C3+FLOW+MTC+S11+WARM+PRE+K5+K7+FILT+MD+SEED+SEEDLS,inputs_9x9_v114,midpoint,0,single_sp_status_UNKNOWN,0
20260915_033458,C0+C0p+C3+FLOW+MTC+S11+WARM+PRE+K5+K7+FILT+MD+SEED+SEEDLS,inputs_9x9_v114,midpoint,0,dup_cuts_prevented,0
20260915_033458,C0+C0p+C3+FLOW+MTC+S11+WARM+PRE+K5+K7+FILT+MD+SEED+SEEDLS,inputs_9x9_v114,midpoint,0,single_sp_distinct,1152
20260915_033458,C0+C0p+C3+FLOW+MTC+S11+WARM+PRE+K5+K7+FILT+MD+SEED+SEEDLS,inputs_9x9_v114,midpoint,0,master_time_s,1666.3582565784454
20260915_033458,C0+C0p+C3+FLOW+MTC+S11+WARM+PRE+K5+K7+FILT+MD+SEED+SEEDLS,inputs_9x9_v114,midpoint,0,sp_time_s,0.08147764205932617
20260915_033458,C0+C0p+C3+FLOW+MTC+S11+WARM+PRE+K5+K7+FILT+MD+SEED+SEEDLS,inputs_9x9_v114,midpoint,0,master_time_share,0.9999511067574866
20260915_033458,C0+C0p+C3+FLOW+MTC+S11+WARM+PRE+K5+K7+FILT+MD+SEED+SEEDLS,inputs_9x9_v114,midpoint,0,sp_time_share,4.8893242513470325e-05
20260915_033458,C0+C0p+C3+FLOW+MTC+S11+WARM+PRE+K5+K7+FILT+MD+SEED+SEEDLS,inputs_9x9_v114,midpoint,0,t_to_gap_10pct,
20260915_033458,C0+C0p+C3+FLOW+MTC+S11+WARM+PRE+K5+K7+FILT+MD+SEED+SEEDLS,inputs_9x9_v114,midpoint,0,t_to_gap_5pct,
20260915_033458,C0+C0p+C3+FLOW+MTC+S11+WARM+PRE+K5+K7+FILT+MD+SEED+SEEDLS,inputs_9x9_v114,midpoint,0,t_to_gap_3pct,
20260915_033458,C0+C0p+C3+FLOW+MTC+S11+WARM+PRE+K5+K7+FILT+MD+SEED+SEEDLS,inputs_9x9_v114,midpoint,0,t_to_gap_1pct,
20260915_034750,C0+C0p+C3+FLOW+MTC+S11+WARM+PRE+K5+K7+FILT+MD+SEED+SEEDLS,inputs_9x9_v209,midpoint,0,status,TIME_LIMIT
20260915_034750,C0+C0p+C3+FLOW+MTC+S11+WARM+PRE+K5+K7+FILT+MD+SEED+SEEDLS,inputs_9x9_v209,midpoint,0,LB,2603.316944699092
20260915_034750,C0+C0p+C3+FLOW+MTC+S11+WARM+PRE+K5+K7+FILT+MD+SEED+SEEDLS,inputs_9x9_v209,midpoint,0,UB,4488.670416665197
20260915_034750,C0+C0p+C3+FLOW+MTC+S11+WARM+PRE+K5+K7+FILT+MD+SEED+SEEDLS,inputs_9x9_v209,midpoint,0,gap,0.42002492875536307
20260915_034750,C0+C0p+C3+FLOW+MTC+S11+WARM+PRE+K5+K7+FILT+MD+SEED+SEEDLS,inputs_9x9_v209,midpoint,0,iterations,266
20260915_034750,C0+C0p+C3+FLOW+MTC+S11+WARM+PRE+K5+K7+FILT+MD+SEED+SEEDLS,inputs_9x9_v209,midpoint,0,runtime_s,1800.0016996860504
20260915_034750,C0+C0p+C3+FLOW+MTC+S11+WARM+PRE+K5+K7+FILT+MD+SEED+SEEDLS,inputs_9x9_v209,midpoint,0,wall_s,1800.0053219795227
20260915_034750,C0+C0p+C3+FLOW+MTC+S11+WARM+PRE+K5+K7+FILT+MD+SEED+SEEDLS,inputs_9x9_v209,midpoint,0,n_sp_calls,2
20260915_034750,C0+C0p+C3+FLOW+MTC+S11+WARM+PRE+K5+K7+FILT+MD+SEED+SEEDLS,inputs_9x9_v209,midpoint,0,incumbent_value,2603.316944699092
20260915_034750,C0+C0p+C3+FLOW+MTC+S11+WARM+PRE+K5+K7+FILT+MD+SEED+SEEDLS,inputs_9x9_v209,midpoint,0,certified,0
20260915_034750,C0+C0p+C3+FLOW+MTC+S11+WARM+PRE+K5+K7+FILT+MD+SEED+SEEDLS,inputs_9x9_v209,midpoint,0,n_Nf,75
20260915_034750,C0+C0p+C3+FLOW+MTC+S11+WARM+PRE+K5+K7+FILT+MD+SEED+SEEDLS,inputs_9x9_v209,midpoint,0,n_K,209
20260915_034750,C0+C0p+C3+FLOW+MTC+S11+WARM+PRE+K5+K7+FILT+MD+SEED+SEEDLS,inputs_9x9_v209,midpoint,0,sp_engine,strong_resource
20260915_034750,C0+C0p+C3+FLOW+MTC+S11+WARM+PRE+K5+K7+FILT+MD+SEED+SEEDLS,inputs_9x9_v209,midpoint,0,sp_mip_gap,0.0
20260915_034750,C0+C0p+C3+FLOW+MTC+S11+WARM+PRE+K5+K7+FILT+MD+SEED+SEEDLS,inputs_9x9_v209,midpoint,0,sp_tighten,0
20260915_034750,C0+C0p+C3+FLOW+MTC+S11+WARM+PRE+K5+K7+FILT+MD+SEED+SEEDLS,inputs_9x9_v209,midpoint,0,sp_tight_gap,0.0
20260915_034750,C0+C0p+C3+FLOW+MTC+S11+WARM+PRE+K5+K7+FILT+MD+SEED+SEEDLS,inputs_9x9_v209,midpoint,0,seed_localsearch,1
20260915_034750,C0+C0p+C3+FLOW+MTC+S11+WARM+PRE+K5+K7+FILT+MD+SEED+SEEDLS,inputs_9x9_v209,midpoint,0,seed_budget_s,120.0
20260915_034750,C0+C0p+C3+FLOW+MTC+S11+WARM+PRE+K5+K7+FILT+MD+SEED+SEEDLS,inputs_9x9_v209,midpoint,0,bigm_threshold,18
20260915_034750,C0+C0p+C3+FLOW+MTC+S11+WARM+PRE+K5+K7+FILT+MD+SEED+SEEDLS,inputs_9x9_v209,midpoint,0,bigm_margin,1.0
20260915_034750,C0+C0p+C3+FLOW+MTC+S11+WARM+PRE+K5+K7+FILT+MD+SEED+SEEDLS,inputs_9x9_v209,midpoint,0,bigm_method,global_sum
20260915_034750,C0+C0p+C3+FLOW+MTC+S11+WARM+PRE+K5+K7+FILT+MD+SEED+SEEDLS,inputs_9x9_v209,midpoint,0,bigm_nodes_in_dp,0
20260915_034750,C0+C0p+C3+FLOW+MTC+S11+WARM+PRE+K5+K7+FILT+MD+SEED+SEEDLS,inputs_9x9_v209,midpoint,0,bigm_dp_completed,False
20260915_034750,C0+C0p+C3+FLOW+MTC+S11+WARM+PRE+K5+K7+FILT+MD+SEED+SEEDLS,inputs_9x9_v209,midpoint,0,M_d,504.502085034314
20260915_034750,C0+C0p+C3+FLOW+MTC+S11+WARM+PRE+K5+K7+FILT+MD+SEED+SEEDLS,inputs_9x9_v209,midpoint,0,ts_ub,455.1573360182262
20260915_034750,C0+C0p+C3+FLOW+MTC+S11+WARM+PRE+K5+K7+FILT+MD+SEED+SEEDLS,inputs_9x9_v209,midpoint,0,te_ub,484.502085034314
20260915_034750,C0+C0p+C3+FLOW+MTC+S11+WARM+PRE+K5+K7+FILT+MD+SEED+SEEDLS,inputs_9x9_v209,midpoint,0,seed_LB,2603.316944699092
20260915_034750,C0+C0p+C3+FLOW+MTC+S11+WARM+PRE+K5+K7+FILT+MD+SEED+SEEDLS,inputs_9x9_v209,midpoint,0,seed_time_s,120.06192970275879
20260915_034750,C0+C0p+C3+FLOW+MTC+S11+WARM+PRE+K5+K7+FILT+MD+SEED+SEEDLS,inputs_9x9_v209,midpoint,0,seed_source,localsearch
20260915_034750,C0+C0p+C3+FLOW+MTC+S11+WARM+PRE+K5+K7+FILT+MD+SEED+SEEDLS,inputs_9x9_v209,midpoint,0,spcall_INFEASIBLE_PROVEN,1
20260915_034750,C0+C0p+C3+FLOW+MTC+S11+WARM+PRE+K5+K7+FILT+MD+SEED+SEEDLS,inputs_9x9_v209,midpoint,0,spcall_TIME_LIMIT_WITH_INCUMBENT,1
20260915_034750,C0+C0p+C3+FLOW+MTC+S11+WARM+PRE+K5+K7+FILT+MD+SEED+SEEDLS,inputs_9x9_v209,midpoint,0,cut_singleton_infeasible,266
20260915_034750,C0+C0p+C3+FLOW+MTC+S11+WARM+PRE+K5+K7+FILT+MD+SEED+SEEDLS,inputs_9x9_v209,midpoint,0,cut_cell_optimality,15
20260915_034750,C0+C0p+C3+FLOW+MTC+S11+WARM+PRE+K5+K7+FILT+MD+SEED+SEEDLS,inputs_9x9_v209,midpoint,0,cut_conflict_infeasible,1
20260915_034750,C0+C0p+C3+FLOW+MTC+S11+WARM+PRE+K5+K7+FILT+MD+SEED+SEEDLS,inputs_9x9_v209,midpoint,0,singleton_cache_enabled,1
20260915_034750,C0+C0p+C3+FLOW+MTC+S11+WARM+PRE+K5+K7+FILT+MD+SEED+SEEDLS,inputs_9x9_v209,midpoint,0,single_sp_requests,10201
20260915_034750,C0+C0p+C3+FLOW+MTC+S11+WARM+PRE+K5+K7+FILT+MD+SEED+SEEDLS,inputs_9x9_v209,midpoint,0,single_sp_solves,1949
20260915_034750,C0+C0p+C3+FLOW+MTC+S11+WARM+PRE+K5+K7+FILT+MD+SEED+SEEDLS,inputs_9x9_v209,midpoint,0,single_sp_cache_hits,8252
20260915_034750,C0+C0p+C3+FLOW+MTC+S11+WARM+PRE+K5+K7+FILT+MD+SEED+SEEDLS,inputs_9x9_v209,midpoint,0,single_sp_build_time_s,15.663425207138062
20260915_034750,C0+C0p+C3+FLOW+MTC+S11+WARM+PRE+K5+K7+FILT+MD+SEED+SEEDLS,inputs_9x9_v209,midpoint,0,single_sp_solve_time_s,18.28121566772461
20260915_034750,C0+C0p+C3+FLOW+MTC+S11+WARM+PRE+K5+K7+FILT+MD+SEED+SEEDLS,inputs_9x9_v209,midpoint,0,single_sp_time_s,33.94464087486267
20260915_034750,C0+C0p+C3+FLOW+MTC+S11+WARM+PRE+K5+K7+FILT+MD+SEED+SEEDLS,inputs_9x9_v209,midpoint,0,cache_lookup_time_s,0.022854688577353954
20260915_034750,C0+C0p+C3+FLOW+MTC+S11+WARM+PRE+K5+K7+FILT+MD+SEED+SEEDLS,inputs_9x9_v209,midpoint,0,est_prevented_solve_time_s,195.29641604423523
20260915_034750,C0+C0p+C3+FLOW+MTC+S11+WARM+PRE+K5+K7+FILT+MD+SEED+SEEDLS,inputs_9x9_v209,midpoint,0,single_sp_status_FEASIBLE_VERIFIED,1946
20260915_034750,C0+C0p+C3+FLOW+MTC+S11+WARM+PRE+K5+K7+FILT+MD+SEED+SEEDLS,inputs_9x9_v209,midpoint,0,single_sp_status_INFEASIBLE_PROVEN,3
20260915_034750,C0+C0p+C3+FLOW+MTC+S11+WARM+PRE+K5+K7+FILT+MD+SEED+SEEDLS,inputs_9x9_v209,midpoint,0,single_sp_status_UNKNOWN,0
20260915_034750,C0+C0p+C3+FLOW+MTC+S11+WARM+PRE+K5+K7+FILT+MD+SEED+SEEDLS,inputs_9x9_v209,midpoint,0,dup_cuts_prevented,0
20260915_034750,C0+C0p+C3+FLOW+MTC+S11+WARM+PRE+K5+K7+FILT+MD+SEED+SEEDLS,inputs_9x9_v209,midpoint,0,single_sp_distinct,1949
20260915_034750,C0+C0p+C3+FLOW+MTC+S11+WARM+PRE+K5+K7+FILT+MD+SEED+SEEDLS,inputs_9x9_v209,midpoint,0,master_time_s,1584.5902104377747
20260915_034750,C0+C0p+C3+FLOW+MTC+S11+WARM+PRE+K5+K7+FILT+MD+SEED+SEEDLS,inputs_9x9_v209,midpoint,0,sp_time_s,0.6312355995178223
20260915_034750,C0+C0p+C3+FLOW+MTC+S11+WARM+PRE+K5+K7+FILT+MD+SEED+SEEDLS,inputs_9x9_v209,midpoint,0,master_time_share,0.9996017997352384
20260915_034750,C0+C0p+C3+FLOW+MTC+S11+WARM+PRE+K5+K7+FILT+MD+SEED+SEEDLS,inputs_9x9_v209,midpoint,0,sp_time_share,0.0003982002647616038
20260915_034750,C0+C0p+C3+FLOW+MTC+S11+WARM+PRE+K5+K7+FILT+MD+SEED+SEEDLS,inputs_9x9_v209,midpoint,0,t_to_gap_10pct,
20260915_034750,C0+C0p+C3+FLOW+MTC+S11+WARM+PRE+K5+K7+FILT+MD+SEED+SEEDLS,inputs_9x9_v209,midpoint,0,t_to_gap_5pct,
20260915_034750,C0+C0p+C3+FLOW+MTC+S11+WARM+PRE+K5+K7+FILT+MD+SEED+SEEDLS,inputs_9x9_v209,midpoint,0,t_to_gap_3pct,
20260915_034750,C0+C0p+C3+FLOW+MTC+S11+WARM+PRE+K5+K7+FILT+MD+SEED+SEEDLS,inputs_9x9_v209,midpoint,0,t_to_gap_1pct,
20260915_035740,C0+C0p+C3+FLOW+MTC+S11+WARM+PRE+K5+K7+FILT+MD+SEED+SEEDLS,inputs_10x10_v_low,midpoint,0,status,TIME_LIMIT
20260915_035740,C0+C0p+C3+FLOW+MTC+S11+WARM+PRE+K5+K7+FILT+MD+SEED+SEEDLS,inputs_10x10_v_low,midpoint,0,LB,331.99536298023827
20260915_035740,C0+C0p+C3+FLOW+MTC+S11+WARM+PRE+K5+K7+FILT+MD+SEED+SEEDLS,inputs_10x10_v_low,midpoint,0,UB,5137.355030459785
20260915_035740,C0+C0p+C3+FLOW+MTC+S11+WARM+PRE+K5+K7+FILT+MD+SEED+SEEDLS,inputs_10x10_v_low,midpoint,0,gap,0.9353762079879994
20260915_035740,C0+C0p+C3+FLOW+MTC+S11+WARM+PRE+K5+K7+FILT+MD+SEED+SEEDLS,inputs_10x10_v_low,midpoint,0,iterations,45
20260915_035740,C0+C0p+C3+FLOW+MTC+S11+WARM+PRE+K5+K7+FILT+MD+SEED+SEEDLS,inputs_10x10_v_low,midpoint,0,runtime_s,1800.0038092136383
20260915_035740,C0+C0p+C3+FLOW+MTC+S11+WARM+PRE+K5+K7+FILT+MD+SEED+SEEDLS,inputs_10x10_v_low,midpoint,0,wall_s,1800.010249376297
20260915_035740,C0+C0p+C3+FLOW+MTC+S11+WARM+PRE+K5+K7+FILT+MD+SEED+SEEDLS,inputs_10x10_v_low,midpoint,0,n_sp_calls,1
20260915_035740,C0+C0p+C3+FLOW+MTC+S11+WARM+PRE+K5+K7+FILT+MD+SEED+SEEDLS,inputs_10x10_v_low,midpoint,0,incumbent_value,331.99536298023827
20260915_035740,C0+C0p+C3+FLOW+MTC+S11+WARM+PRE+K5+K7+FILT+MD+SEED+SEEDLS,inputs_10x10_v_low,midpoint,0,certified,0
20260915_035740,C0+C0p+C3+FLOW+MTC+S11+WARM+PRE+K5+K7+FILT+MD+SEED+SEEDLS,inputs_10x10_v_low,midpoint,0,n_Nf,90
20260915_035740,C0+C0p+C3+FLOW+MTC+S11+WARM+PRE+K5+K7+FILT+MD+SEED+SEEDLS,inputs_10x10_v_low,midpoint,0,n_K,8
20260915_035740,C0+C0p+C3+FLOW+MTC+S11+WARM+PRE+K5+K7+FILT+MD+SEED+SEEDLS,inputs_10x10_v_low,midpoint,0,sp_engine,strong_resource
20260915_035740,C0+C0p+C3+FLOW+MTC+S11+WARM+PRE+K5+K7+FILT+MD+SEED+SEEDLS,inputs_10x10_v_low,midpoint,0,sp_mip_gap,0.0
20260915_035740,C0+C0p+C3+FLOW+MTC+S11+WARM+PRE+K5+K7+FILT+MD+SEED+SEEDLS,inputs_10x10_v_low,midpoint,0,sp_tighten,0
20260915_035740,C0+C0p+C3+FLOW+MTC+S11+WARM+PRE+K5+K7+FILT+MD+SEED+SEEDLS,inputs_10x10_v_low,midpoint,0,sp_tight_gap,0.0
20260915_035740,C0+C0p+C3+FLOW+MTC+S11+WARM+PRE+K5+K7+FILT+MD+SEED+SEEDLS,inputs_10x10_v_low,midpoint,0,seed_localsearch,1
20260915_035740,C0+C0p+C3+FLOW+MTC+S11+WARM+PRE+K5+K7+FILT+MD+SEED+SEEDLS,inputs_10x10_v_low,midpoint,0,seed_budget_s,120.0
20260915_035740,C0+C0p+C3+FLOW+MTC+S11+WARM+PRE+K5+K7+FILT+MD+SEED+SEEDLS,inputs_10x10_v_low,midpoint,0,bigm_threshold,18
20260915_035740,C0+C0p+C3+FLOW+MTC+S11+WARM+PRE+K5+K7+FILT+MD+SEED+SEEDLS,inputs_10x10_v_low,midpoint,0,bigm_margin,1.0
20260915_035740,C0+C0p+C3+FLOW+MTC+S11+WARM+PRE+K5+K7+FILT+MD+SEED+SEEDLS,inputs_10x10_v_low,midpoint,0,bigm_method,global_sum
20260915_035740,C0+C0p+C3+FLOW+MTC+S11+WARM+PRE+K5+K7+FILT+MD+SEED+SEEDLS,inputs_10x10_v_low,midpoint,0,bigm_nodes_in_dp,0
20260915_035740,C0+C0p+C3+FLOW+MTC+S11+WARM+PRE+K5+K7+FILT+MD+SEED+SEEDLS,inputs_10x10_v_low,midpoint,0,bigm_dp_completed,False
20260915_035740,C0+C0p+C3+FLOW+MTC+S11+WARM+PRE+K5+K7+FILT+MD+SEED+SEEDLS,inputs_10x10_v_low,midpoint,0,M_d,603.281698735241
20260915_035740,C0+C0p+C3+FLOW+MTC+S11+WARM+PRE+K5+K7+FILT+MD+SEED+SEEDLS,inputs_10x10_v_low,midpoint,0,ts_ub,550.9369497191532
20260915_035740,C0+C0p+C3+FLOW+MTC+S11+WARM+PRE+K5+K7+FILT+MD+SEED+SEEDLS,inputs_10x10_v_low,midpoint,0,te_ub,580.281698735241
20260915_035740,C0+C0p+C3+FLOW+MTC+S11+WARM+PRE+K5+K7+FILT+MD+SEED+SEEDLS,inputs_10x10_v_low,midpoint,0,seed_LB,331.99536298023827
20260915_035740,C0+C0p+C3+FLOW+MTC+S11+WARM+PRE+K5+K7+FILT+MD+SEED+SEEDLS,inputs_10x10_v_low,midpoint,0,seed_time_s,0.4751160144805908
20260915_035740,C0+C0p+C3+FLOW+MTC+S11+WARM+PRE+K5+K7+FILT+MD+SEED+SEEDLS,inputs_10x10_v_low,midpoint,0,seed_source,localsearch
20260915_035740,C0+C0p+C3+FLOW+MTC+S11+WARM+PRE+K5+K7+FILT+MD+SEED+SEEDLS,inputs_10x10_v_low,midpoint,0,spcall_OPTIMAL,1
20260915_035740,C0+C0p+C3+FLOW+MTC+S11+WARM+PRE+K5+K7+FILT+MD+SEED+SEEDLS,inputs_10x10_v_low,midpoint,0,cut_singleton_infeasible,1053
20260915_035740,C0+C0p+C3+FLOW+MTC+S11+WARM+PRE+K5+K7+FILT+MD+SEED+SEEDLS,inputs_10x10_v_low,midpoint,0,cut_propagation,4
20260915_035740,C0+C0p+C3+FLOW+MTC+S11+WARM+PRE+K5+K7+FILT+MD+SEED+SEEDLS,inputs_10x10_v_low,midpoint,0,singleton_cache_enabled,1
20260915_035740,C0+C0p+C3+FLOW+MTC+S11+WARM+PRE+K5+K7+FILT+MD+SEED+SEEDLS,inputs_10x10_v_low,midpoint,0,single_sp_requests,2577
20260915_035740,C0+C0p+C3+FLOW+MTC+S11+WARM+PRE+K5+K7+FILT+MD+SEED+SEEDLS,inputs_10x10_v_low,midpoint,0,single_sp_solves,1525
20260915_035740,C0+C0p+C3+FLOW+MTC+S11+WARM+PRE+K5+K7+FILT+MD+SEED+SEEDLS,inputs_10x10_v_low,midpoint,0,single_sp_cache_hits,1052
20260915_035740,C0+C0p+C3+FLOW+MTC+S11+WARM+PRE+K5+K7+FILT+MD+SEED+SEEDLS,inputs_10x10_v_low,midpoint,0,single_sp_build_time_s,0.5561666488647461
20260915_035740,C0+C0p+C3+FLOW+MTC+S11+WARM+PRE+K5+K7+FILT+MD+SEED+SEEDLS,inputs_10x10_v_low,midpoint,0,single_sp_solve_time_s,0.5773491859436035
20260915_035740,C0+C0p+C3+FLOW+MTC+S11+WARM+PRE+K5+K7+FILT+MD+SEED+SEEDLS,inputs_10x10_v_low,midpoint,0,single_sp_time_s,1.1335158348083496
20260915_035740,C0+C0p+C3+FLOW+MTC+S11+WARM+PRE+K5+K7+FILT+MD+SEED+SEEDLS,inputs_10x10_v_low,midpoint,0,cache_lookup_time_s,0.006361658684909344
20260915_035740,C0+C0p+C3+FLOW+MTC+S11+WARM+PRE+K5+K7+FILT+MD+SEED+SEEDLS,inputs_10x10_v_low,midpoint,0,est_prevented_solve_time_s,0.4632430076599121
20260915_035740,C0+C0p+C3+FLOW+MTC+S11+WARM+PRE+K5+K7+FILT+MD+SEED+SEEDLS,inputs_10x10_v_low,midpoint,0,single_sp_status_FEASIBLE_VERIFIED,984
20260915_035740,C0+C0p+C3+FLOW+MTC+S11+WARM+PRE+K5+K7+FILT+MD+SEED+SEEDLS,inputs_10x10_v_low,midpoint,0,single_sp_status_INFEASIBLE_PROVEN,541
20260915_035740,C0+C0p+C3+FLOW+MTC+S11+WARM+PRE+K5+K7+FILT+MD+SEED+SEEDLS,inputs_10x10_v_low,midpoint,0,single_sp_status_UNKNOWN,0
20260915_035740,C0+C0p+C3+FLOW+MTC+S11+WARM+PRE+K5+K7+FILT+MD+SEED+SEEDLS,inputs_10x10_v_low,midpoint,0,dup_cuts_prevented,0
20260915_035740,C0+C0p+C3+FLOW+MTC+S11+WARM+PRE+K5+K7+FILT+MD+SEED+SEEDLS,inputs_10x10_v_low,midpoint,0,single_sp_distinct,1525
20260915_035740,C0+C0p+C3+FLOW+MTC+S11+WARM+PRE+K5+K7+FILT+MD+SEED+SEEDLS,inputs_10x10_v_low,midpoint,0,master_time_s,1798.2772283554077
20260915_035740,C0+C0p+C3+FLOW+MTC+S11+WARM+PRE+K5+K7+FILT+MD+SEED+SEEDLS,inputs_10x10_v_low,midpoint,0,sp_time_s,0.0
20260915_035740,C0+C0p+C3+FLOW+MTC+S11+WARM+PRE+K5+K7+FILT+MD+SEED+SEEDLS,inputs_10x10_v_low,midpoint,0,master_time_share,1.0
20260915_035740,C0+C0p+C3+FLOW+MTC+S11+WARM+PRE+K5+K7+FILT+MD+SEED+SEEDLS,inputs_10x10_v_low,midpoint,0,sp_time_share,0.0
20260915_035740,C0+C0p+C3+FLOW+MTC+S11+WARM+PRE+K5+K7+FILT+MD+SEED+SEEDLS,inputs_10x10_v_low,midpoint,0,t_to_gap_10pct,
20260915_035740,C0+C0p+C3+FLOW+MTC+S11+WARM+PRE+K5+K7+FILT+MD+SEED+SEEDLS,inputs_10x10_v_low,midpoint,0,t_to_gap_5pct,
20260915_035740,C0+C0p+C3+FLOW+MTC+S11+WARM+PRE+K5+K7+FILT+MD+SEED+SEEDLS,inputs_10x10_v_low,midpoint,0,t_to_gap_3pct,
20260915_035740,C0+C0p+C3+FLOW+MTC+S11+WARM+PRE+K5+K7+FILT+MD+SEED+SEEDLS,inputs_10x10_v_low,midpoint,0,t_to_gap_1pct,
20260915_035740,C0+C0p+C3+FLOW+MTC+S11+WARM+PRE+K5+K7+FILT+MD+SEED+SEEDLS,inputs_9x9_v437,midpoint,0,status,TIME_LIMIT
20260915_035740,C0+C0p+C3+FLOW+MTC+S11+WARM+PRE+K5+K7+FILT+MD+SEED+SEEDLS,inputs_9x9_v437,midpoint,0,LB,4257.138298686883
20260915_035740,C0+C0p+C3+FLOW+MTC+S11+WARM+PRE+K5+K7+FILT+MD+SEED+SEEDLS,inputs_9x9_v437,midpoint,0,UB,4515.551424482946
20260915_035740,C0+C0p+C3+FLOW+MTC+S11+WARM+PRE+K5+K7+FILT+MD+SEED+SEEDLS,inputs_9x9_v437,midpoint,0,gap,0.057227368598875436
20260915_035740,C0+C0p+C3+FLOW+MTC+S11+WARM+PRE+K5+K7+FILT+MD+SEED+SEEDLS,inputs_9x9_v437,midpoint,0,iterations,254
20260915_035740,C0+C0p+C3+FLOW+MTC+S11+WARM+PRE+K5+K7+FILT+MD+SEED+SEEDLS,inputs_9x9_v437,midpoint,0,runtime_s,1800.0015196800232
20260915_035740,C0+C0p+C3+FLOW+MTC+S11+WARM+PRE+K5+K7+FILT+MD+SEED+SEEDLS,inputs_9x9_v437,midpoint,0,wall_s,1800.0112335681915
20260915_035740,C0+C0p+C3+FLOW+MTC+S11+WARM+PRE+K5+K7+FILT+MD+SEED+SEEDLS,inputs_9x9_v437,midpoint,0,n_sp_calls,3
20260915_035740,C0+C0p+C3+FLOW+MTC+S11+WARM+PRE+K5+K7+FILT+MD+SEED+SEEDLS,inputs_9x9_v437,midpoint,0,incumbent_value,4257.138298686883
20260915_035740,C0+C0p+C3+FLOW+MTC+S11+WARM+PRE+K5+K7+FILT+MD+SEED+SEEDLS,inputs_9x9_v437,midpoint,0,certified,0
20260915_035740,C0+C0p+C3+FLOW+MTC+S11+WARM+PRE+K5+K7+FILT+MD+SEED+SEEDLS,inputs_9x9_v437,midpoint,0,n_Nf,75
20260915_035740,C0+C0p+C3+FLOW+MTC+S11+WARM+PRE+K5+K7+FILT+MD+SEED+SEEDLS,inputs_9x9_v437,midpoint,0,n_K,437
20260915_035740,C0+C0p+C3+FLOW+MTC+S11+WARM+PRE+K5+K7+FILT+MD+SEED+SEEDLS,inputs_9x9_v437,midpoint,0,sp_engine,strong_resource
20260915_035740,C0+C0p+C3+FLOW+MTC+S11+WARM+PRE+K5+K7+FILT+MD+SEED+SEEDLS,inputs_9x9_v437,midpoint,0,sp_mip_gap,0.0
20260915_035740,C0+C0p+C3+FLOW+MTC+S11+WARM+PRE+K5+K7+FILT+MD+SEED+SEEDLS,inputs_9x9_v437,midpoint,0,sp_tighten,0
20260915_035740,C0+C0p+C3+FLOW+MTC+S11+WARM+PRE+K5+K7+FILT+MD+SEED+SEEDLS,inputs_9x9_v437,midpoint,0,sp_tight_gap,0.0
20260915_035740,C0+C0p+C3+FLOW+MTC+S11+WARM+PRE+K5+K7+FILT+MD+SEED+SEEDLS,inputs_9x9_v437,midpoint,0,seed_localsearch,1
20260915_035740,C0+C0p+C3+FLOW+MTC+S11+WARM+PRE+K5+K7+FILT+MD+SEED+SEEDLS,inputs_9x9_v437,midpoint,0,seed_budget_s,120.0
20260915_035740,C0+C0p+C3+FLOW+MTC+S11+WARM+PRE+K5+K7+FILT+MD+SEED+SEEDLS,inputs_9x9_v437,midpoint,0,bigm_threshold,18
20260915_035740,C0+C0p+C3+FLOW+MTC+S11+WARM+PRE+K5+K7+FILT+MD+SEED+SEEDLS,inputs_9x9_v437,midpoint,0,bigm_margin,1.0
20260915_035740,C0+C0p+C3+FLOW+MTC+S11+WARM+PRE+K5+K7+FILT+MD+SEED+SEEDLS,inputs_9x9_v437,midpoint,0,bigm_method,global_sum
20260915_035740,C0+C0p+C3+FLOW+MTC+S11+WARM+PRE+K5+K7+FILT+MD+SEED+SEEDLS,inputs_9x9_v437,midpoint,0,bigm_nodes_in_dp,0
20260915_035740,C0+C0p+C3+FLOW+MTC+S11+WARM+PRE+K5+K7+FILT+MD+SEED+SEEDLS,inputs_9x9_v437,midpoint,0,bigm_dp_completed,False
20260915_035740,C0+C0p+C3+FLOW+MTC+S11+WARM+PRE+K5+K7+FILT+MD+SEED+SEEDLS,inputs_9x9_v437,midpoint,0,M_d,504.502085034314
20260915_035740,C0+C0p+C3+FLOW+MTC+S11+WARM+PRE+K5+K7+FILT+MD+SEED+SEEDLS,inputs_9x9_v437,midpoint,0,ts_ub,455.1573360182262
20260915_035740,C0+C0p+C3+FLOW+MTC+S11+WARM+PRE+K5+K7+FILT+MD+SEED+SEEDLS,inputs_9x9_v437,midpoint,0,te_ub,484.502085034314
20260915_035740,C0+C0p+C3+FLOW+MTC+S11+WARM+PRE+K5+K7+FILT+MD+SEED+SEEDLS,inputs_9x9_v437,midpoint,0,seed_LB,4257.138298686883
20260915_035740,C0+C0p+C3+FLOW+MTC+S11+WARM+PRE+K5+K7+FILT+MD+SEED+SEEDLS,inputs_9x9_v437,midpoint,0,seed_time_s,120.14268326759338
20260915_035740,C0+C0p+C3+FLOW+MTC+S11+WARM+PRE+K5+K7+FILT+MD+SEED+SEEDLS,inputs_9x9_v437,midpoint,0,seed_source,containment
20260915_035740,C0+C0p+C3+FLOW+MTC+S11+WARM+PRE+K5+K7+FILT+MD+SEED+SEEDLS,inputs_9x9_v437,midpoint,0,spcall_OPTIMAL,1
20260915_035740,C0+C0p+C3+FLOW+MTC+S11+WARM+PRE+K5+K7+FILT+MD+SEED+SEEDLS,inputs_9x9_v437,midpoint,0,spcall_INFEASIBLE_PROVEN,1
20260915_035740,C0+C0p+C3+FLOW+MTC+S11+WARM+PRE+K5+K7+FILT+MD+SEED+SEEDLS,inputs_9x9_v437,midpoint,0,spcall_TIME_LIMIT_WITH_INCUMBENT,1
20260915_035740,C0+C0p+C3+FLOW+MTC+S11+WARM+PRE+K5+K7+FILT+MD+SEED+SEEDLS,inputs_9x9_v437,midpoint,0,cut_singleton_infeasible,252
20260915_035740,C0+C0p+C3+FLOW+MTC+S11+WARM+PRE+K5+K7+FILT+MD+SEED+SEEDLS,inputs_9x9_v437,midpoint,0,cut_cell_optimality,17
20260915_035740,C0+C0p+C3+FLOW+MTC+S11+WARM+PRE+K5+K7+FILT+MD+SEED+SEEDLS,inputs_9x9_v437,midpoint,0,cut_conflict_infeasible,1
20260915_035740,C0+C0p+C3+FLOW+MTC+S11+WARM+PRE+K5+K7+FILT+MD+SEED+SEEDLS,inputs_9x9_v437,midpoint,0,singleton_cache_enabled,1
20260915_035740,C0+C0p+C3+FLOW+MTC+S11+WARM+PRE+K5+K7+FILT+MD+SEED+SEEDLS,inputs_9x9_v437,midpoint,0,single_sp_requests,10213
20260915_035740,C0+C0p+C3+FLOW+MTC+S11+WARM+PRE+K5+K7+FILT+MD+SEED+SEEDLS,inputs_9x9_v437,midpoint,0,single_sp_solves,1873
20260915_035740,C0+C0p+C3+FLOW+MTC+S11+WARM+PRE+K5+K7+FILT+MD+SEED+SEEDLS,inputs_9x9_v437,midpoint,0,single_sp_cache_hits,8340
20260915_035740,C0+C0p+C3+FLOW+MTC+S11+WARM+PRE+K5+K7+FILT+MD+SEED+SEEDLS,inputs_9x9_v437,midpoint,0,single_sp_build_time_s,32.90091252326965
20260915_035740,C0+C0p+C3+FLOW+MTC+S11+WARM+PRE+K5+K7+FILT+MD+SEED+SEEDLS,inputs_9x9_v437,midpoint,0,single_sp_solve_time_s,42.812583208084106
20260915_035740,C0+C0p+C3+FLOW+MTC+S11+WARM+PRE+K5+K7+FILT+MD+SEED+SEEDLS,inputs_9x9_v437,midpoint,0,single_sp_time_s,75.71349573135376
20260915_035740,C0+C0p+C3+FLOW+MTC+S11+WARM+PRE+K5+K7+FILT+MD+SEED+SEEDLS,inputs_9x9_v437,midpoint,0,cache_lookup_time_s,0.02464965544641018
20260915_035740,C0+C0p+C3+FLOW+MTC+S11+WARM+PRE+K5+K7+FILT+MD+SEED+SEEDLS,inputs_9x9_v437,midpoint,0,est_prevented_solve_time_s,533.5040068626404
20260915_035740,C0+C0p+C3+FLOW+MTC+S11+WARM+PRE+K5+K7+FILT+MD+SEED+SEEDLS,inputs_9x9_v437,midpoint,0,single_sp_status_FEASIBLE_VERIFIED,1872
20260915_035740,C0+C0p+C3+FLOW+MTC+S11+WARM+PRE+K5+K7+FILT+MD+SEED+SEEDLS,inputs_9x9_v437,midpoint,0,single_sp_status_INFEASIBLE_PROVEN,1
20260915_035740,C0+C0p+C3+FLOW+MTC+S11+WARM+PRE+K5+K7+FILT+MD+SEED+SEEDLS,inputs_9x9_v437,midpoint,0,single_sp_status_UNKNOWN,0
20260915_035740,C0+C0p+C3+FLOW+MTC+S11+WARM+PRE+K5+K7+FILT+MD+SEED+SEEDLS,inputs_9x9_v437,midpoint,0,dup_cuts_prevented,0
20260915_035740,C0+C0p+C3+FLOW+MTC+S11+WARM+PRE+K5+K7+FILT+MD+SEED+SEEDLS,inputs_9x9_v437,midpoint,0,single_sp_distinct,1873
20260915_035740,C0+C0p+C3+FLOW+MTC+S11+WARM+PRE+K5+K7+FILT+MD+SEED+SEEDLS,inputs_9x9_v437,midpoint,0,master_time_s,1462.6502237319946
20260915_035740,C0+C0p+C3+FLOW+MTC+S11+WARM+PRE+K5+K7+FILT+MD+SEED+SEEDLS,inputs_9x9_v437,midpoint,0,sp_time_s,79.97757768630981
20260915_035740,C0+C0p+C3+FLOW+MTC+S11+WARM+PRE+K5+K7+FILT+MD+SEED+SEEDLS,inputs_9x9_v437,midpoint,0,master_time_share,0.9481549745098735
20260915_035740,C0+C0p+C3+FLOW+MTC+S11+WARM+PRE+K5+K7+FILT+MD+SEED+SEEDLS,inputs_9x9_v437,midpoint,0,sp_time_share,0.05184502549012651
20260915_035740,C0+C0p+C3+FLOW+MTC+S11+WARM+PRE+K5+K7+FILT+MD+SEED+SEEDLS,inputs_9x9_v437,midpoint,0,t_to_gap_10pct,120.15771269798279
20260915_035740,C0+C0p+C3+FLOW+MTC+S11+WARM+PRE+K5+K7+FILT+MD+SEED+SEEDLS,inputs_9x9_v437,midpoint,0,t_to_gap_5pct,
20260915_035740,C0+C0p+C3+FLOW+MTC+S11+WARM+PRE+K5+K7+FILT+MD+SEED+SEEDLS,inputs_9x9_v437,midpoint,0,t_to_gap_3pct,
20260915_035740,C0+C0p+C3+FLOW+MTC+S11+WARM+PRE+K5+K7+FILT+MD+SEED+SEEDLS,inputs_9x9_v437,midpoint,0,t_to_gap_1pct,
20260915_035743,C0+C0p+C3+FLOW+MTC+S11+WARM+PRE+K5+K7+FILT+MD+SEED+SEEDLS,inputs_10x10_v_half,midpoint,0,status,TIME_LIMIT
20260915_035743,C0+C0p+C3+FLOW+MTC+S11+WARM+PRE+K5+K7+FILT+MD+SEED+SEEDLS,inputs_10x10_v_half,midpoint,0,LB,962.5122758335817
20260915_035743,C0+C0p+C3+FLOW+MTC+S11+WARM+PRE+K5+K7+FILT+MD+SEED+SEEDLS,inputs_10x10_v_half,midpoint,0,UB,5301.0899083623435
20260915_035743,C0+C0p+C3+FLOW+MTC+S11+WARM+PRE+K5+K7+FILT+MD+SEED+SEEDLS,inputs_10x10_v_half,midpoint,0,gap,0.8184312485786664
20260915_035743,C0+C0p+C3+FLOW+MTC+S11+WARM+PRE+K5+K7+FILT+MD+SEED+SEEDLS,inputs_10x10_v_half,midpoint,0,iterations,85
20260915_035743,C0+C0p+C3+FLOW+MTC+S11+WARM+PRE+K5+K7+FILT+MD+SEED+SEEDLS,inputs_10x10_v_half,midpoint,0,runtime_s,1800.00235414505
20260915_035743,C0+C0p+C3+FLOW+MTC+S11+WARM+PRE+K5+K7+FILT+MD+SEED+SEEDLS,inputs_10x10_v_half,midpoint,0,wall_s,1800.006383895874
20260915_035743,C0+C0p+C3+FLOW+MTC+S11+WARM+PRE+K5+K7+FILT+MD+SEED+SEEDLS,inputs_10x10_v_half,midpoint,0,n_sp_calls,1
20260915_035743,C0+C0p+C3+FLOW+MTC+S11+WARM+PRE+K5+K7+FILT+MD+SEED+SEEDLS,inputs_10x10_v_half,midpoint,0,incumbent_value,962.5122758335817
20260915_035743,C0+C0p+C3+FLOW+MTC+S11+WARM+PRE+K5+K7+FILT+MD+SEED+SEEDLS,inputs_10x10_v_half,midpoint,0,certified,0
20260915_035743,C0+C0p+C3+FLOW+MTC+S11+WARM+PRE+K5+K7+FILT+MD+SEED+SEEDLS,inputs_10x10_v_half,midpoint,0,n_Nf,90
20260915_035743,C0+C0p+C3+FLOW+MTC+S11+WARM+PRE+K5+K7+FILT+MD+SEED+SEEDLS,inputs_10x10_v_half,midpoint,0,n_K,25
20260915_035743,C0+C0p+C3+FLOW+MTC+S11+WARM+PRE+K5+K7+FILT+MD+SEED+SEEDLS,inputs_10x10_v_half,midpoint,0,sp_engine,strong_resource
20260915_035743,C0+C0p+C3+FLOW+MTC+S11+WARM+PRE+K5+K7+FILT+MD+SEED+SEEDLS,inputs_10x10_v_half,midpoint,0,sp_mip_gap,0.0
20260915_035743,C0+C0p+C3+FLOW+MTC+S11+WARM+PRE+K5+K7+FILT+MD+SEED+SEEDLS,inputs_10x10_v_half,midpoint,0,sp_tighten,0
20260915_035743,C0+C0p+C3+FLOW+MTC+S11+WARM+PRE+K5+K7+FILT+MD+SEED+SEEDLS,inputs_10x10_v_half,midpoint,0,sp_tight_gap,0.0
20260915_035743,C0+C0p+C3+FLOW+MTC+S11+WARM+PRE+K5+K7+FILT+MD+SEED+SEEDLS,inputs_10x10_v_half,midpoint,0,seed_localsearch,1
20260915_035743,C0+C0p+C3+FLOW+MTC+S11+WARM+PRE+K5+K7+FILT+MD+SEED+SEEDLS,inputs_10x10_v_half,midpoint,0,seed_budget_s,120.0
20260915_035743,C0+C0p+C3+FLOW+MTC+S11+WARM+PRE+K5+K7+FILT+MD+SEED+SEEDLS,inputs_10x10_v_half,midpoint,0,bigm_threshold,18
20260915_035743,C0+C0p+C3+FLOW+MTC+S11+WARM+PRE+K5+K7+FILT+MD+SEED+SEEDLS,inputs_10x10_v_half,midpoint,0,bigm_margin,1.0
20260915_035743,C0+C0p+C3+FLOW+MTC+S11+WARM+PRE+K5+K7+FILT+MD+SEED+SEEDLS,inputs_10x10_v_half,midpoint,0,bigm_method,global_sum
20260915_035743,C0+C0p+C3+FLOW+MTC+S11+WARM+PRE+K5+K7+FILT+MD+SEED+SEEDLS,inputs_10x10_v_half,midpoint,0,bigm_nodes_in_dp,0
20260915_035743,C0+C0p+C3+FLOW+MTC+S11+WARM+PRE+K5+K7+FILT+MD+SEED+SEEDLS,inputs_10x10_v_half,midpoint,0,bigm_dp_completed,False
20260915_035743,C0+C0p+C3+FLOW+MTC+S11+WARM+PRE+K5+K7+FILT+MD+SEED+SEEDLS,inputs_10x10_v_half,midpoint,0,M_d,603.281698735241
20260915_035743,C0+C0p+C3+FLOW+MTC+S11+WARM+PRE+K5+K7+FILT+MD+SEED+SEEDLS,inputs_10x10_v_half,midpoint,0,ts_ub,550.9369497191532
20260915_035743,C0+C0p+C3+FLOW+MTC+S11+WARM+PRE+K5+K7+FILT+MD+SEED+SEEDLS,inputs_10x10_v_half,midpoint,0,te_ub,580.281698735241
20260915_035743,C0+C0p+C3+FLOW+MTC+S11+WARM+PRE+K5+K7+FILT+MD+SEED+SEEDLS,inputs_10x10_v_half,midpoint,0,seed_LB,962.5122758335817
20260915_035743,C0+C0p+C3+FLOW+MTC+S11+WARM+PRE+K5+K7+FILT+MD+SEED+SEEDLS,inputs_10x10_v_half,midpoint,0,seed_time_s,15.054089069366455
20260915_035743,C0+C0p+C3+FLOW+MTC+S11+WARM+PRE+K5+K7+FILT+MD+SEED+SEEDLS,inputs_10x10_v_half,midpoint,0,seed_source,localsearch
20260915_035743,C0+C0p+C3+FLOW+MTC+S11+WARM+PRE+K5+K7+FILT+MD+SEED+SEEDLS,inputs_10x10_v_half,midpoint,0,spcall_OPTIMAL,1
20260915_035743,C0+C0p+C3+FLOW+MTC+S11+WARM+PRE+K5+K7+FILT+MD+SEED+SEEDLS,inputs_10x10_v_half,midpoint,0,cut_singleton_infeasible,945
20260915_035743,C0+C0p+C3+FLOW+MTC+S11+WARM+PRE+K5+K7+FILT+MD+SEED+SEEDLS,inputs_10x10_v_half,midpoint,0,singleton_cache_enabled,1
20260915_035743,C0+C0p+C3+FLOW+MTC+S11+WARM+PRE+K5+K7+FILT+MD+SEED+SEEDLS,inputs_10x10_v_half,midpoint,0,single_sp_requests,4228
20260915_035743,C0+C0p+C3+FLOW+MTC+S11+WARM+PRE+K5+K7+FILT+MD+SEED+SEEDLS,inputs_10x10_v_half,midpoint,0,single_sp_solves,1834
20260915_035743,C0+C0p+C3+FLOW+MTC+S11+WARM+PRE+K5+K7+FILT+MD+SEED+SEEDLS,inputs_10x10_v_half,midpoint,0,single_sp_cache_hits,2394
20260915_035743,C0+C0p+C3+FLOW+MTC+S11+WARM+PRE+K5+K7+FILT+MD+SEED+SEEDLS,inputs_10x10_v_half,midpoint,0,single_sp_build_time_s,1.7055439949035645
20260915_035743,C0+C0p+C3+FLOW+MTC+S11+WARM+PRE+K5+K7+FILT+MD+SEED+SEEDLS,inputs_10x10_v_half,midpoint,0,single_sp_solve_time_s,2.3051795959472656
20260915_035743,C0+C0p+C3+FLOW+MTC+S11+WARM+PRE+K5+K7+FILT+MD+SEED+SEEDLS,inputs_10x10_v_half,midpoint,0,single_sp_time_s,4.01072359085083
20260915_035743,C0+C0p+C3+FLOW+MTC+S11+WARM+PRE+K5+K7+FILT+MD+SEED+SEEDLS,inputs_10x10_v_half,midpoint,0,cache_lookup_time_s,0.00998737197369337
20260915_035743,C0+C0p+C3+FLOW+MTC+S11+WARM+PRE+K5+K7+FILT+MD+SEED+SEEDLS,inputs_10x10_v_half,midpoint,0,est_prevented_solve_time_s,4.666393518447876
20260915_035743,C0+C0p+C3+FLOW+MTC+S11+WARM+PRE+K5+K7+FILT+MD+SEED+SEEDLS,inputs_10x10_v_half,midpoint,0,single_sp_status_FEASIBLE_VERIFIED,1522
20260915_035743,C0+C0p+C3+FLOW+MTC+S11+WARM+PRE+K5+K7+FILT+MD+SEED+SEEDLS,inputs_10x10_v_half,midpoint,0,single_sp_status_INFEASIBLE_PROVEN,312
20260915_035743,C0+C0p+C3+FLOW+MTC+S11+WARM+PRE+K5+K7+FILT+MD+SEED+SEEDLS,inputs_10x10_v_half,midpoint,0,single_sp_status_UNKNOWN,0
20260915_035743,C0+C0p+C3+FLOW+MTC+S11+WARM+PRE+K5+K7+FILT+MD+SEED+SEEDLS,inputs_10x10_v_half,midpoint,0,dup_cuts_prevented,0
20260915_035743,C0+C0p+C3+FLOW+MTC+S11+WARM+PRE+K5+K7+FILT+MD+SEED+SEEDLS,inputs_10x10_v_half,midpoint,0,single_sp_distinct,1834
20260915_035743,C0+C0p+C3+FLOW+MTC+S11+WARM+PRE+K5+K7+FILT+MD+SEED+SEEDLS,inputs_10x10_v_half,midpoint,0,master_time_s,1780.769951581955
20260915_035743,C0+C0p+C3+FLOW+MTC+S11+WARM+PRE+K5+K7+FILT+MD+SEED+SEEDLS,inputs_10x10_v_half,midpoint,0,sp_time_s,0.0
20260915_035743,C0+C0p+C3+FLOW+MTC+S11+WARM+PRE+K5+K7+FILT+MD+SEED+SEEDLS,inputs_10x10_v_half,midpoint,0,master_time_share,1.0
20260915_035743,C0+C0p+C3+FLOW+MTC+S11+WARM+PRE+K5+K7+FILT+MD+SEED+SEEDLS,inputs_10x10_v_half,midpoint,0,sp_time_share,0.0
20260915_035743,C0+C0p+C3+FLOW+MTC+S11+WARM+PRE+K5+K7+FILT+MD+SEED+SEEDLS,inputs_10x10_v_half,midpoint,0,t_to_gap_10pct,
20260915_035743,C0+C0p+C3+FLOW+MTC+S11+WARM+PRE+K5+K7+FILT+MD+SEED+SEEDLS,inputs_10x10_v_half,midpoint,0,t_to_gap_5pct,
20260915_035743,C0+C0p+C3+FLOW+MTC+S11+WARM+PRE+K5+K7+FILT+MD+SEED+SEEDLS,inputs_10x10_v_half,midpoint,0,t_to_gap_3pct,
20260915_035743,C0+C0p+C3+FLOW+MTC+S11+WARM+PRE+K5+K7+FILT+MD+SEED+SEEDLS,inputs_10x10_v_half,midpoint,0,t_to_gap_1pct,
20260915_040459,C0+C0p+C3+FLOW+MTC+S11+WARM+PRE+K5+K7+FILT+MD+SEED+SEEDLS,inputs_10x10_v_hi,midpoint,0,status,TIME_LIMIT
20260915_040459,C0+C0p+C3+FLOW+MTC+S11+WARM+PRE+K5+K7+FILT+MD+SEED+SEEDLS,inputs_10x10_v_hi,midpoint,0,LB,1413.181692977666
20260915_040459,C0+C0p+C3+FLOW+MTC+S11+WARM+PRE+K5+K7+FILT+MD+SEED+SEEDLS,inputs_10x10_v_hi,midpoint,0,UB,5359.329675375152
20260915_040459,C0+C0p+C3+FLOW+MTC+S11+WARM+PRE+K5+K7+FILT+MD+SEED+SEEDLS,inputs_10x10_v_hi,midpoint,0,gap,0.7363137223166358
20260915_040459,C0+C0p+C3+FLOW+MTC+S11+WARM+PRE+K5+K7+FILT+MD+SEED+SEEDLS,inputs_10x10_v_hi,midpoint,0,iterations,244
20260915_040459,C0+C0p+C3+FLOW+MTC+S11+WARM+PRE+K5+K7+FILT+MD+SEED+SEEDLS,inputs_10x10_v_hi,midpoint,0,runtime_s,1800.0015771389008
20260915_040459,C0+C0p+C3+FLOW+MTC+S11+WARM+PRE+K5+K7+FILT+MD+SEED+SEEDLS,inputs_10x10_v_hi,midpoint,0,wall_s,1800.0054712295532
20260915_040459,C0+C0p+C3+FLOW+MTC+S11+WARM+PRE+K5+K7+FILT+MD+SEED+SEEDLS,inputs_10x10_v_hi,midpoint,0,n_sp_calls,2
20260915_040459,C0+C0p+C3+FLOW+MTC+S11+WARM+PRE+K5+K7+FILT+MD+SEED+SEEDLS,inputs_10x10_v_hi,midpoint,0,incumbent_value,1413.181692977666
20260915_040459,C0+C0p+C3+FLOW+MTC+S11+WARM+PRE+K5+K7+FILT+MD+SEED+SEEDLS,inputs_10x10_v_hi,midpoint,0,certified,0
20260915_040459,C0+C0p+C3+FLOW+MTC+S11+WARM+PRE+K5+K7+FILT+MD+SEED+SEEDLS,inputs_10x10_v_hi,midpoint,0,n_Nf,90
20260915_040459,C0+C0p+C3+FLOW+MTC+S11+WARM+PRE+K5+K7+FILT+MD+SEED+SEEDLS,inputs_10x10_v_hi,midpoint,0,n_K,84
20260915_040459,C0+C0p+C3+FLOW+MTC+S11+WARM+PRE+K5+K7+FILT+MD+SEED+SEEDLS,inputs_10x10_v_hi,midpoint,0,sp_engine,strong_resource
20260915_040459,C0+C0p+C3+FLOW+MTC+S11+WARM+PRE+K5+K7+FILT+MD+SEED+SEEDLS,inputs_10x10_v_hi,midpoint,0,sp_mip_gap,0.0
20260915_040459,C0+C0p+C3+FLOW+MTC+S11+WARM+PRE+K5+K7+FILT+MD+SEED+SEEDLS,inputs_10x10_v_hi,midpoint,0,sp_tighten,0
20260915_040459,C0+C0p+C3+FLOW+MTC+S11+WARM+PRE+K5+K7+FILT+MD+SEED+SEEDLS,inputs_10x10_v_hi,midpoint,0,sp_tight_gap,0.0
20260915_040459,C0+C0p+C3+FLOW+MTC+S11+WARM+PRE+K5+K7+FILT+MD+SEED+SEEDLS,inputs_10x10_v_hi,midpoint,0,seed_localsearch,1
20260915_040459,C0+C0p+C3+FLOW+MTC+S11+WARM+PRE+K5+K7+FILT+MD+SEED+SEEDLS,inputs_10x10_v_hi,midpoint,0,seed_budget_s,120.0
20260915_040459,C0+C0p+C3+FLOW+MTC+S11+WARM+PRE+K5+K7+FILT+MD+SEED+SEEDLS,inputs_10x10_v_hi,midpoint,0,bigm_threshold,18
20260915_040459,C0+C0p+C3+FLOW+MTC+S11+WARM+PRE+K5+K7+FILT+MD+SEED+SEEDLS,inputs_10x10_v_hi,midpoint,0,bigm_margin,1.0
20260915_040459,C0+C0p+C3+FLOW+MTC+S11+WARM+PRE+K5+K7+FILT+MD+SEED+SEEDLS,inputs_10x10_v_hi,midpoint,0,bigm_method,global_sum
20260915_040459,C0+C0p+C3+FLOW+MTC+S11+WARM+PRE+K5+K7+FILT+MD+SEED+SEEDLS,inputs_10x10_v_hi,midpoint,0,bigm_nodes_in_dp,0
20260915_040459,C0+C0p+C3+FLOW+MTC+S11+WARM+PRE+K5+K7+FILT+MD+SEED+SEEDLS,inputs_10x10_v_hi,midpoint,0,bigm_dp_completed,False
20260915_040459,C0+C0p+C3+FLOW+MTC+S11+WARM+PRE+K5+K7+FILT+MD+SEED+SEEDLS,inputs_10x10_v_hi,midpoint,0,M_d,603.281698735241
20260915_040459,C0+C0p+C3+FLOW+MTC+S11+WARM+PRE+K5+K7+FILT+MD+SEED+SEEDLS,inputs_10x10_v_hi,midpoint,0,ts_ub,550.9369497191532
20260915_040459,C0+C0p+C3+FLOW+MTC+S11+WARM+PRE+K5+K7+FILT+MD+SEED+SEEDLS,inputs_10x10_v_hi,midpoint,0,te_ub,580.281698735241
20260915_040459,C0+C0p+C3+FLOW+MTC+S11+WARM+PRE+K5+K7+FILT+MD+SEED+SEEDLS,inputs_10x10_v_hi,midpoint,0,seed_LB,1413.181692977666
20260915_040459,C0+C0p+C3+FLOW+MTC+S11+WARM+PRE+K5+K7+FILT+MD+SEED+SEEDLS,inputs_10x10_v_hi,midpoint,0,seed_time_s,120.02088117599487
20260915_040459,C0+C0p+C3+FLOW+MTC+S11+WARM+PRE+K5+K7+FILT+MD+SEED+SEEDLS,inputs_10x10_v_hi,midpoint,0,seed_source,localsearch
20260915_040459,C0+C0p+C3+FLOW+MTC+S11+WARM+PRE+K5+K7+FILT+MD+SEED+SEEDLS,inputs_10x10_v_hi,midpoint,0,spcall_INFEASIBLE_PROVEN,1
20260915_040459,C0+C0p+C3+FLOW+MTC+S11+WARM+PRE+K5+K7+FILT+MD+SEED+SEEDLS,inputs_10x10_v_hi,midpoint,0,spcall_TIME_LIMIT_WITH_INCUMBENT,1
20260915_040459,C0+C0p+C3+FLOW+MTC+S11+WARM+PRE+K5+K7+FILT+MD+SEED+SEEDLS,inputs_10x10_v_hi,midpoint,0,cut_singleton_infeasible,702
20260915_040459,C0+C0p+C3+FLOW+MTC+S11+WARM+PRE+K5+K7+FILT+MD+SEED+SEEDLS,inputs_10x10_v_hi,midpoint,0,cut_cell_optimality,34
20260915_040459,C0+C0p+C3+FLOW+MTC+S11+WARM+PRE+K5+K7+FILT+MD+SEED+SEEDLS,inputs_10x10_v_hi,midpoint,0,cut_conflict_infeasible,1
20260915_040459,C0+C0p+C3+FLOW+MTC+S11+WARM+PRE+K5+K7+FILT+MD+SEED+SEEDLS,inputs_10x10_v_hi,midpoint,0,cut_propagation,1
20260915_040459,C0+C0p+C3+FLOW+MTC+S11+WARM+PRE+K5+K7+FILT+MD+SEED+SEEDLS,inputs_10x10_v_hi,midpoint,0,singleton_cache_enabled,1
20260915_040459,C0+C0p+C3+FLOW+MTC+S11+WARM+PRE+K5+K7+FILT+MD+SEED+SEEDLS,inputs_10x10_v_hi,midpoint,0,single_sp_requests,11581
20260915_040459,C0+C0p+C3+FLOW+MTC+S11+WARM+PRE+K5+K7+FILT+MD+SEED+SEEDLS,inputs_10x10_v_hi,midpoint,0,single_sp_solves,2305
20260915_040459,C0+C0p+C3+FLOW+MTC+S11+WARM+PRE+K5+K7+FILT+MD+SEED+SEEDLS,inputs_10x10_v_hi,midpoint,0,single_sp_cache_hits,9276
20260915_040459,C0+C0p+C3+FLOW+MTC+S11+WARM+PRE+K5+K7+FILT+MD+SEED+SEEDLS,inputs_10x10_v_hi,midpoint,0,single_sp_build_time_s,7.367786884307861
20260915_040459,C0+C0p+C3+FLOW+MTC+S11+WARM+PRE+K5+K7+FILT+MD+SEED+SEEDLS,inputs_10x10_v_hi,midpoint,0,single_sp_solve_time_s,7.28037428855896
20260915_040459,C0+C0p+C3+FLOW+MTC+S11+WARM+PRE+K5+K7+FILT+MD+SEED+SEEDLS,inputs_10x10_v_hi,midpoint,0,single_sp_time_s,14.648161172866821
20260915_040459,C0+C0p+C3+FLOW+MTC+S11+WARM+PRE+K5+K7+FILT+MD+SEED+SEEDLS,inputs_10x10_v_hi,midpoint,0,cache_lookup_time_s,0.022910027764737606
20260915_040459,C0+C0p+C3+FLOW+MTC+S11+WARM+PRE+K5+K7+FILT+MD+SEED+SEEDLS,inputs_10x10_v_hi,midpoint,0,est_prevented_solve_time_s,66.66409802436829
20260915_040459,C0+C0p+C3+FLOW+MTC+S11+WARM+PRE+K5+K7+FILT+MD+SEED+SEEDLS,inputs_10x10_v_hi,midpoint,0,single_sp_status_FEASIBLE_VERIFIED,2285
20260915_040459,C0+C0p+C3+FLOW+MTC+S11+WARM+PRE+K5+K7+FILT+MD+SEED+SEEDLS,inputs_10x10_v_hi,midpoint,0,single_sp_status_INFEASIBLE_PROVEN,20
20260915_040459,C0+C0p+C3+FLOW+MTC+S11+WARM+PRE+K5+K7+FILT+MD+SEED+SEEDLS,inputs_10x10_v_hi,midpoint,0,single_sp_status_UNKNOWN,0
20260915_040459,C0+C0p+C3+FLOW+MTC+S11+WARM+PRE+K5+K7+FILT+MD+SEED+SEEDLS,inputs_10x10_v_hi,midpoint,0,dup_cuts_prevented,0
20260915_040459,C0+C0p+C3+FLOW+MTC+S11+WARM+PRE+K5+K7+FILT+MD+SEED+SEEDLS,inputs_10x10_v_hi,midpoint,0,single_sp_distinct,2305
20260915_040459,C0+C0p+C3+FLOW+MTC+S11+WARM+PRE+K5+K7+FILT+MD+SEED+SEEDLS,inputs_10x10_v_hi,midpoint,0,master_time_s,1660.8856015205383
20260915_040459,C0+C0p+C3+FLOW+MTC+S11+WARM+PRE+K5+K7+FILT+MD+SEED+SEEDLS,inputs_10x10_v_hi,midpoint,0,sp_time_s,0.25530290603637695
20260915_040459,C0+C0p+C3+FLOW+MTC+S11+WARM+PRE+K5+K7+FILT+MD+SEED+SEEDLS,inputs_10x10_v_hi,midpoint,0,master_time_share,0.9998463086994269
20260915_040459,C0+C0p+C3+FLOW+MTC+S11+WARM+PRE+K5+K7+FILT+MD+SEED+SEEDLS,inputs_10x10_v_hi,midpoint,0,sp_time_share,0.0001536913005730284
20260915_040459,C0+C0p+C3+FLOW+MTC+S11+WARM+PRE+K5+K7+FILT+MD+SEED+SEEDLS,inputs_10x10_v_hi,midpoint,0,t_to_gap_10pct,
20260915_040459,C0+C0p+C3+FLOW+MTC+S11+WARM+PRE+K5+K7+FILT+MD+SEED+SEEDLS,inputs_10x10_v_hi,midpoint,0,t_to_gap_5pct,
20260915_040459,C0+C0p+C3+FLOW+MTC+S11+WARM+PRE+K5+K7+FILT+MD+SEED+SEEDLS,inputs_10x10_v_hi,midpoint,0,t_to_gap_3pct,
20260915_040459,C0+C0p+C3+FLOW+MTC+S11+WARM+PRE+K5+K7+FILT+MD+SEED+SEEDLS,inputs_10x10_v_hi,midpoint,0,t_to_gap_1pct,
20260915_040915,C0+C0p+C3+FLOW+MTC+S11+WARM+PRE+K5+K7+FILT+MD+SEED+SEEDLS,inputs_4x4,midpoint,1,status,OPTIMAL
20260915_040915,C0+C0p+C3+FLOW+MTC+S11+WARM+PRE+K5+K7+FILT+MD+SEED+SEEDLS,inputs_4x4,midpoint,1,LB,532.620563936684
20260915_040915,C0+C0p+C3+FLOW+MTC+S11+WARM+PRE+K5+K7+FILT+MD+SEED+SEEDLS,inputs_4x4,midpoint,1,UB,532.6205639366835
20260915_040915,C0+C0p+C3+FLOW+MTC+S11+WARM+PRE+K5+K7+FILT+MD+SEED+SEEDLS,inputs_4x4,midpoint,1,gap,-8.537923273659468e-16
20260915_040915,C0+C0p+C3+FLOW+MTC+S11+WARM+PRE+K5+K7+FILT+MD+SEED+SEEDLS,inputs_4x4,midpoint,1,iterations,5
20260915_040915,C0+C0p+C3+FLOW+MTC+S11+WARM+PRE+K5+K7+FILT+MD+SEED+SEEDLS,inputs_4x4,midpoint,1,runtime_s,694.5633645057678
20260915_040915,C0+C0p+C3+FLOW+MTC+S11+WARM+PRE+K5+K7+FILT+MD+SEED+SEEDLS,inputs_4x4,midpoint,1,wall_s,694.5636003017426
20260915_040915,C0+C0p+C3+FLOW+MTC+S11+WARM+PRE+K5+K7+FILT+MD+SEED+SEEDLS,inputs_4x4,midpoint,1,n_sp_calls,5
20260915_040915,C0+C0p+C3+FLOW+MTC+S11+WARM+PRE+K5+K7+FILT+MD+SEED+SEEDLS,inputs_4x4,midpoint,1,incumbent_value,532.620563936684
20260915_040915,C0+C0p+C3+FLOW+MTC+S11+WARM+PRE+K5+K7+FILT+MD+SEED+SEEDLS,inputs_4x4,midpoint,1,certified,1
20260915_040915,C0+C0p+C3+FLOW+MTC+S11+WARM+PRE+K5+K7+FILT+MD+SEED+SEEDLS,inputs_4x4,midpoint,1,n_Nf,13
20260915_040915,C0+C0p+C3+FLOW+MTC+S11+WARM+PRE+K5+K7+FILT+MD+SEED+SEEDLS,inputs_4x4,midpoint,1,n_K,32
20260915_040915,C0+C0p+C3+FLOW+MTC+S11+WARM+PRE+K5+K7+FILT+MD+SEED+SEEDLS,inputs_4x4,midpoint,1,sp_engine,strong_resource
20260915_040915,C0+C0p+C3+FLOW+MTC+S11+WARM+PRE+K5+K7+FILT+MD+SEED+SEEDLS,inputs_4x4,midpoint,1,sp_mip_gap,0.0
20260915_040915,C0+C0p+C3+FLOW+MTC+S11+WARM+PRE+K5+K7+FILT+MD+SEED+SEEDLS,inputs_4x4,midpoint,1,sp_tighten,0
20260915_040915,C0+C0p+C3+FLOW+MTC+S11+WARM+PRE+K5+K7+FILT+MD+SEED+SEEDLS,inputs_4x4,midpoint,1,sp_tight_gap,0.0
20260915_040915,C0+C0p+C3+FLOW+MTC+S11+WARM+PRE+K5+K7+FILT+MD+SEED+SEEDLS,inputs_4x4,midpoint,1,seed_localsearch,1
20260915_040915,C0+C0p+C3+FLOW+MTC+S11+WARM+PRE+K5+K7+FILT+MD+SEED+SEEDLS,inputs_4x4,midpoint,1,seed_budget_s,120.0
20260915_040915,C0+C0p+C3+FLOW+MTC+S11+WARM+PRE+K5+K7+FILT+MD+SEED+SEEDLS,inputs_4x4,midpoint,1,bigm_threshold,18
20260915_040915,C0+C0p+C3+FLOW+MTC+S11+WARM+PRE+K5+K7+FILT+MD+SEED+SEEDLS,inputs_4x4,midpoint,1,bigm_margin,1.0
20260915_040915,C0+C0p+C3+FLOW+MTC+S11+WARM+PRE+K5+K7+FILT+MD+SEED+SEEDLS,inputs_4x4,midpoint,1,bigm_method,exact_dp
20260915_040915,C0+C0p+C3+FLOW+MTC+S11+WARM+PRE+K5+K7+FILT+MD+SEED+SEEDLS,inputs_4x4,midpoint,1,bigm_nodes_in_dp,13
20260915_040915,C0+C0p+C3+FLOW+MTC+S11+WARM+PRE+K5+K7+FILT+MD+SEED+SEEDLS,inputs_4x4,midpoint,1,bigm_dp_completed,True
20260915_040915,C0+C0p+C3+FLOW+MTC+S11+WARM+PRE+K5+K7+FILT+MD+SEED+SEEDLS,inputs_4x4,midpoint,1,M_d,105.71477534886262
20260915_040915,C0+C0p+C3+FLOW+MTC+S11+WARM+PRE+K5+K7+FILT+MD+SEED+SEEDLS,inputs_4x4,midpoint,1,ts_ub,65.3700263327748
20260915_040915,C0+C0p+C3+FLOW+MTC+S11+WARM+PRE+K5+K7+FILT+MD+SEED+SEEDLS,inputs_4x4,midpoint,1,te_ub,94.71477534886262
20260915_040915,C0+C0p+C3+FLOW+MTC+S11+WARM+PRE+K5+K7+FILT+MD+SEED+SEEDLS,inputs_4x4,midpoint,1,seed_LB,532.6205639366839
20260915_040915,C0+C0p+C3+FLOW+MTC+S11+WARM+PRE+K5+K7+FILT+MD+SEED+SEEDLS,inputs_4x4,midpoint,1,seed_time_s,61.07072830200195
20260915_040915,C0+C0p+C3+FLOW+MTC+S11+WARM+PRE+K5+K7+FILT+MD+SEED+SEEDLS,inputs_4x4,midpoint,1,seed_source,containment
20260915_040915,C0+C0p+C3+FLOW+MTC+S11+WARM+PRE+K5+K7+FILT+MD+SEED+SEEDLS,inputs_4x4,midpoint,1,spcall_OPTIMAL,1
20260915_040915,C0+C0p+C3+FLOW+MTC+S11+WARM+PRE+K5+K7+FILT+MD+SEED+SEEDLS,inputs_4x4,midpoint,1,spcall_TIME_LIMIT_WITH_INCUMBENT,4
20260915_040915,C0+C0p+C3+FLOW+MTC+S11+WARM+PRE+K5+K7+FILT+MD+SEED+SEEDLS,inputs_4x4,midpoint,1,cut_singleton_infeasible,2
20260915_040915,C0+C0p+C3+FLOW+MTC+S11+WARM+PRE+K5+K7+FILT+MD+SEED+SEEDLS,inputs_4x4,midpoint,1,cut_cell_optimality,12
20260915_040915,C0+C0p+C3+FLOW+MTC+S11+WARM+PRE+K5+K7+FILT+MD+SEED+SEEDLS,inputs_4x4,midpoint,1,cut_aggregate_optimality,1
20260915_040915,C0+C0p+C3+FLOW+MTC+S11+WARM+PRE+K5+K7+FILT+MD+SEED+SEEDLS,inputs_4x4,midpoint,1,cut_dual_bound,2
20260915_040915,C0+C0p+C3+FLOW+MTC+S11+WARM+PRE+K5+K7+FILT+MD+SEED+SEEDLS,inputs_4x4,midpoint,1,singleton_cache_enabled,1
20260915_040915,C0+C0p+C3+FLOW+MTC+S11+WARM+PRE+K5+K7+FILT+MD+SEED+SEEDLS,inputs_4x4,midpoint,1,single_sp_requests,16
20260915_040915,C0+C0p+C3+FLOW+MTC+S11+WARM+PRE+K5+K7+FILT+MD+SEED+SEEDLS,inputs_4x4,midpoint,1,single_sp_solves,12
20260915_040915,C0+C0p+C3+FLOW+MTC+S11+WARM+PRE+K5+K7+FILT+MD+SEED+SEEDLS,inputs_4x4,midpoint,1,single_sp_cache_hits,4
20260915_040915,C0+C0p+C3+FLOW+MTC+S11+WARM+PRE+K5+K7+FILT+MD+SEED+SEEDLS,inputs_4x4,midpoint,1,single_sp_build_time_s,0.015013456344604492
20260915_040915,C0+C0p+C3+FLOW+MTC+S11+WARM+PRE+K5+K7+FILT+MD+SEED+SEEDLS,inputs_4x4,midpoint,1,single_sp_solve_time_s,0.02178788185119629
20260915_040915,C0+C0p+C3+FLOW+MTC+S11+WARM+PRE+K5+K7+FILT+MD+SEED+SEEDLS,inputs_4x4,midpoint,1,single_sp_time_s,0.03680133819580078
20260915_040915,C0+C0p+C3+FLOW+MTC+S11+WARM+PRE+K5+K7+FILT+MD+SEED+SEEDLS,inputs_4x4,midpoint,1,cache_lookup_time_s,5.287211388349533e-05
20260915_040915,C0+C0p+C3+FLOW+MTC+S11+WARM+PRE+K5+K7+FILT+MD+SEED+SEEDLS,inputs_4x4,midpoint,1,est_prevented_solve_time_s,0.02227306365966797
20260915_040915,C0+C0p+C3+FLOW+MTC+S11+WARM+PRE+K5+K7+FILT+MD+SEED+SEEDLS,inputs_4x4,midpoint,1,single_sp_status_FEASIBLE_VERIFIED,10
20260915_040915,C0+C0p+C3+FLOW+MTC+S11+WARM+PRE+K5+K7+FILT+MD+SEED+SEEDLS,inputs_4x4,midpoint,1,single_sp_status_INFEASIBLE_PROVEN,2
20260915_040915,C0+C0p+C3+FLOW+MTC+S11+WARM+PRE+K5+K7+FILT+MD+SEED+SEEDLS,inputs_4x4,midpoint,1,single_sp_status_UNKNOWN,0
20260915_040915,C0+C0p+C3+FLOW+MTC+S11+WARM+PRE+K5+K7+FILT+MD+SEED+SEEDLS,inputs_4x4,midpoint,1,dup_cuts_prevented,0
20260915_040915,C0+C0p+C3+FLOW+MTC+S11+WARM+PRE+K5+K7+FILT+MD+SEED+SEEDLS,inputs_4x4,midpoint,1,single_sp_distinct,12
20260915_040915,C0+C0p+C3+FLOW+MTC+S11+WARM+PRE+K5+K7+FILT+MD+SEED+SEEDLS,inputs_4x4,midpoint,1,master_time_s,0.027071237564086914
20260915_040915,C0+C0p+C3+FLOW+MTC+S11+WARM+PRE+K5+K7+FILT+MD+SEED+SEEDLS,inputs_4x4,midpoint,1,sp_time_s,633.282897233963
20260915_040915,C0+C0p+C3+FLOW+MTC+S11+WARM+PRE+K5+K7+FILT+MD+SEED+SEEDLS,inputs_4x4,midpoint,1,master_time_share,4.27456362789022e-05
20260915_040915,C0+C0p+C3+FLOW+MTC+S11+WARM+PRE+K5+K7+FILT+MD+SEED+SEEDLS,inputs_4x4,midpoint,1,sp_time_share,0.9999572543637211
20260915_040915,C0+C0p+C3+FLOW+MTC+S11+WARM+PRE+K5+K7+FILT+MD+SEED+SEEDLS,inputs_4x4,midpoint,1,t_to_gap_10pct,61.073209047317505
20260915_040915,C0+C0p+C3+FLOW+MTC+S11+WARM+PRE+K5+K7+FILT+MD+SEED+SEEDLS,inputs_4x4,midpoint,1,t_to_gap_5pct,394.48847937583923
20260915_040915,C0+C0p+C3+FLOW+MTC+S11+WARM+PRE+K5+K7+FILT+MD+SEED+SEEDLS,inputs_4x4,midpoint,1,t_to_gap_3pct,694.5633592605591
20260915_040915,C0+C0p+C3+FLOW+MTC+S11+WARM+PRE+K5+K7+FILT+MD+SEED+SEEDLS,inputs_4x4,midpoint,1,t_to_gap_1pct,694.5633592605591
20260915_041636,C0+C0p+C3+FLOW+MTC+S11+WARM+PRE+K5+K7+FILT+MD+SEED+SEEDLS,inputs_4x4_4,midpoint,1,status,OPTIMAL
20260915_041636,C0+C0p+C3+FLOW+MTC+S11+WARM+PRE+K5+K7+FILT+MD+SEED+SEEDLS,inputs_4x4_4,midpoint,1,LB,552.620563936684
20260915_041636,C0+C0p+C3+FLOW+MTC+S11+WARM+PRE+K5+K7+FILT+MD+SEED+SEEDLS,inputs_4x4_4,midpoint,1,UB,552.6205639366835
20260915_041636,C0+C0p+C3+FLOW+MTC+S11+WARM+PRE+K5+K7+FILT+MD+SEED+SEEDLS,inputs_4x4_4,midpoint,1,gap,-8.22892560578992e-16
20260915_041636,C0+C0p+C3+FLOW+MTC+S11+WARM+PRE+K5+K7+FILT+MD+SEED+SEEDLS,inputs_4x4_4,midpoint,1,iterations,5
20260915_041636,C0+C0p+C3+FLOW+MTC+S11+WARM+PRE+K5+K7+FILT+MD+SEED+SEEDLS,inputs_4x4_4,midpoint,1,runtime_s,694.613201379776
20260915_041636,C0+C0p+C3+FLOW+MTC+S11+WARM+PRE+K5+K7+FILT+MD+SEED+SEEDLS,inputs_4x4_4,midpoint,1,wall_s,694.6134464740753
20260915_041636,C0+C0p+C3+FLOW+MTC+S11+WARM+PRE+K5+K7+FILT+MD+SEED+SEEDLS,inputs_4x4_4,midpoint,1,n_sp_calls,5
20260915_041636,C0+C0p+C3+FLOW+MTC+S11+WARM+PRE+K5+K7+FILT+MD+SEED+SEEDLS,inputs_4x4_4,midpoint,1,incumbent_value,552.620563936684
20260915_041636,C0+C0p+C3+FLOW+MTC+S11+WARM+PRE+K5+K7+FILT+MD+SEED+SEEDLS,inputs_4x4_4,midpoint,1,certified,1
20260915_041636,C0+C0p+C3+FLOW+MTC+S11+WARM+PRE+K5+K7+FILT+MD+SEED+SEEDLS,inputs_4x4_4,midpoint,1,n_Nf,13
20260915_041636,C0+C0p+C3+FLOW+MTC+S11+WARM+PRE+K5+K7+FILT+MD+SEED+SEEDLS,inputs_4x4_4,midpoint,1,n_K,32
20260915_041636,C0+C0p+C3+FLOW+MTC+S11+WARM+PRE+K5+K7+FILT+MD+SEED+SEEDLS,inputs_4x4_4,midpoint,1,sp_engine,strong_resource
20260915_041636,C0+C0p+C3+FLOW+MTC+S11+WARM+PRE+K5+K7+FILT+MD+SEED+SEEDLS,inputs_4x4_4,midpoint,1,sp_mip_gap,0.0
20260915_041636,C0+C0p+C3+FLOW+MTC+S11+WARM+PRE+K5+K7+FILT+MD+SEED+SEEDLS,inputs_4x4_4,midpoint,1,sp_tighten,0
20260915_041636,C0+C0p+C3+FLOW+MTC+S11+WARM+PRE+K5+K7+FILT+MD+SEED+SEEDLS,inputs_4x4_4,midpoint,1,sp_tight_gap,0.0
20260915_041636,C0+C0p+C3+FLOW+MTC+S11+WARM+PRE+K5+K7+FILT+MD+SEED+SEEDLS,inputs_4x4_4,midpoint,1,seed_localsearch,1
20260915_041636,C0+C0p+C3+FLOW+MTC+S11+WARM+PRE+K5+K7+FILT+MD+SEED+SEEDLS,inputs_4x4_4,midpoint,1,seed_budget_s,120.0
20260915_041636,C0+C0p+C3+FLOW+MTC+S11+WARM+PRE+K5+K7+FILT+MD+SEED+SEEDLS,inputs_4x4_4,midpoint,1,bigm_threshold,18
20260915_041636,C0+C0p+C3+FLOW+MTC+S11+WARM+PRE+K5+K7+FILT+MD+SEED+SEEDLS,inputs_4x4_4,midpoint,1,bigm_margin,1.0
20260915_041636,C0+C0p+C3+FLOW+MTC+S11+WARM+PRE+K5+K7+FILT+MD+SEED+SEEDLS,inputs_4x4_4,midpoint,1,bigm_method,exact_dp
20260915_041636,C0+C0p+C3+FLOW+MTC+S11+WARM+PRE+K5+K7+FILT+MD+SEED+SEEDLS,inputs_4x4_4,midpoint,1,bigm_nodes_in_dp,13
20260915_041636,C0+C0p+C3+FLOW+MTC+S11+WARM+PRE+K5+K7+FILT+MD+SEED+SEEDLS,inputs_4x4_4,midpoint,1,bigm_dp_completed,True
20260915_041636,C0+C0p+C3+FLOW+MTC+S11+WARM+PRE+K5+K7+FILT+MD+SEED+SEEDLS,inputs_4x4_4,midpoint,1,M_d,105.71477534886262
20260915_041636,C0+C0p+C3+FLOW+MTC+S11+WARM+PRE+K5+K7+FILT+MD+SEED+SEEDLS,inputs_4x4_4,midpoint,1,ts_ub,65.3700263327748
20260915_041636,C0+C0p+C3+FLOW+MTC+S11+WARM+PRE+K5+K7+FILT+MD+SEED+SEEDLS,inputs_4x4_4,midpoint,1,te_ub,94.71477534886262
20260915_041636,C0+C0p+C3+FLOW+MTC+S11+WARM+PRE+K5+K7+FILT+MD+SEED+SEEDLS,inputs_4x4_4,midpoint,1,seed_LB,552.6205639366839
20260915_041636,C0+C0p+C3+FLOW+MTC+S11+WARM+PRE+K5+K7+FILT+MD+SEED+SEEDLS,inputs_4x4_4,midpoint,1,seed_time_s,61.07175827026367
20260915_041636,C0+C0p+C3+FLOW+MTC+S11+WARM+PRE+K5+K7+FILT+MD+SEED+SEEDLS,inputs_4x4_4,midpoint,1,seed_source,containment
20260915_041636,C0+C0p+C3+FLOW+MTC+S11+WARM+PRE+K5+K7+FILT+MD+SEED+SEEDLS,inputs_4x4_4,midpoint,1,spcall_OPTIMAL,1
20260915_041636,C0+C0p+C3+FLOW+MTC+S11+WARM+PRE+K5+K7+FILT+MD+SEED+SEEDLS,inputs_4x4_4,midpoint,1,spcall_TIME_LIMIT_WITH_INCUMBENT,4
20260915_041636,C0+C0p+C3+FLOW+MTC+S11+WARM+PRE+K5+K7+FILT+MD+SEED+SEEDLS,inputs_4x4_4,midpoint,1,cut_singleton_infeasible,1
20260915_041636,C0+C0p+C3+FLOW+MTC+S11+WARM+PRE+K5+K7+FILT+MD+SEED+SEEDLS,inputs_4x4_4,midpoint,1,cut_cell_optimality,12
20260915_041636,C0+C0p+C3+FLOW+MTC+S11+WARM+PRE+K5+K7+FILT+MD+SEED+SEEDLS,inputs_4x4_4,midpoint,1,cut_aggregate_optimality,1
20260915_041636,C0+C0p+C3+FLOW+MTC+S11+WARM+PRE+K5+K7+FILT+MD+SEED+SEEDLS,inputs_4x4_4,midpoint,1,cut_dual_bound,2
20260915_041636,C0+C0p+C3+FLOW+MTC+S11+WARM+PRE+K5+K7+FILT+MD+SEED+SEEDLS,inputs_4x4_4,midpoint,1,singleton_cache_enabled,1
20260915_041636,C0+C0p+C3+FLOW+MTC+S11+WARM+PRE+K5+K7+FILT+MD+SEED+SEEDLS,inputs_4x4_4,midpoint,1,single_sp_requests,15
20260915_041636,C0+C0p+C3+FLOW+MTC+S11+WARM+PRE+K5+K7+FILT+MD+SEED+SEEDLS,inputs_4x4_4,midpoint,1,single_sp_solves,11
20260915_041636,C0+C0p+C3+FLOW+MTC+S11+WARM+PRE+K5+K7+FILT+MD+SEED+SEEDLS,inputs_4x4_4,midpoint,1,single_sp_cache_hits,4
20260915_041636,C0+C0p+C3+FLOW+MTC+S11+WARM+PRE+K5+K7+FILT+MD+SEED+SEEDLS,inputs_4x4_4,midpoint,1,single_sp_build_time_s,0.013954401016235352
20260915_041636,C0+C0p+C3+FLOW+MTC+S11+WARM+PRE+K5+K7+FILT+MD+SEED+SEEDLS,inputs_4x4_4,midpoint,1,single_sp_solve_time_s,0.02140974998474121
20260915_041636,C0+C0p+C3+FLOW+MTC+S11+WARM+PRE+K5+K7+FILT+MD+SEED+SEEDLS,inputs_4x4_4,midpoint,1,single_sp_time_s,0.03536415100097656
20260915_041636,C0+C0p+C3+FLOW+MTC+S11+WARM+PRE+K5+K7+FILT+MD+SEED+SEEDLS,inputs_4x4_4,midpoint,1,cache_lookup_time_s,4.732329398393631e-05
20260915_041636,C0+C0p+C3+FLOW+MTC+S11+WARM+PRE+K5+K7+FILT+MD+SEED+SEEDLS,inputs_4x4_4,midpoint,1,est_prevented_solve_time_s,0.022497892379760742
20260915_041636,C0+C0p+C3+FLOW+MTC+S11+WARM+PRE+K5+K7+FILT+MD+SEED+SEEDLS,inputs_4x4_4,midpoint,1,single_sp_status_FEASIBLE_VERIFIED,10
20260915_041636,C0+C0p+C3+FLOW+MTC+S11+WARM+PRE+K5+K7+FILT+MD+SEED+SEEDLS,inputs_4x4_4,midpoint,1,single_sp_status_INFEASIBLE_PROVEN,1
20260915_041636,C0+C0p+C3+FLOW+MTC+S11+WARM+PRE+K5+K7+FILT+MD+SEED+SEEDLS,inputs_4x4_4,midpoint,1,single_sp_status_UNKNOWN,0
20260915_041636,C0+C0p+C3+FLOW+MTC+S11+WARM+PRE+K5+K7+FILT+MD+SEED+SEEDLS,inputs_4x4_4,midpoint,1,dup_cuts_prevented,0
20260915_041636,C0+C0p+C3+FLOW+MTC+S11+WARM+PRE+K5+K7+FILT+MD+SEED+SEEDLS,inputs_4x4_4,midpoint,1,single_sp_distinct,11
20260915_041636,C0+C0p+C3+FLOW+MTC+S11+WARM+PRE+K5+K7+FILT+MD+SEED+SEEDLS,inputs_4x4_4,midpoint,1,master_time_s,0.025107383728027344
20260915_041636,C0+C0p+C3+FLOW+MTC+S11+WARM+PRE+K5+K7+FILT+MD+SEED+SEEDLS,inputs_4x4_4,midpoint,1,sp_time_s,633.3315780162811
20260915_041636,C0+C0p+C3+FLOW+MTC+S11+WARM+PRE+K5+K7+FILT+MD+SEED+SEEDLS,inputs_4x4_4,midpoint,1,master_time_share,3.9641775806266683e-05
20260915_041636,C0+C0p+C3+FLOW+MTC+S11+WARM+PRE+K5+K7+FILT+MD+SEED+SEEDLS,inputs_4x4_4,midpoint,1,sp_time_share,0.9999603582241937
20260915_041636,C0+C0p+C3+FLOW+MTC+S11+WARM+PRE+K5+K7+FILT+MD+SEED+SEEDLS,inputs_4x4_4,midpoint,1,t_to_gap_10pct,61.072932720184326
20260915_041636,C0+C0p+C3+FLOW+MTC+S11+WARM+PRE+K5+K7+FILT+MD+SEED+SEEDLS,inputs_4x4_4,midpoint,1,t_to_gap_5pct,394.53772926330566
20260915_041636,C0+C0p+C3+FLOW+MTC+S11+WARM+PRE+K5+K7+FILT+MD+SEED+SEEDLS,inputs_4x4_4,midpoint,1,t_to_gap_3pct,694.6040890216827
20260915_041636,C0+C0p+C3+FLOW+MTC+S11+WARM+PRE+K5+K7+FILT+MD+SEED+SEEDLS,inputs_4x4_4,midpoint,1,t_to_gap_1pct,694.613195180893
20260915_041659,C0+C0p+C3+FLOW+MTC+S11+WARM+PRE+K5+K7+FILT+MD+SEED+SEEDLS,inputs_4x4_2,midpoint,1,status,OPTIMAL
20260915_041659,C0+C0p+C3+FLOW+MTC+S11+WARM+PRE+K5+K7+FILT+MD+SEED+SEEDLS,inputs_4x4_2,midpoint,1,LB,466.4990053018034
20260915_041659,C0+C0p+C3+FLOW+MTC+S11+WARM+PRE+K5+K7+FILT+MD+SEED+SEEDLS,inputs_4x4_2,midpoint,1,UB,466.499005301803
20260915_041659,C0+C0p+C3+FLOW+MTC+S11+WARM+PRE+K5+K7+FILT+MD+SEED+SEEDLS,inputs_4x4_2,midpoint,1,gap,-8.52957728748491e-16
20260915_041659,C0+C0p+C3+FLOW+MTC+S11+WARM+PRE+K5+K7+FILT+MD+SEED+SEEDLS,inputs_4x4_2,midpoint,1,iterations,12
20260915_041659,C0+C0p+C3+FLOW+MTC+S11+WARM+PRE+K5+K7+FILT+MD+SEED+SEEDLS,inputs_4x4_2,midpoint,1,runtime_s,1158.370988368988
20260915_041659,C0+C0p+C3+FLOW+MTC+S11+WARM+PRE+K5+K7+FILT+MD+SEED+SEEDLS,inputs_4x4_2,midpoint,1,wall_s,1158.371276140213
20260915_041659,C0+C0p+C3+FLOW+MTC+S11+WARM+PRE+K5+K7+FILT+MD+SEED+SEEDLS,inputs_4x4_2,midpoint,1,n_sp_calls,12
20260915_041659,C0+C0p+C3+FLOW+MTC+S11+WARM+PRE+K5+K7+FILT+MD+SEED+SEEDLS,inputs_4x4_2,midpoint,1,incumbent_value,466.4990053018034
20260915_041659,C0+C0p+C3+FLOW+MTC+S11+WARM+PRE+K5+K7+FILT+MD+SEED+SEEDLS,inputs_4x4_2,midpoint,1,certified,1
20260915_041659,C0+C0p+C3+FLOW+MTC+S11+WARM+PRE+K5+K7+FILT+MD+SEED+SEEDLS,inputs_4x4_2,midpoint,1,n_Nf,13
20260915_041659,C0+C0p+C3+FLOW+MTC+S11+WARM+PRE+K5+K7+FILT+MD+SEED+SEEDLS,inputs_4x4_2,midpoint,1,n_K,32
20260915_041659,C0+C0p+C3+FLOW+MTC+S11+WARM+PRE+K5+K7+FILT+MD+SEED+SEEDLS,inputs_4x4_2,midpoint,1,sp_engine,strong_resource
20260915_041659,C0+C0p+C3+FLOW+MTC+S11+WARM+PRE+K5+K7+FILT+MD+SEED+SEEDLS,inputs_4x4_2,midpoint,1,sp_mip_gap,0.0
20260915_041659,C0+C0p+C3+FLOW+MTC+S11+WARM+PRE+K5+K7+FILT+MD+SEED+SEEDLS,inputs_4x4_2,midpoint,1,sp_tighten,0
20260915_041659,C0+C0p+C3+FLOW+MTC+S11+WARM+PRE+K5+K7+FILT+MD+SEED+SEEDLS,inputs_4x4_2,midpoint,1,sp_tight_gap,0.0
20260915_041659,C0+C0p+C3+FLOW+MTC+S11+WARM+PRE+K5+K7+FILT+MD+SEED+SEEDLS,inputs_4x4_2,midpoint,1,seed_localsearch,1
20260915_041659,C0+C0p+C3+FLOW+MTC+S11+WARM+PRE+K5+K7+FILT+MD+SEED+SEEDLS,inputs_4x4_2,midpoint,1,seed_budget_s,120.0
20260915_041659,C0+C0p+C3+FLOW+MTC+S11+WARM+PRE+K5+K7+FILT+MD+SEED+SEEDLS,inputs_4x4_2,midpoint,1,bigm_threshold,18
20260915_041659,C0+C0p+C3+FLOW+MTC+S11+WARM+PRE+K5+K7+FILT+MD+SEED+SEEDLS,inputs_4x4_2,midpoint,1,bigm_margin,1.0
20260915_041659,C0+C0p+C3+FLOW+MTC+S11+WARM+PRE+K5+K7+FILT+MD+SEED+SEEDLS,inputs_4x4_2,midpoint,1,bigm_method,exact_dp
20260915_041659,C0+C0p+C3+FLOW+MTC+S11+WARM+PRE+K5+K7+FILT+MD+SEED+SEEDLS,inputs_4x4_2,midpoint,1,bigm_nodes_in_dp,13
20260915_041659,C0+C0p+C3+FLOW+MTC+S11+WARM+PRE+K5+K7+FILT+MD+SEED+SEEDLS,inputs_4x4_2,midpoint,1,bigm_dp_completed,True
20260915_041659,C0+C0p+C3+FLOW+MTC+S11+WARM+PRE+K5+K7+FILT+MD+SEED+SEEDLS,inputs_4x4_2,midpoint,1,M_d,105.71477534886262
20260915_041659,C0+C0p+C3+FLOW+MTC+S11+WARM+PRE+K5+K7+FILT+MD+SEED+SEEDLS,inputs_4x4_2,midpoint,1,ts_ub,65.3700263327748
20260915_041659,C0+C0p+C3+FLOW+MTC+S11+WARM+PRE+K5+K7+FILT+MD+SEED+SEEDLS,inputs_4x4_2,midpoint,1,te_ub,94.71477534886262
20260915_041659,C0+C0p+C3+FLOW+MTC+S11+WARM+PRE+K5+K7+FILT+MD+SEED+SEEDLS,inputs_4x4_2,midpoint,1,seed_LB,466.4990053018034
20260915_041659,C0+C0p+C3+FLOW+MTC+S11+WARM+PRE+K5+K7+FILT+MD+SEED+SEEDLS,inputs_4x4_2,midpoint,1,seed_time_s,64.21621251106262
20260915_041659,C0+C0p+C3+FLOW+MTC+S11+WARM+PRE+K5+K7+FILT+MD+SEED+SEEDLS,inputs_4x4_2,midpoint,1,seed_source,localsearch
20260915_041659,C0+C0p+C3+FLOW+MTC+S11+WARM+PRE+K5+K7+FILT+MD+SEED+SEEDLS,inputs_4x4_2,midpoint,1,spcall_OPTIMAL,8
20260915_041659,C0+C0p+C3+FLOW+MTC+S11+WARM+PRE+K5+K7+FILT+MD+SEED+SEEDLS,inputs_4x4_2,midpoint,1,spcall_INFEASIBLE_PROVEN,1
20260915_041659,C0+C0p+C3+FLOW+MTC+S11+WARM+PRE+K5+K7+FILT+MD+SEED+SEEDLS,inputs_4x4_2,midpoint,1,spcall_TIME_LIMIT_WITH_INCUMBENT,3
20260915_041659,C0+C0p+C3+FLOW+MTC+S11+WARM+PRE+K5+K7+FILT+MD+SEED+SEEDLS,inputs_4x4_2,midpoint,1,cut_singleton_infeasible,2
20260915_041659,C0+C0p+C3+FLOW+MTC+S11+WARM+PRE+K5+K7+FILT+MD+SEED+SEEDLS,inputs_4x4_2,midpoint,1,cut_cell_optimality,18
20260915_041659,C0+C0p+C3+FLOW+MTC+S11+WARM+PRE+K5+K7+FILT+MD+SEED+SEEDLS,inputs_4x4_2,midpoint,1,cut_conflict_infeasible,1
20260915_041659,C0+C0p+C3+FLOW+MTC+S11+WARM+PRE+K5+K7+FILT+MD+SEED+SEEDLS,inputs_4x4_2,midpoint,1,cut_dual_bound,2
20260915_041659,C0+C0p+C3+FLOW+MTC+S11+WARM+PRE+K5+K7+FILT+MD+SEED+SEEDLS,inputs_4x4_2,midpoint,1,cut_aggregate_optimality,7
20260915_041659,C0+C0p+C3+FLOW+MTC+S11+WARM+PRE+K5+K7+FILT+MD+SEED+SEEDLS,inputs_4x4_2,midpoint,1,singleton_cache_enabled,1
20260915_041659,C0+C0p+C3+FLOW+MTC+S11+WARM+PRE+K5+K7+FILT+MD+SEED+SEEDLS,inputs_4x4_2,midpoint,1,single_sp_requests,63
20260915_041659,C0+C0p+C3+FLOW+MTC+S11+WARM+PRE+K5+K7+FILT+MD+SEED+SEEDLS,inputs_4x4_2,midpoint,1,single_sp_solves,17
20260915_041659,C0+C0p+C3+FLOW+MTC+S11+WARM+PRE+K5+K7+FILT+MD+SEED+SEEDLS,inputs_4x4_2,midpoint,1,single_sp_cache_hits,46
20260915_041659,C0+C0p+C3+FLOW+MTC+S11+WARM+PRE+K5+K7+FILT+MD+SEED+SEEDLS,inputs_4x4_2,midpoint,1,single_sp_build_time_s,0.03122568130493164
20260915_041659,C0+C0p+C3+FLOW+MTC+S11+WARM+PRE+K5+K7+FILT+MD+SEED+SEEDLS,inputs_4x4_2,midpoint,1,single_sp_solve_time_s,0.03262662887573242
20260915_041659,C0+C0p+C3+FLOW+MTC+S11+WARM+PRE+K5+K7+FILT+MD+SEED+SEEDLS,inputs_4x4_2,midpoint,1,single_sp_time_s,0.06385231018066406
20260915_041659,C0+C0p+C3+FLOW+MTC+S11+WARM+PRE+K5+K7+FILT+MD+SEED+SEEDLS,inputs_4x4_2,midpoint,1,cache_lookup_time_s,0.0001547299325466156
20260915_041659,C0+C0p+C3+FLOW+MTC+S11+WARM+PRE+K5+K7+FILT+MD+SEED+SEEDLS,inputs_4x4_2,midpoint,1,est_prevented_solve_time_s,0.1201176643371582
20260915_041659,C0+C0p+C3+FLOW+MTC+S11+WARM+PRE+K5+K7+FILT+MD+SEED+SEEDLS,inputs_4x4_2,midpoint,1,single_sp_status_FEASIBLE_VERIFIED,15
20260915_041659,C0+C0p+C3+FLOW+MTC+S11+WARM+PRE+K5+K7+FILT+MD+SEED+SEEDLS,inputs_4x4_2,midpoint,1,single_sp_status_INFEASIBLE_PROVEN,2
20260915_041659,C0+C0p+C3+FLOW+MTC+S11+WARM+PRE+K5+K7+FILT+MD+SEED+SEEDLS,inputs_4x4_2,midpoint,1,single_sp_status_UNKNOWN,0
20260915_041659,C0+C0p+C3+FLOW+MTC+S11+WARM+PRE+K5+K7+FILT+MD+SEED+SEEDLS,inputs_4x4_2,midpoint,1,dup_cuts_prevented,4
20260915_041659,C0+C0p+C3+FLOW+MTC+S11+WARM+PRE+K5+K7+FILT+MD+SEED+SEEDLS,inputs_4x4_2,midpoint,1,single_sp_distinct,17
20260915_041659,C0+C0p+C3+FLOW+MTC+S11+WARM+PRE+K5+K7+FILT+MD+SEED+SEEDLS,inputs_4x4_2,midpoint,1,master_time_s,0.1304028034210205
20260915_041659,C0+C0p+C3+FLOW+MTC+S11+WARM+PRE+K5+K7+FILT+MD+SEED+SEEDLS,inputs_4x4_2,midpoint,1,sp_time_s,1088.5261480808258
20260915_041659,C0+C0p+C3+FLOW+MTC+S11+WARM+PRE+K5+K7+FILT+MD+SEED+SEEDLS,inputs_4x4_2,midpoint,1,master_time_share,0.00011978323495605898
20260915_041659,C0+C0p+C3+FLOW+MTC+S11+WARM+PRE+K5+K7+FILT+MD+SEED+SEEDLS,inputs_4x4_2,midpoint,1,sp_time_share,0.9998802167650439
20260915_041659,C0+C0p+C3+FLOW+MTC+S11+WARM+PRE+K5+K7+FILT+MD+SEED+SEEDLS,inputs_4x4_2,midpoint,1,t_to_gap_10pct,369.68001770973206
20260915_041659,C0+C0p+C3+FLOW+MTC+S11+WARM+PRE+K5+K7+FILT+MD+SEED+SEEDLS,inputs_4x4_2,midpoint,1,t_to_gap_5pct,647.0287861824036
20260915_041659,C0+C0p+C3+FLOW+MTC+S11+WARM+PRE+K5+K7+FILT+MD+SEED+SEEDLS,inputs_4x4_2,midpoint,1,t_to_gap_3pct,739.7404429912567
20260915_041659,C0+C0p+C3+FLOW+MTC+S11+WARM+PRE+K5+K7+FILT+MD+SEED+SEEDLS,inputs_4x4_2,midpoint,1,t_to_gap_1pct,1158.3415155410767
20260915_041751,C0+C0p+C3+FLOW+MTC+S11+WARM+PRE+K5+K7+FILT+MD+SEED+SEEDLS,inputs_10x10_v_full,midpoint,0,status,TIME_LIMIT
20260915_041751,C0+C0p+C3+FLOW+MTC+S11+WARM+PRE+K5+K7+FILT+MD+SEED+SEEDLS,inputs_10x10_v_full,midpoint,0,LB,1314.0569127876956
20260915_041751,C0+C0p+C3+FLOW+MTC+S11+WARM+PRE+K5+K7+FILT+MD+SEED+SEEDLS,inputs_10x10_v_full,midpoint,0,UB,5334.670508367253
20260915_041751,C0+C0p+C3+FLOW+MTC+S11+WARM+PRE+K5+K7+FILT+MD+SEED+SEEDLS,inputs_10x10_v_full,midpoint,0,gap,0.7536760872622515
20260915_041751,C0+C0p+C3+FLOW+MTC+S11+WARM+PRE+K5+K7+FILT+MD+SEED+SEEDLS,inputs_10x10_v_full,midpoint,0,iterations,163
20260915_041751,C0+C0p+C3+FLOW+MTC+S11+WARM+PRE+K5+K7+FILT+MD+SEED+SEEDLS,inputs_10x10_v_full,midpoint,0,runtime_s,1800.0015749931335
20260915_041751,C0+C0p+C3+FLOW+MTC+S11+WARM+PRE+K5+K7+FILT+MD+SEED+SEEDLS,inputs_10x10_v_full,midpoint,0,wall_s,1800.0054380893707
20260915_041751,C0+C0p+C3+FLOW+MTC+S11+WARM+PRE+K5+K7+FILT+MD+SEED+SEEDLS,inputs_10x10_v_full,midpoint,0,n_sp_calls,1
20260915_041751,C0+C0p+C3+FLOW+MTC+S11+WARM+PRE+K5+K7+FILT+MD+SEED+SEEDLS,inputs_10x10_v_full,midpoint,0,incumbent_value,1314.0569127876956
20260915_041751,C0+C0p+C3+FLOW+MTC+S11+WARM+PRE+K5+K7+FILT+MD+SEED+SEEDLS,inputs_10x10_v_full,midpoint,0,certified,0
20260915_041751,C0+C0p+C3+FLOW+MTC+S11+WARM+PRE+K5+K7+FILT+MD+SEED+SEEDLS,inputs_10x10_v_full,midpoint,0,n_Nf,90
20260915_041751,C0+C0p+C3+FLOW+MTC+S11+WARM+PRE+K5+K7+FILT+MD+SEED+SEEDLS,inputs_10x10_v_full,midpoint,0,n_K,42
20260915_041751,C0+C0p+C3+FLOW+MTC+S11+WARM+PRE+K5+K7+FILT+MD+SEED+SEEDLS,inputs_10x10_v_full,midpoint,0,sp_engine,strong_resource
20260915_041751,C0+C0p+C3+FLOW+MTC+S11+WARM+PRE+K5+K7+FILT+MD+SEED+SEEDLS,inputs_10x10_v_full,midpoint,0,sp_mip_gap,0.0
20260915_041751,C0+C0p+C3+FLOW+MTC+S11+WARM+PRE+K5+K7+FILT+MD+SEED+SEEDLS,inputs_10x10_v_full,midpoint,0,sp_tighten,0
20260915_041751,C0+C0p+C3+FLOW+MTC+S11+WARM+PRE+K5+K7+FILT+MD+SEED+SEEDLS,inputs_10x10_v_full,midpoint,0,sp_tight_gap,0.0
20260915_041751,C0+C0p+C3+FLOW+MTC+S11+WARM+PRE+K5+K7+FILT+MD+SEED+SEEDLS,inputs_10x10_v_full,midpoint,0,seed_localsearch,1
20260915_041751,C0+C0p+C3+FLOW+MTC+S11+WARM+PRE+K5+K7+FILT+MD+SEED+SEEDLS,inputs_10x10_v_full,midpoint,0,seed_budget_s,120.0
20260915_041751,C0+C0p+C3+FLOW+MTC+S11+WARM+PRE+K5+K7+FILT+MD+SEED+SEEDLS,inputs_10x10_v_full,midpoint,0,bigm_threshold,18
20260915_041751,C0+C0p+C3+FLOW+MTC+S11+WARM+PRE+K5+K7+FILT+MD+SEED+SEEDLS,inputs_10x10_v_full,midpoint,0,bigm_margin,1.0
20260915_041751,C0+C0p+C3+FLOW+MTC+S11+WARM+PRE+K5+K7+FILT+MD+SEED+SEEDLS,inputs_10x10_v_full,midpoint,0,bigm_method,global_sum
20260915_041751,C0+C0p+C3+FLOW+MTC+S11+WARM+PRE+K5+K7+FILT+MD+SEED+SEEDLS,inputs_10x10_v_full,midpoint,0,bigm_nodes_in_dp,0
20260915_041751,C0+C0p+C3+FLOW+MTC+S11+WARM+PRE+K5+K7+FILT+MD+SEED+SEEDLS,inputs_10x10_v_full,midpoint,0,bigm_dp_completed,False
20260915_041751,C0+C0p+C3+FLOW+MTC+S11+WARM+PRE+K5+K7+FILT+MD+SEED+SEEDLS,inputs_10x10_v_full,midpoint,0,M_d,603.281698735241
20260915_041751,C0+C0p+C3+FLOW+MTC+S11+WARM+PRE+K5+K7+FILT+MD+SEED+SEEDLS,inputs_10x10_v_full,midpoint,0,ts_ub,550.9369497191532
20260915_041751,C0+C0p+C3+FLOW+MTC+S11+WARM+PRE+K5+K7+FILT+MD+SEED+SEEDLS,inputs_10x10_v_full,midpoint,0,te_ub,580.281698735241
20260915_041751,C0+C0p+C3+FLOW+MTC+S11+WARM+PRE+K5+K7+FILT+MD+SEED+SEEDLS,inputs_10x10_v_full,midpoint,0,seed_LB,1314.0569127876956
20260915_041751,C0+C0p+C3+FLOW+MTC+S11+WARM+PRE+K5+K7+FILT+MD+SEED+SEEDLS,inputs_10x10_v_full,midpoint,0,seed_time_s,120.652019739151
20260915_041751,C0+C0p+C3+FLOW+MTC+S11+WARM+PRE+K5+K7+FILT+MD+SEED+SEEDLS,inputs_10x10_v_full,midpoint,0,seed_source,localsearch
20260915_041751,C0+C0p+C3+FLOW+MTC+S11+WARM+PRE+K5+K7+FILT+MD+SEED+SEEDLS,inputs_10x10_v_full,midpoint,0,spcall_TIME_LIMIT_WITH_INCUMBENT,1
20260915_041751,C0+C0p+C3+FLOW+MTC+S11+WARM+PRE+K5+K7+FILT+MD+SEED+SEEDLS,inputs_10x10_v_full,midpoint,0,cut_singleton_infeasible,765
20260915_041751,C0+C0p+C3+FLOW+MTC+S11+WARM+PRE+K5+K7+FILT+MD+SEED+SEEDLS,inputs_10x10_v_full,midpoint,0,singleton_cache_enabled,1
20260915_041751,C0+C0p+C3+FLOW+MTC+S11+WARM+PRE+K5+K7+FILT+MD+SEED+SEEDLS,inputs_10x10_v_full,midpoint,0,single_sp_requests,7423
20260915_041751,C0+C0p+C3+FLOW+MTC+S11+WARM+PRE+K5+K7+FILT+MD+SEED+SEEDLS,inputs_10x10_v_full,midpoint,0,single_sp_solves,2357
20260915_041751,C0+C0p+C3+FLOW+MTC+S11+WARM+PRE+K5+K7+FILT+MD+SEED+SEEDLS,inputs_10x10_v_full,midpoint,0,single_sp_cache_hits,5066
20260915_041751,C0+C0p+C3+FLOW+MTC+S11+WARM+PRE+K5+K7+FILT+MD+SEED+SEEDLS,inputs_10x10_v_full,midpoint,0,single_sp_build_time_s,3.8004653453826904
20260915_041751,C0+C0p+C3+FLOW+MTC+S11+WARM+PRE+K5+K7+FILT+MD+SEED+SEEDLS,inputs_10x10_v_full,midpoint,0,single_sp_solve_time_s,4.762041807174683
20260915_041751,C0+C0p+C3+FLOW+MTC+S11+WARM+PRE+K5+K7+FILT+MD+SEED+SEEDLS,inputs_10x10_v_full,midpoint,0,single_sp_time_s,8.562507152557373
20260915_041751,C0+C0p+C3+FLOW+MTC+S11+WARM+PRE+K5+K7+FILT+MD+SEED+SEEDLS,inputs_10x10_v_full,midpoint,0,cache_lookup_time_s,0.016738989390432835
20260915_041751,C0+C0p+C3+FLOW+MTC+S11+WARM+PRE+K5+K7+FILT+MD+SEED+SEEDLS,inputs_10x10_v_full,midpoint,0,est_prevented_solve_time_s,18.167518615722656
20260915_041751,C0+C0p+C3+FLOW+MTC+S11+WARM+PRE+K5+K7+FILT+MD+SEED+SEEDLS,inputs_10x10_v_full,midpoint,0,single_sp_status_FEASIBLE_VERIFIED,2172
20260915_041751,C0+C0p+C3+FLOW+MTC+S11+WARM+PRE+K5+K7+FILT+MD+SEED+SEEDLS,inputs_10x10_v_full,midpoint,0,single_sp_status_INFEASIBLE_PROVEN,185
20260915_041751,C0+C0p+C3+FLOW+MTC+S11+WARM+PRE+K5+K7+FILT+MD+SEED+SEEDLS,inputs_10x10_v_full,midpoint,0,single_sp_status_UNKNOWN,0
20260915_041751,C0+C0p+C3+FLOW+MTC+S11+WARM+PRE+K5+K7+FILT+MD+SEED+SEEDLS,inputs_10x10_v_full,midpoint,0,dup_cuts_prevented,0
20260915_041751,C0+C0p+C3+FLOW+MTC+S11+WARM+PRE+K5+K7+FILT+MD+SEED+SEEDLS,inputs_10x10_v_full,midpoint,0,single_sp_distinct,2357
20260915_041751,C0+C0p+C3+FLOW+MTC+S11+WARM+PRE+K5+K7+FILT+MD+SEED+SEEDLS,inputs_10x10_v_full,midpoint,0,master_time_s,1670.50381565094
20260915_041751,C0+C0p+C3+FLOW+MTC+S11+WARM+PRE+K5+K7+FILT+MD+SEED+SEEDLS,inputs_10x10_v_full,midpoint,0,sp_time_s,0.0
20260915_041751,C0+C0p+C3+FLOW+MTC+S11+WARM+PRE+K5+K7+FILT+MD+SEED+SEEDLS,inputs_10x10_v_full,midpoint,0,master_time_share,1.0
20260915_041751,C0+C0p+C3+FLOW+MTC+S11+WARM+PRE+K5+K7+FILT+MD+SEED+SEEDLS,inputs_10x10_v_full,midpoint,0,sp_time_share,0.0
20260915_041751,C0+C0p+C3+FLOW+MTC+S11+WARM+PRE+K5+K7+FILT+MD+SEED+SEEDLS,inputs_10x10_v_full,midpoint,0,t_to_gap_10pct,
20260915_041751,C0+C0p+C3+FLOW+MTC+S11+WARM+PRE+K5+K7+FILT+MD+SEED+SEEDLS,inputs_10x10_v_full,midpoint,0,t_to_gap_5pct,
20260915_041751,C0+C0p+C3+FLOW+MTC+S11+WARM+PRE+K5+K7+FILT+MD+SEED+SEEDLS,inputs_10x10_v_full,midpoint,0,t_to_gap_3pct,
20260915_041751,C0+C0p+C3+FLOW+MTC+S11+WARM+PRE+K5+K7+FILT+MD+SEED+SEEDLS,inputs_10x10_v_full,midpoint,0,t_to_gap_1pct,
20260915_042744,C0+C0p+C3+FLOW+MTC+S11+WARM+PRE+K5+K7+FILT+MD+SEED+SEEDLS,inputs_4x4_3,midpoint,1,status,TIME_LIMIT
20260915_042744,C0+C0p+C3+FLOW+MTC+S11+WARM+PRE+K5+K7+FILT+MD+SEED+SEEDLS,inputs_4x4_3,midpoint,1,LB,345.6349207635623
20260915_042744,C0+C0p+C3+FLOW+MTC+S11+WARM+PRE+K5+K7+FILT+MD+SEED+SEEDLS,inputs_4x4_3,midpoint,1,UB,351.31123194378756
20260915_042744,C0+C0p+C3+FLOW+MTC+S11+WARM+PRE+K5+K7+FILT+MD+SEED+SEEDLS,inputs_4x4_3,midpoint,1,gap,0.016157499857942185
20260915_042744,C0+C0p+C3+FLOW+MTC+S11+WARM+PRE+K5+K7+FILT+MD+SEED+SEEDLS,inputs_4x4_3,midpoint,1,iterations,15
20260915_042744,C0+C0p+C3+FLOW+MTC+S11+WARM+PRE+K5+K7+FILT+MD+SEED+SEEDLS,inputs_4x4_3,midpoint,1,runtime_s,1800.0164546966553
20260915_042744,C0+C0p+C3+FLOW+MTC+S11+WARM+PRE+K5+K7+FILT+MD+SEED+SEEDLS,inputs_4x4_3,midpoint,1,wall_s,1800.0167164802551
20260915_042744,C0+C0p+C3+FLOW+MTC+S11+WARM+PRE+K5+K7+FILT+MD+SEED+SEEDLS,inputs_4x4_3,midpoint,1,n_sp_calls,15
20260915_042744,C0+C0p+C3+FLOW+MTC+S11+WARM+PRE+K5+K7+FILT+MD+SEED+SEEDLS,inputs_4x4_3,midpoint,1,incumbent_value,345.6349207635623
20260915_042744,C0+C0p+C3+FLOW+MTC+S11+WARM+PRE+K5+K7+FILT+MD+SEED+SEEDLS,inputs_4x4_3,midpoint,1,certified,0
20260915_042744,C0+C0p+C3+FLOW+MTC+S11+WARM+PRE+K5+K7+FILT+MD+SEED+SEEDLS,inputs_4x4_3,midpoint,1,n_Nf,12
20260915_042744,C0+C0p+C3+FLOW+MTC+S11+WARM+PRE+K5+K7+FILT+MD+SEED+SEEDLS,inputs_4x4_3,midpoint,1,n_K,32
20260915_042744,C0+C0p+C3+FLOW+MTC+S11+WARM+PRE+K5+K7+FILT+MD+SEED+SEEDLS,inputs_4x4_3,midpoint,1,sp_engine,strong_resource
20260915_042744,C0+C0p+C3+FLOW+MTC+S11+WARM+PRE+K5+K7+FILT+MD+SEED+SEEDLS,inputs_4x4_3,midpoint,1,sp_mip_gap,0.0
20260915_042744,C0+C0p+C3+FLOW+MTC+S11+WARM+PRE+K5+K7+FILT+MD+SEED+SEEDLS,inputs_4x4_3,midpoint,1,sp_tighten,0
20260915_042744,C0+C0p+C3+FLOW+MTC+S11+WARM+PRE+K5+K7+FILT+MD+SEED+SEEDLS,inputs_4x4_3,midpoint,1,sp_tight_gap,0.0
20260915_042744,C0+C0p+C3+FLOW+MTC+S11+WARM+PRE+K5+K7+FILT+MD+SEED+SEEDLS,inputs_4x4_3,midpoint,1,seed_localsearch,1
20260915_042744,C0+C0p+C3+FLOW+MTC+S11+WARM+PRE+K5+K7+FILT+MD+SEED+SEEDLS,inputs_4x4_3,midpoint,1,seed_budget_s,120.0
20260915_042744,C0+C0p+C3+FLOW+MTC+S11+WARM+PRE+K5+K7+FILT+MD+SEED+SEEDLS,inputs_4x4_3,midpoint,1,bigm_threshold,18
20260915_042744,C0+C0p+C3+FLOW+MTC+S11+WARM+PRE+K5+K7+FILT+MD+SEED+SEEDLS,inputs_4x4_3,midpoint,1,bigm_margin,1.0
20260915_042744,C0+C0p+C3+FLOW+MTC+S11+WARM+PRE+K5+K7+FILT+MD+SEED+SEEDLS,inputs_4x4_3,midpoint,1,bigm_method,exact_dp
20260915_042744,C0+C0p+C3+FLOW+MTC+S11+WARM+PRE+K5+K7+FILT+MD+SEED+SEEDLS,inputs_4x4_3,midpoint,1,bigm_nodes_in_dp,12
20260915_042744,C0+C0p+C3+FLOW+MTC+S11+WARM+PRE+K5+K7+FILT+MD+SEED+SEEDLS,inputs_4x4_3,midpoint,1,bigm_dp_completed,True
20260915_042744,C0+C0p+C3+FLOW+MTC+S11+WARM+PRE+K5+K7+FILT+MD+SEED+SEEDLS,inputs_4x4_3,midpoint,1,M_d,85.3179583329078
20260915_042744,C0+C0p+C3+FLOW+MTC+S11+WARM+PRE+K5+K7+FILT+MD+SEED+SEEDLS,inputs_4x4_3,midpoint,1,ts_ub,44.973209316819975
20260915_042744,C0+C0p+C3+FLOW+MTC+S11+WARM+PRE+K5+K7+FILT+MD+SEED+SEEDLS,inputs_4x4_3,midpoint,1,te_ub,74.3179583329078
20260915_042744,C0+C0p+C3+FLOW+MTC+S11+WARM+PRE+K5+K7+FILT+MD+SEED+SEEDLS,inputs_4x4_3,midpoint,1,seed_LB,345.63492076356226
20260915_042744,C0+C0p+C3+FLOW+MTC+S11+WARM+PRE+K5+K7+FILT+MD+SEED+SEEDLS,inputs_4x4_3,midpoint,1,seed_time_s,87.11584711074829
20260915_042744,C0+C0p+C3+FLOW+MTC+S11+WARM+PRE+K5+K7+FILT+MD+SEED+SEEDLS,inputs_4x4_3,midpoint,1,seed_source,localsearch
20260915_042744,C0+C0p+C3+FLOW+MTC+S11+WARM+PRE+K5+K7+FILT+MD+SEED+SEEDLS,inputs_4x4_3,midpoint,1,spcall_OPTIMAL,4
20260915_042744,C0+C0p+C3+FLOW+MTC+S11+WARM+PRE+K5+K7+FILT+MD+SEED+SEEDLS,inputs_4x4_3,midpoint,1,spcall_INFEASIBLE_PROVEN,5
20260915_042744,C0+C0p+C3+FLOW+MTC+S11+WARM+PRE+K5+K7+FILT+MD+SEED+SEEDLS,inputs_4x4_3,midpoint,1,spcall_TIME_LIMIT_WITH_INCUMBENT,6
20260915_042744,C0+C0p+C3+FLOW+MTC+S11+WARM+PRE+K5+K7+FILT+MD+SEED+SEEDLS,inputs_4x4_3,midpoint,1,cut_singleton_infeasible,2
20260915_042744,C0+C0p+C3+FLOW+MTC+S11+WARM+PRE+K5+K7+FILT+MD+SEED+SEEDLS,inputs_4x4_3,midpoint,1,cut_cell_optimality,15
20260915_042744,C0+C0p+C3+FLOW+MTC+S11+WARM+PRE+K5+K7+FILT+MD+SEED+SEEDLS,inputs_4x4_3,midpoint,1,cut_conflict_infeasible,5
20260915_042744,C0+C0p+C3+FLOW+MTC+S11+WARM+PRE+K5+K7+FILT+MD+SEED+SEEDLS,inputs_4x4_3,midpoint,1,cut_dual_bound,5
20260915_042744,C0+C0p+C3+FLOW+MTC+S11+WARM+PRE+K5+K7+FILT+MD+SEED+SEEDLS,inputs_4x4_3,midpoint,1,cut_aggregate_optimality,3
20260915_042744,C0+C0p+C3+FLOW+MTC+S11+WARM+PRE+K5+K7+FILT+MD+SEED+SEEDLS,inputs_4x4_3,midpoint,1,singleton_cache_enabled,1
20260915_042744,C0+C0p+C3+FLOW+MTC+S11+WARM+PRE+K5+K7+FILT+MD+SEED+SEEDLS,inputs_4x4_3,midpoint,1,single_sp_requests,102
20260915_042744,C0+C0p+C3+FLOW+MTC+S11+WARM+PRE+K5+K7+FILT+MD+SEED+SEEDLS,inputs_4x4_3,midpoint,1,single_sp_solves,17
20260915_042744,C0+C0p+C3+FLOW+MTC+S11+WARM+PRE+K5+K7+FILT+MD+SEED+SEEDLS,inputs_4x4_3,midpoint,1,single_sp_cache_hits,85
20260915_042744,C0+C0p+C3+FLOW+MTC+S11+WARM+PRE+K5+K7+FILT+MD+SEED+SEEDLS,inputs_4x4_3,midpoint,1,single_sp_build_time_s,0.021186113357543945
20260915_042744,C0+C0p+C3+FLOW+MTC+S11+WARM+PRE+K5+K7+FILT+MD+SEED+SEEDLS,inputs_4x4_3,midpoint,1,single_sp_solve_time_s,0.040087223052978516
20260915_042744,C0+C0p+C3+FLOW+MTC+S11+WARM+PRE+K5+K7+FILT+MD+SEED+SEEDLS,inputs_4x4_3,midpoint,1,single_sp_time_s,0.06127333641052246
20260915_042744,C0+C0p+C3+FLOW+MTC+S11+WARM+PRE+K5+K7+FILT+MD+SEED+SEEDLS,inputs_4x4_3,midpoint,1,cache_lookup_time_s,0.00020566768944263458
20260915_042744,C0+C0p+C3+FLOW+MTC+S11+WARM+PRE+K5+K7+FILT+MD+SEED+SEEDLS,inputs_4x4_3,midpoint,1,est_prevented_solve_time_s,0.24115705490112305
20260915_042744,C0+C0p+C3+FLOW+MTC+S11+WARM+PRE+K5+K7+FILT+MD+SEED+SEEDLS,inputs_4x4_3,midpoint,1,single_sp_status_FEASIBLE_VERIFIED,15
20260915_042744,C0+C0p+C3+FLOW+MTC+S11+WARM+PRE+K5+K7+FILT+MD+SEED+SEEDLS,inputs_4x4_3,midpoint,1,single_sp_status_INFEASIBLE_PROVEN,2
20260915_042744,C0+C0p+C3+FLOW+MTC+S11+WARM+PRE+K5+K7+FILT+MD+SEED+SEEDLS,inputs_4x4_3,midpoint,1,single_sp_status_UNKNOWN,0
20260915_042744,C0+C0p+C3+FLOW+MTC+S11+WARM+PRE+K5+K7+FILT+MD+SEED+SEEDLS,inputs_4x4_3,midpoint,1,dup_cuts_prevented,0
20260915_042744,C0+C0p+C3+FLOW+MTC+S11+WARM+PRE+K5+K7+FILT+MD+SEED+SEEDLS,inputs_4x4_3,midpoint,1,single_sp_distinct,17
20260915_042744,C0+C0p+C3+FLOW+MTC+S11+WARM+PRE+K5+K7+FILT+MD+SEED+SEEDLS,inputs_4x4_3,midpoint,1,master_time_s,0.04414772987365723
20260915_042744,C0+C0p+C3+FLOW+MTC+S11+WARM+PRE+K5+K7+FILT+MD+SEED+SEEDLS,inputs_4x4_3,midpoint,1,sp_time_s,1530.1455714702606
20260915_042744,C0+C0p+C3+FLOW+MTC+S11+WARM+PRE+K5+K7+FILT+MD+SEED+SEEDLS,inputs_4x4_3,midpoint,1,master_time_share,2.8851147880364972e-05
20260915_042744,C0+C0p+C3+FLOW+MTC+S11+WARM+PRE+K5+K7+FILT+MD+SEED+SEEDLS,inputs_4x4_3,midpoint,1,sp_time_share,0.9999711488521197
20260915_042744,C0+C0p+C3+FLOW+MTC+S11+WARM+PRE+K5+K7+FILT+MD+SEED+SEEDLS,inputs_4x4_3,midpoint,1,t_to_gap_10pct,148.36840438842773
20260915_042744,C0+C0p+C3+FLOW+MTC+S11+WARM+PRE+K5+K7+FILT+MD+SEED+SEEDLS,inputs_4x4_3,midpoint,1,t_to_gap_5pct,1030.08509516716
20260915_042744,C0+C0p+C3+FLOW+MTC+S11+WARM+PRE+K5+K7+FILT+MD+SEED+SEEDLS,inputs_4x4_3,midpoint,1,t_to_gap_3pct,1800.0164482593536
20260915_042744,C0+C0p+C3+FLOW+MTC+S11+WARM+PRE+K5+K7+FILT+MD+SEED+SEEDLS,inputs_4x4_3,midpoint,1,t_to_gap_1pct,
20260915_043916,C0+C0p+C3+FLOW+MTC+S11+WARM+PRE+K5+K7+FILT+MD+SEED+SEEDLS,inputs_5x5,midpoint,1,status,TIME_LIMIT
20260915_043916,C0+C0p+C3+FLOW+MTC+S11+WARM+PRE+K5+K7+FILT+MD+SEED+SEEDLS,inputs_5x5,midpoint,1,LB,1345.09423515466
20260915_043916,C0+C0p+C3+FLOW+MTC+S11+WARM+PRE+K5+K7+FILT+MD+SEED+SEEDLS,inputs_5x5,midpoint,1,UB,1355.9572820027433
20260915_043916,C0+C0p+C3+FLOW+MTC+S11+WARM+PRE+K5+K7+FILT+MD+SEED+SEEDLS,inputs_5x5,midpoint,1,gap,0.008011348876742349
20260915_043916,C0+C0p+C3+FLOW+MTC+S11+WARM+PRE+K5+K7+FILT+MD+SEED+SEEDLS,inputs_5x5,midpoint,1,iterations,7
20260915_043916,C0+C0p+C3+FLOW+MTC+S11+WARM+PRE+K5+K7+FILT+MD+SEED+SEEDLS,inputs_5x5,midpoint,1,runtime_s,1800.0664505958557
20260915_043916,C0+C0p+C3+FLOW+MTC+S11+WARM+PRE+K5+K7+FILT+MD+SEED+SEEDLS,inputs_5x5,midpoint,1,wall_s,1800.067336320877
20260915_043916,C0+C0p+C3+FLOW+MTC+S11+WARM+PRE+K5+K7+FILT+MD+SEED+SEEDLS,inputs_5x5,midpoint,1,n_sp_calls,8
20260915_043916,C0+C0p+C3+FLOW+MTC+S11+WARM+PRE+K5+K7+FILT+MD+SEED+SEEDLS,inputs_5x5,midpoint,1,incumbent_value,1345.09423515466
20260915_043916,C0+C0p+C3+FLOW+MTC+S11+WARM+PRE+K5+K7+FILT+MD+SEED+SEEDLS,inputs_5x5,midpoint,1,certified,0
20260915_043916,C0+C0p+C3+FLOW+MTC+S11+WARM+PRE+K5+K7+FILT+MD+SEED+SEEDLS,inputs_5x5,midpoint,1,n_Nf,22
20260915_043916,C0+C0p+C3+FLOW+MTC+S11+WARM+PRE+K5+K7+FILT+MD+SEED+SEEDLS,inputs_5x5,midpoint,1,n_K,150
20260915_043916,C0+C0p+C3+FLOW+MTC+S11+WARM+PRE+K5+K7+FILT+MD+SEED+SEEDLS,inputs_5x5,midpoint,1,sp_engine,strong_resource
20260915_043916,C0+C0p+C3+FLOW+MTC+S11+WARM+PRE+K5+K7+FILT+MD+SEED+SEEDLS,inputs_5x5,midpoint,1,sp_mip_gap,0.0
20260915_043916,C0+C0p+C3+FLOW+MTC+S11+WARM+PRE+K5+K7+FILT+MD+SEED+SEEDLS,inputs_5x5,midpoint,1,sp_tighten,0
20260915_043916,C0+C0p+C3+FLOW+MTC+S11+WARM+PRE+K5+K7+FILT+MD+SEED+SEEDLS,inputs_5x5,midpoint,1,sp_tight_gap,0.0
20260915_043916,C0+C0p+C3+FLOW+MTC+S11+WARM+PRE+K5+K7+FILT+MD+SEED+SEEDLS,inputs_5x5,midpoint,1,seed_localsearch,1
20260915_043916,C0+C0p+C3+FLOW+MTC+S11+WARM+PRE+K5+K7+FILT+MD+SEED+SEEDLS,inputs_5x5,midpoint,1,seed_budget_s,120.0
20260915_043916,C0+C0p+C3+FLOW+MTC+S11+WARM+PRE+K5+K7+FILT+MD+SEED+SEEDLS,inputs_5x5,midpoint,1,bigm_threshold,18
20260915_043916,C0+C0p+C3+FLOW+MTC+S11+WARM+PRE+K5+K7+FILT+MD+SEED+SEEDLS,inputs_5x5,midpoint,1,bigm_margin,1.0
20260915_043916,C0+C0p+C3+FLOW+MTC+S11+WARM+PRE+K5+K7+FILT+MD+SEED+SEEDLS,inputs_5x5,midpoint,1,bigm_method,global_sum
20260915_043916,C0+C0p+C3+FLOW+MTC+S11+WARM+PRE+K5+K7+FILT+MD+SEED+SEEDLS,inputs_5x5,midpoint,1,bigm_nodes_in_dp,0
20260915_043916,C0+C0p+C3+FLOW+MTC+S11+WARM+PRE+K5+K7+FILT+MD+SEED+SEEDLS,inputs_5x5,midpoint,1,bigm_dp_completed,False
20260915_043916,C0+C0p+C3+FLOW+MTC+S11+WARM+PRE+K5+K7+FILT+MD+SEED+SEEDLS,inputs_5x5,midpoint,1,M_d,220.11742592586324
20260915_043916,C0+C0p+C3+FLOW+MTC+S11+WARM+PRE+K5+K7+FILT+MD+SEED+SEEDLS,inputs_5x5,midpoint,1,ts_ub,177.7726769097754
20260915_043916,C0+C0p+C3+FLOW+MTC+S11+WARM+PRE+K5+K7+FILT+MD+SEED+SEEDLS,inputs_5x5,midpoint,1,te_ub,207.11742592586324
20260915_043916,C0+C0p+C3+FLOW+MTC+S11+WARM+PRE+K5+K7+FILT+MD+SEED+SEEDLS,inputs_5x5,midpoint,1,seed_LB,1345.0942346371855
20260915_043916,C0+C0p+C3+FLOW+MTC+S11+WARM+PRE+K5+K7+FILT+MD+SEED+SEEDLS,inputs_5x5,midpoint,1,seed_time_s,120.02692198753357
20260915_043916,C0+C0p+C3+FLOW+MTC+S11+WARM+PRE+K5+K7+FILT+MD+SEED+SEEDLS,inputs_5x5,midpoint,1,seed_source,containment
20260915_043916,C0+C0p+C3+FLOW+MTC+S11+WARM+PRE+K5+K7+FILT+MD+SEED+SEEDLS,inputs_5x5,midpoint,1,spcall_OPTIMAL,1
20260915_043916,C0+C0p+C3+FLOW+MTC+S11+WARM+PRE+K5+K7+FILT+MD+SEED+SEEDLS,inputs_5x5,midpoint,1,spcall_TIME_LIMIT_WITH_INCUMBENT,7
20260915_043916,C0+C0p+C3+FLOW+MTC+S11+WARM+PRE+K5+K7+FILT+MD+SEED+SEEDLS,inputs_5x5,midpoint,1,cut_singleton_infeasible,1
20260915_043916,C0+C0p+C3+FLOW+MTC+S11+WARM+PRE+K5+K7+FILT+MD+SEED+SEEDLS,inputs_5x5,midpoint,1,cut_cell_optimality,55
20260915_043916,C0+C0p+C3+FLOW+MTC+S11+WARM+PRE+K5+K7+FILT+MD+SEED+SEEDLS,inputs_5x5,midpoint,1,cut_dual_bound,6
20260915_043916,C0+C0p+C3+FLOW+MTC+S11+WARM+PRE+K5+K7+FILT+MD+SEED+SEEDLS,inputs_5x5,midpoint,1,singleton_cache_enabled,1
20260915_043916,C0+C0p+C3+FLOW+MTC+S11+WARM+PRE+K5+K7+FILT+MD+SEED+SEEDLS,inputs_5x5,midpoint,1,single_sp_requests,77
20260915_043916,C0+C0p+C3+FLOW+MTC+S11+WARM+PRE+K5+K7+FILT+MD+SEED+SEEDLS,inputs_5x5,midpoint,1,single_sp_solves,59
20260915_043916,C0+C0p+C3+FLOW+MTC+S11+WARM+PRE+K5+K7+FILT+MD+SEED+SEEDLS,inputs_5x5,midpoint,1,single_sp_cache_hits,18
20260915_043916,C0+C0p+C3+FLOW+MTC+S11+WARM+PRE+K5+K7+FILT+MD+SEED+SEEDLS,inputs_5x5,midpoint,1,single_sp_build_time_s,0.3524363040924072
20260915_043916,C0+C0p+C3+FLOW+MTC+S11+WARM+PRE+K5+K7+FILT+MD+SEED+SEEDLS,inputs_5x5,midpoint,1,single_sp_solve_time_s,0.4151325225830078
20260915_043916,C0+C0p+C3+FLOW+MTC+S11+WARM+PRE+K5+K7+FILT+MD+SEED+SEEDLS,inputs_5x5,midpoint,1,single_sp_time_s,0.767568826675415
20260915_043916,C0+C0p+C3+FLOW+MTC+S11+WARM+PRE+K5+K7+FILT+MD+SEED+SEEDLS,inputs_5x5,midpoint,1,cache_lookup_time_s,0.00028599053621292114
20260915_043916,C0+C0p+C3+FLOW+MTC+S11+WARM+PRE+K5+K7+FILT+MD+SEED+SEEDLS,inputs_5x5,midpoint,1,est_prevented_solve_time_s,0.7847042083740234
20260915_043916,C0+C0p+C3+FLOW+MTC+S11+WARM+PRE+K5+K7+FILT+MD+SEED+SEEDLS,inputs_5x5,midpoint,1,single_sp_status_FEASIBLE_VERIFIED,58
20260915_043916,C0+C0p+C3+FLOW+MTC+S11+WARM+PRE+K5+K7+FILT+MD+SEED+SEEDLS,inputs_5x5,midpoint,1,single_sp_status_INFEASIBLE_PROVEN,1
20260915_043916,C0+C0p+C3+FLOW+MTC+S11+WARM+PRE+K5+K7+FILT+MD+SEED+SEEDLS,inputs_5x5,midpoint,1,single_sp_status_UNKNOWN,0
20260915_043916,C0+C0p+C3+FLOW+MTC+S11+WARM+PRE+K5+K7+FILT+MD+SEED+SEEDLS,inputs_5x5,midpoint,1,dup_cuts_prevented,0
20260915_043916,C0+C0p+C3+FLOW+MTC+S11+WARM+PRE+K5+K7+FILT+MD+SEED+SEEDLS,inputs_5x5,midpoint,1,single_sp_distinct,59
20260915_043916,C0+C0p+C3+FLOW+MTC+S11+WARM+PRE+K5+K7+FILT+MD+SEED+SEEDLS,inputs_5x5,midpoint,1,master_time_s,0.3235032558441162
20260915_043916,C0+C0p+C3+FLOW+MTC+S11+WARM+PRE+K5+K7+FILT+MD+SEED+SEEDLS,inputs_5x5,midpoint,1,sp_time_s,1678.5374159812927
20260915_043916,C0+C0p+C3+FLOW+MTC+S11+WARM+PRE+K5+K7+FILT+MD+SEED+SEEDLS,inputs_5x5,midpoint,1,master_time_share,0.00019269211173913913
20260915_043916,C0+C0p+C3+FLOW+MTC+S11+WARM+PRE+K5+K7+FILT+MD+SEED+SEEDLS,inputs_5x5,midpoint,1,sp_time_share,0.9998073078882609
20260915_043916,C0+C0p+C3+FLOW+MTC+S11+WARM+PRE+K5+K7+FILT+MD+SEED+SEEDLS,inputs_5x5,midpoint,1,t_to_gap_10pct,120.0308837890625
20260915_043916,C0+C0p+C3+FLOW+MTC+S11+WARM+PRE+K5+K7+FILT+MD+SEED+SEEDLS,inputs_5x5,midpoint,1,t_to_gap_5pct,120.0308837890625
20260915_043916,C0+C0p+C3+FLOW+MTC+S11+WARM+PRE+K5+K7+FILT+MD+SEED+SEEDLS,inputs_5x5,midpoint,1,t_to_gap_3pct,420.3203275203705
20260915_043916,C0+C0p+C3+FLOW+MTC+S11+WARM+PRE+K5+K7+FILT+MD+SEED+SEEDLS,inputs_5x5,midpoint,1,t_to_gap_1pct,1621.2505986690521
20260915_044637,C0+C0p+C3+FLOW+MTC+S11+WARM+PRE+K5+K7+FILT+MD+SEED+SEEDLS,inputs_5x5_2,midpoint,1,status,TIME_LIMIT
20260915_044637,C0+C0p+C3+FLOW+MTC+S11+WARM+PRE+K5+K7+FILT+MD+SEED+SEEDLS,inputs_5x5_2,midpoint,1,LB,1382.0569216988863
20260915_044637,C0+C0p+C3+FLOW+MTC+S11+WARM+PRE+K5+K7+FILT+MD+SEED+SEEDLS,inputs_5x5_2,midpoint,1,UB,1390.590397073204
20260915_044637,C0+C0p+C3+FLOW+MTC+S11+WARM+PRE+K5+K7+FILT+MD+SEED+SEEDLS,inputs_5x5_2,midpoint,1,gap,0.0061365844264984586
20260915_044637,C0+C0p+C3+FLOW+MTC+S11+WARM+PRE+K5+K7+FILT+MD+SEED+SEEDLS,inputs_5x5_2,midpoint,1,iterations,6
20260915_044637,C0+C0p+C3+FLOW+MTC+S11+WARM+PRE+K5+K7+FILT+MD+SEED+SEEDLS,inputs_5x5_2,midpoint,1,runtime_s,1800.069274187088
20260915_044637,C0+C0p+C3+FLOW+MTC+S11+WARM+PRE+K5+K7+FILT+MD+SEED+SEEDLS,inputs_5x5_2,midpoint,1,wall_s,1800.070147037506
20260915_044637,C0+C0p+C3+FLOW+MTC+S11+WARM+PRE+K5+K7+FILT+MD+SEED+SEEDLS,inputs_5x5_2,midpoint,1,n_sp_calls,8
20260915_044637,C0+C0p+C3+FLOW+MTC+S11+WARM+PRE+K5+K7+FILT+MD+SEED+SEEDLS,inputs_5x5_2,midpoint,1,incumbent_value,1382.0569216988863
20260915_044637,C0+C0p+C3+FLOW+MTC+S11+WARM+PRE+K5+K7+FILT+MD+SEED+SEEDLS,inputs_5x5_2,midpoint,1,certified,0
20260915_044637,C0+C0p+C3+FLOW+MTC+S11+WARM+PRE+K5+K7+FILT+MD+SEED+SEEDLS,inputs_5x5_2,midpoint,1,n_Nf,22
20260915_044637,C0+C0p+C3+FLOW+MTC+S11+WARM+PRE+K5+K7+FILT+MD+SEED+SEEDLS,inputs_5x5_2,midpoint,1,n_K,150
20260915_044637,C0+C0p+C3+FLOW+MTC+S11+WARM+PRE+K5+K7+FILT+MD+SEED+SEEDLS,inputs_5x5_2,midpoint,1,sp_engine,strong_resource
20260915_044637,C0+C0p+C3+FLOW+MTC+S11+WARM+PRE+K5+K7+FILT+MD+SEED+SEEDLS,inputs_5x5_2,midpoint,1,sp_mip_gap,0.0
20260915_044637,C0+C0p+C3+FLOW+MTC+S11+WARM+PRE+K5+K7+FILT+MD+SEED+SEEDLS,inputs_5x5_2,midpoint,1,sp_tighten,0
20260915_044637,C0+C0p+C3+FLOW+MTC+S11+WARM+PRE+K5+K7+FILT+MD+SEED+SEEDLS,inputs_5x5_2,midpoint,1,sp_tight_gap,0.0
20260915_044637,C0+C0p+C3+FLOW+MTC+S11+WARM+PRE+K5+K7+FILT+MD+SEED+SEEDLS,inputs_5x5_2,midpoint,1,seed_localsearch,1
20260915_044637,C0+C0p+C3+FLOW+MTC+S11+WARM+PRE+K5+K7+FILT+MD+SEED+SEEDLS,inputs_5x5_2,midpoint,1,seed_budget_s,120.0
20260915_044637,C0+C0p+C3+FLOW+MTC+S11+WARM+PRE+K5+K7+FILT+MD+SEED+SEEDLS,inputs_5x5_2,midpoint,1,bigm_threshold,18
20260915_044637,C0+C0p+C3+FLOW+MTC+S11+WARM+PRE+K5+K7+FILT+MD+SEED+SEEDLS,inputs_5x5_2,midpoint,1,bigm_margin,1.0
20260915_044637,C0+C0p+C3+FLOW+MTC+S11+WARM+PRE+K5+K7+FILT+MD+SEED+SEEDLS,inputs_5x5_2,midpoint,1,bigm_method,global_sum
20260915_044637,C0+C0p+C3+FLOW+MTC+S11+WARM+PRE+K5+K7+FILT+MD+SEED+SEEDLS,inputs_5x5_2,midpoint,1,bigm_nodes_in_dp,0
20260915_044637,C0+C0p+C3+FLOW+MTC+S11+WARM+PRE+K5+K7+FILT+MD+SEED+SEEDLS,inputs_5x5_2,midpoint,1,bigm_dp_completed,False
20260915_044637,C0+C0p+C3+FLOW+MTC+S11+WARM+PRE+K5+K7+FILT+MD+SEED+SEEDLS,inputs_5x5_2,midpoint,1,M_d,220.11742592586324
20260915_044637,C0+C0p+C3+FLOW+MTC+S11+WARM+PRE+K5+K7+FILT+MD+SEED+SEEDLS,inputs_5x5_2,midpoint,1,ts_ub,177.7726769097754
20260915_044637,C0+C0p+C3+FLOW+MTC+S11+WARM+PRE+K5+K7+FILT+MD+SEED+SEEDLS,inputs_5x5_2,midpoint,1,te_ub,207.11742592586324
20260915_044637,C0+C0p+C3+FLOW+MTC+S11+WARM+PRE+K5+K7+FILT+MD+SEED+SEEDLS,inputs_5x5_2,midpoint,1,seed_LB,1382.039036821508
20260915_044637,C0+C0p+C3+FLOW+MTC+S11+WARM+PRE+K5+K7+FILT+MD+SEED+SEEDLS,inputs_5x5_2,midpoint,1,seed_time_s,120.02329850196838
20260915_044637,C0+C0p+C3+FLOW+MTC+S11+WARM+PRE+K5+K7+FILT+MD+SEED+SEEDLS,inputs_5x5_2,midpoint,1,seed_source,containment
20260915_044637,C0+C0p+C3+FLOW+MTC+S11+WARM+PRE+K5+K7+FILT+MD+SEED+SEEDLS,inputs_5x5_2,midpoint,1,spcall_OPTIMAL,1
20260915_044637,C0+C0p+C3+FLOW+MTC+S11+WARM+PRE+K5+K7+FILT+MD+SEED+SEEDLS,inputs_5x5_2,midpoint,1,spcall_TIME_LIMIT_WITH_INCUMBENT,7
20260915_044637,C0+C0p+C3+FLOW+MTC+S11+WARM+PRE+K5+K7+FILT+MD+SEED+SEEDLS,inputs_5x5_2,midpoint,1,cut_cell_optimality,13
20260915_044637,C0+C0p+C3+FLOW+MTC+S11+WARM+PRE+K5+K7+FILT+MD+SEED+SEEDLS,inputs_5x5_2,midpoint,1,cut_dual_bound,4
20260915_044637,C0+C0p+C3+FLOW+MTC+S11+WARM+PRE+K5+K7+FILT+MD+SEED+SEEDLS,inputs_5x5_2,midpoint,1,singleton_cache_enabled,1
20260915_044637,C0+C0p+C3+FLOW+MTC+S11+WARM+PRE+K5+K7+FILT+MD+SEED+SEEDLS,inputs_5x5_2,midpoint,1,single_sp_requests,29
20260915_044637,C0+C0p+C3+FLOW+MTC+S11+WARM+PRE+K5+K7+FILT+MD+SEED+SEEDLS,inputs_5x5_2,midpoint,1,single_sp_solves,17
20260915_044637,C0+C0p+C3+FLOW+MTC+S11+WARM+PRE+K5+K7+FILT+MD+SEED+SEEDLS,inputs_5x5_2,midpoint,1,single_sp_cache_hits,12
20260915_044637,C0+C0p+C3+FLOW+MTC+S11+WARM+PRE+K5+K7+FILT+MD+SEED+SEEDLS,inputs_5x5_2,midpoint,1,single_sp_build_time_s,0.09562349319458008
20260915_044637,C0+C0p+C3+FLOW+MTC+S11+WARM+PRE+K5+K7+FILT+MD+SEED+SEEDLS,inputs_5x5_2,midpoint,1,single_sp_solve_time_s,0.2991197109222412
20260915_044637,C0+C0p+C3+FLOW+MTC+S11+WARM+PRE+K5+K7+FILT+MD+SEED+SEEDLS,inputs_5x5_2,midpoint,1,single_sp_time_s,0.3947432041168213
20260915_044637,C0+C0p+C3+FLOW+MTC+S11+WARM+PRE+K5+K7+FILT+MD+SEED+SEEDLS,inputs_5x5_2,midpoint,1,cache_lookup_time_s,0.00010583922266960144
20260915_044637,C0+C0p+C3+FLOW+MTC+S11+WARM+PRE+K5+K7+FILT+MD+SEED+SEEDLS,inputs_5x5_2,midpoint,1,est_prevented_solve_time_s,1.0719070434570312
20260915_044637,C0+C0p+C3+FLOW+MTC+S11+WARM+PRE+K5+K7+FILT+MD+SEED+SEEDLS,inputs_5x5_2,midpoint,1,single_sp_status_FEASIBLE_VERIFIED,17
20260915_044637,C0+C0p+C3+FLOW+MTC+S11+WARM+PRE+K5+K7+FILT+MD+SEED+SEEDLS,inputs_5x5_2,midpoint,1,single_sp_status_INFEASIBLE_PROVEN,0
20260915_044637,C0+C0p+C3+FLOW+MTC+S11+WARM+PRE+K5+K7+FILT+MD+SEED+SEEDLS,inputs_5x5_2,midpoint,1,single_sp_status_UNKNOWN,0
20260915_044637,C0+C0p+C3+FLOW+MTC+S11+WARM+PRE+K5+K7+FILT+MD+SEED+SEEDLS,inputs_5x5_2,midpoint,1,dup_cuts_prevented,2
20260915_044637,C0+C0p+C3+FLOW+MTC+S11+WARM+PRE+K5+K7+FILT+MD+SEED+SEEDLS,inputs_5x5_2,midpoint,1,single_sp_distinct,17
20260915_044637,C0+C0p+C3+FLOW+MTC+S11+WARM+PRE+K5+K7+FILT+MD+SEED+SEEDLS,inputs_5x5_2,midpoint,1,master_time_s,0.08809304237365723
20260915_044637,C0+C0p+C3+FLOW+MTC+S11+WARM+PRE+K5+K7+FILT+MD+SEED+SEEDLS,inputs_5x5_2,midpoint,1,sp_time_s,1679.0147626399994
20260915_044637,C0+C0p+C3+FLOW+MTC+S11+WARM+PRE+K5+K7+FILT+MD+SEED+SEEDLS,inputs_5x5_2,midpoint,1,master_time_share,5.246435146931899e-05
20260915_044637,C0+C0p+C3+FLOW+MTC+S11+WARM+PRE+K5+K7+FILT+MD+SEED+SEEDLS,inputs_5x5_2,midpoint,1,sp_time_share,0.9999475356485307
20260915_044637,C0+C0p+C3+FLOW+MTC+S11+WARM+PRE+K5+K7+FILT+MD+SEED+SEEDLS,inputs_5x5_2,midpoint,1,t_to_gap_10pct,420.4309251308441
20260915_044637,C0+C0p+C3+FLOW+MTC+S11+WARM+PRE+K5+K7+FILT+MD+SEED+SEEDLS,inputs_5x5_2,midpoint,1,t_to_gap_5pct,420.4309251308441
20260915_044637,C0+C0p+C3+FLOW+MTC+S11+WARM+PRE+K5+K7+FILT+MD+SEED+SEEDLS,inputs_5x5_2,midpoint,1,t_to_gap_3pct,420.4309251308441
20260915_044637,C0+C0p+C3+FLOW+MTC+S11+WARM+PRE+K5+K7+FILT+MD+SEED+SEEDLS,inputs_5x5_2,midpoint,1,t_to_gap_1pct,1320.8688950538635
20260915_044700,C0+C0p+C3+FLOW+MTC+S11+WARM+PRE+K5+K7+FILT+MD+SEED+SEEDLS,inputs_5x5_3,midpoint,1,status,INCONCLUSIVE
20260915_044700,C0+C0p+C3+FLOW+MTC+S11+WARM+PRE+K5+K7+FILT+MD+SEED+SEEDLS,inputs_5x5_3,midpoint,1,LB,1276.2201183254017
20260915_044700,C0+C0p+C3+FLOW+MTC+S11+WARM+PRE+K5+K7+FILT+MD+SEED+SEEDLS,inputs_5x5_3,midpoint,1,UB,1307.2820361184522
20260915_044700,C0+C0p+C3+FLOW+MTC+S11+WARM+PRE+K5+K7+FILT+MD+SEED+SEEDLS,inputs_5x5_3,midpoint,1,gap,0.023760685861850237
20260915_044700,C0+C0p+C3+FLOW+MTC+S11+WARM+PRE+K5+K7+FILT+MD+SEED+SEEDLS,inputs_5x5_3,midpoint,1,iterations,6
20260915_044700,C0+C0p+C3+FLOW+MTC+S11+WARM+PRE+K5+K7+FILT+MD+SEED+SEEDLS,inputs_5x5_3,midpoint,1,runtime_s,1800.0404896736145
20260915_044700,C0+C0p+C3+FLOW+MTC+S11+WARM+PRE+K5+K7+FILT+MD+SEED+SEEDLS,inputs_5x5_3,midpoint,1,wall_s,1800.0416395664215
20260915_044700,C0+C0p+C3+FLOW+MTC+S11+WARM+PRE+K5+K7+FILT+MD+SEED+SEEDLS,inputs_5x5_3,midpoint,1,n_sp_calls,8
20260915_044700,C0+C0p+C3+FLOW+MTC+S11+WARM+PRE+K5+K7+FILT+MD+SEED+SEEDLS,inputs_5x5_3,midpoint,1,incumbent_value,1276.2201183254017
20260915_044700,C0+C0p+C3+FLOW+MTC+S11+WARM+PRE+K5+K7+FILT+MD+SEED+SEEDLS,inputs_5x5_3,midpoint,1,certified,0
20260915_044700,C0+C0p+C3+FLOW+MTC+S11+WARM+PRE+K5+K7+FILT+MD+SEED+SEEDLS,inputs_5x5_3,midpoint,1,n_Nf,22
20260915_044700,C0+C0p+C3+FLOW+MTC+S11+WARM+PRE+K5+K7+FILT+MD+SEED+SEEDLS,inputs_5x5_3,midpoint,1,n_K,225
20260915_044700,C0+C0p+C3+FLOW+MTC+S11+WARM+PRE+K5+K7+FILT+MD+SEED+SEEDLS,inputs_5x5_3,midpoint,1,sp_engine,strong_resource
20260915_044700,C0+C0p+C3+FLOW+MTC+S11+WARM+PRE+K5+K7+FILT+MD+SEED+SEEDLS,inputs_5x5_3,midpoint,1,sp_mip_gap,0.0
20260915_044700,C0+C0p+C3+FLOW+MTC+S11+WARM+PRE+K5+K7+FILT+MD+SEED+SEEDLS,inputs_5x5_3,midpoint,1,sp_tighten,0
20260915_044700,C0+C0p+C3+FLOW+MTC+S11+WARM+PRE+K5+K7+FILT+MD+SEED+SEEDLS,inputs_5x5_3,midpoint,1,sp_tight_gap,0.0
20260915_044700,C0+C0p+C3+FLOW+MTC+S11+WARM+PRE+K5+K7+FILT+MD+SEED+SEEDLS,inputs_5x5_3,midpoint,1,seed_localsearch,1
20260915_044700,C0+C0p+C3+FLOW+MTC+S11+WARM+PRE+K5+K7+FILT+MD+SEED+SEEDLS,inputs_5x5_3,midpoint,1,seed_budget_s,120.0
20260915_044700,C0+C0p+C3+FLOW+MTC+S11+WARM+PRE+K5+K7+FILT+MD+SEED+SEEDLS,inputs_5x5_3,midpoint,1,bigm_threshold,18
20260915_044700,C0+C0p+C3+FLOW+MTC+S11+WARM+PRE+K5+K7+FILT+MD+SEED+SEEDLS,inputs_5x5_3,midpoint,1,bigm_margin,1.0
20260915_044700,C0+C0p+C3+FLOW+MTC+S11+WARM+PRE+K5+K7+FILT+MD+SEED+SEEDLS,inputs_5x5_3,midpoint,1,bigm_method,global_sum
20260915_044700,C0+C0p+C3+FLOW+MTC+S11+WARM+PRE+K5+K7+FILT+MD+SEED+SEEDLS,inputs_5x5_3,midpoint,1,bigm_nodes_in_dp,0
20260915_044700,C0+C0p+C3+FLOW+MTC+S11+WARM+PRE+K5+K7+FILT+MD+SEED+SEEDLS,inputs_5x5_3,midpoint,1,bigm_dp_completed,False
20260915_044700,C0+C0p+C3+FLOW+MTC+S11+WARM+PRE+K5+K7+FILT+MD+SEED+SEEDLS,inputs_5x5_3,midpoint,1,M_d,220.11742592586324
20260915_044700,C0+C0p+C3+FLOW+MTC+S11+WARM+PRE+K5+K7+FILT+MD+SEED+SEEDLS,inputs_5x5_3,midpoint,1,ts_ub,177.7726769097754
20260915_044700,C0+C0p+C3+FLOW+MTC+S11+WARM+PRE+K5+K7+FILT+MD+SEED+SEEDLS,inputs_5x5_3,midpoint,1,te_ub,207.11742592586324
20260915_044700,C0+C0p+C3+FLOW+MTC+S11+WARM+PRE+K5+K7+FILT+MD+SEED+SEEDLS,inputs_5x5_3,midpoint,1,seed_LB,1273.3328153401367
20260915_044700,C0+C0p+C3+FLOW+MTC+S11+WARM+PRE+K5+K7+FILT+MD+SEED+SEEDLS,inputs_5x5_3,midpoint,1,seed_time_s,120.04025220870972
20260915_044700,C0+C0p+C3+FLOW+MTC+S11+WARM+PRE+K5+K7+FILT+MD+SEED+SEEDLS,inputs_5x5_3,midpoint,1,seed_source,containment
20260915_044700,C0+C0p+C3+FLOW+MTC+S11+WARM+PRE+K5+K7+FILT+MD+SEED+SEEDLS,inputs_5x5_3,midpoint,1,spcall_OPTIMAL,1
20260915_044700,C0+C0p+C3+FLOW+MTC+S11+WARM+PRE+K5+K7+FILT+MD+SEED+SEEDLS,inputs_5x5_3,midpoint,1,spcall_TIME_LIMIT_WITH_INCUMBENT,7
20260915_044700,C0+C0p+C3+FLOW+MTC+S11+WARM+PRE+K5+K7+FILT+MD+SEED+SEEDLS,inputs_5x5_3,midpoint,1,cut_cell_optimality,33
20260915_044700,C0+C0p+C3+FLOW+MTC+S11+WARM+PRE+K5+K7+FILT+MD+SEED+SEEDLS,inputs_5x5_3,midpoint,1,cut_dual_bound,4
20260915_044700,C0+C0p+C3+FLOW+MTC+S11+WARM+PRE+K5+K7+FILT+MD+SEED+SEEDLS,inputs_5x5_3,midpoint,1,singleton_cache_enabled,1
20260915_044700,C0+C0p+C3+FLOW+MTC+S11+WARM+PRE+K5+K7+FILT+MD+SEED+SEEDLS,inputs_5x5_3,midpoint,1,single_sp_requests,58
20260915_044700,C0+C0p+C3+FLOW+MTC+S11+WARM+PRE+K5+K7+FILT+MD+SEED+SEEDLS,inputs_5x5_3,midpoint,1,single_sp_solves,33
20260915_044700,C0+C0p+C3+FLOW+MTC+S11+WARM+PRE+K5+K7+FILT+MD+SEED+SEEDLS,inputs_5x5_3,midpoint,1,single_sp_cache_hits,25
20260915_044700,C0+C0p+C3+FLOW+MTC+S11+WARM+PRE+K5+K7+FILT+MD+SEED+SEEDLS,inputs_5x5_3,midpoint,1,single_sp_build_time_s,0.28894472122192383
20260915_044700,C0+C0p+C3+FLOW+MTC+S11+WARM+PRE+K5+K7+FILT+MD+SEED+SEEDLS,inputs_5x5_3,midpoint,1,single_sp_solve_time_s,0.7812230587005615
20260915_044700,C0+C0p+C3+FLOW+MTC+S11+WARM+PRE+K5+K7+FILT+MD+SEED+SEEDLS,inputs_5x5_3,midpoint,1,single_sp_time_s,1.0701677799224854
20260915_044700,C0+C0p+C3+FLOW+MTC+S11+WARM+PRE+K5+K7+FILT+MD+SEED+SEEDLS,inputs_5x5_3,midpoint,1,cache_lookup_time_s,0.00022052321583032608
20260915_044700,C0+C0p+C3+FLOW+MTC+S11+WARM+PRE+K5+K7+FILT+MD+SEED+SEEDLS,inputs_5x5_3,midpoint,1,est_prevented_solve_time_s,2.2487738132476807
20260915_044700,C0+C0p+C3+FLOW+MTC+S11+WARM+PRE+K5+K7+FILT+MD+SEED+SEEDLS,inputs_5x5_3,midpoint,1,single_sp_status_FEASIBLE_VERIFIED,33
20260915_044700,C0+C0p+C3+FLOW+MTC+S11+WARM+PRE+K5+K7+FILT+MD+SEED+SEEDLS,inputs_5x5_3,midpoint,1,single_sp_status_INFEASIBLE_PROVEN,0
20260915_044700,C0+C0p+C3+FLOW+MTC+S11+WARM+PRE+K5+K7+FILT+MD+SEED+SEEDLS,inputs_5x5_3,midpoint,1,single_sp_status_UNKNOWN,0
20260915_044700,C0+C0p+C3+FLOW+MTC+S11+WARM+PRE+K5+K7+FILT+MD+SEED+SEEDLS,inputs_5x5_3,midpoint,1,dup_cuts_prevented,2
20260915_044700,C0+C0p+C3+FLOW+MTC+S11+WARM+PRE+K5+K7+FILT+MD+SEED+SEEDLS,inputs_5x5_3,midpoint,1,single_sp_distinct,33
20260915_044700,C0+C0p+C3+FLOW+MTC+S11+WARM+PRE+K5+K7+FILT+MD+SEED+SEEDLS,inputs_5x5_3,midpoint,1,master_time_s,0.10160708427429199
20260915_044700,C0+C0p+C3+FLOW+MTC+S11+WARM+PRE+K5+K7+FILT+MD+SEED+SEEDLS,inputs_5x5_3,midpoint,1,sp_time_s,1678.4307038784027
20260915_044700,C0+C0p+C3+FLOW+MTC+S11+WARM+PRE+K5+K7+FILT+MD+SEED+SEEDLS,inputs_5x5_3,midpoint,1,master_time_share,6.053329066749867e-05
20260915_044700,C0+C0p+C3+FLOW+MTC+S11+WARM+PRE+K5+K7+FILT+MD+SEED+SEEDLS,inputs_5x5_3,midpoint,1,sp_time_share,0.9999394667093325
20260915_044700,C0+C0p+C3+FLOW+MTC+S11+WARM+PRE+K5+K7+FILT+MD+SEED+SEEDLS,inputs_5x5_3,midpoint,1,t_to_gap_10pct,420.6907262802124
20260915_044700,C0+C0p+C3+FLOW+MTC+S11+WARM+PRE+K5+K7+FILT+MD+SEED+SEEDLS,inputs_5x5_3,midpoint,1,t_to_gap_5pct,720.891003370285
20260915_044700,C0+C0p+C3+FLOW+MTC+S11+WARM+PRE+K5+K7+FILT+MD+SEED+SEEDLS,inputs_5x5_3,midpoint,1,t_to_gap_3pct,1621.575522184372
20260915_044700,C0+C0p+C3+FLOW+MTC+S11+WARM+PRE+K5+K7+FILT+MD+SEED+SEEDLS,inputs_5x5_3,midpoint,1,t_to_gap_1pct,
20260915_044752,C0+C0p+C3+FLOW+MTC+S11+WARM+PRE+K5+K7+FILT+MD+SEED+SEEDLS,inputs_6x6,midpoint,1,status,TIME_LIMIT
20260915_044752,C0+C0p+C3+FLOW+MTC+S11+WARM+PRE+K5+K7+FILT+MD+SEED+SEEDLS,inputs_6x6,midpoint,1,LB,1759.7692259422693
20260915_044752,C0+C0p+C3+FLOW+MTC+S11+WARM+PRE+K5+K7+FILT+MD+SEED+SEEDLS,inputs_6x6,midpoint,1,UB,1778.1091549704884
20260915_044752,C0+C0p+C3+FLOW+MTC+S11+WARM+PRE+K5+K7+FILT+MD+SEED+SEEDLS,inputs_6x6,midpoint,1,gap,0.010314287498577946
20260915_044752,C0+C0p+C3+FLOW+MTC+S11+WARM+PRE+K5+K7+FILT+MD+SEED+SEEDLS,inputs_6x6,midpoint,1,iterations,34
20260915_044752,C0+C0p+C3+FLOW+MTC+S11+WARM+PRE+K5+K7+FILT+MD+SEED+SEEDLS,inputs_6x6,midpoint,1,runtime_s,1800.0955591201782
20260915_044752,C0+C0p+C3+FLOW+MTC+S11+WARM+PRE+K5+K7+FILT+MD+SEED+SEEDLS,inputs_6x6,midpoint,1,wall_s,1800.0969500541687
20260915_044752,C0+C0p+C3+FLOW+MTC+S11+WARM+PRE+K5+K7+FILT+MD+SEED+SEEDLS,inputs_6x6,midpoint,1,n_sp_calls,8
20260915_044752,C0+C0p+C3+FLOW+MTC+S11+WARM+PRE+K5+K7+FILT+MD+SEED+SEEDLS,inputs_6x6,midpoint,1,incumbent_value,1759.7692259422693
20260915_044752,C0+C0p+C3+FLOW+MTC+S11+WARM+PRE+K5+K7+FILT+MD+SEED+SEEDLS,inputs_6x6,midpoint,1,certified,0
20260915_044752,C0+C0p+C3+FLOW+MTC+S11+WARM+PRE+K5+K7+FILT+MD+SEED+SEEDLS,inputs_6x6,midpoint,1,n_Nf,31
20260915_044752,C0+C0p+C3+FLOW+MTC+S11+WARM+PRE+K5+K7+FILT+MD+SEED+SEEDLS,inputs_6x6,midpoint,1,n_K,150
20260915_044752,C0+C0p+C3+FLOW+MTC+S11+WARM+PRE+K5+K7+FILT+MD+SEED+SEEDLS,inputs_6x6,midpoint,1,sp_engine,strong_resource
20260915_044752,C0+C0p+C3+FLOW+MTC+S11+WARM+PRE+K5+K7+FILT+MD+SEED+SEEDLS,inputs_6x6,midpoint,1,sp_mip_gap,0.0
20260915_044752,C0+C0p+C3+FLOW+MTC+S11+WARM+PRE+K5+K7+FILT+MD+SEED+SEEDLS,inputs_6x6,midpoint,1,sp_tighten,0
20260915_044752,C0+C0p+C3+FLOW+MTC+S11+WARM+PRE+K5+K7+FILT+MD+SEED+SEEDLS,inputs_6x6,midpoint,1,sp_tight_gap,0.0
20260915_044752,C0+C0p+C3+FLOW+MTC+S11+WARM+PRE+K5+K7+FILT+MD+SEED+SEEDLS,inputs_6x6,midpoint,1,seed_localsearch,1
20260915_044752,C0+C0p+C3+FLOW+MTC+S11+WARM+PRE+K5+K7+FILT+MD+SEED+SEEDLS,inputs_6x6,midpoint,1,seed_budget_s,120.0
20260915_044752,C0+C0p+C3+FLOW+MTC+S11+WARM+PRE+K5+K7+FILT+MD+SEED+SEEDLS,inputs_6x6,midpoint,1,bigm_threshold,18
20260915_044752,C0+C0p+C3+FLOW+MTC+S11+WARM+PRE+K5+K7+FILT+MD+SEED+SEEDLS,inputs_6x6,midpoint,1,bigm_margin,1.0
20260915_044752,C0+C0p+C3+FLOW+MTC+S11+WARM+PRE+K5+K7+FILT+MD+SEED+SEEDLS,inputs_6x6,midpoint,1,bigm_method,global_sum
20260915_044752,C0+C0p+C3+FLOW+MTC+S11+WARM+PRE+K5+K7+FILT+MD+SEED+SEEDLS,inputs_6x6,midpoint,1,bigm_nodes_in_dp,0
20260915_044752,C0+C0p+C3+FLOW+MTC+S11+WARM+PRE+K5+K7+FILT+MD+SEED+SEEDLS,inputs_6x6,midpoint,1,bigm_dp_completed,False
20260915_044752,C0+C0p+C3+FLOW+MTC+S11+WARM+PRE+K5+K7+FILT+MD+SEED+SEEDLS,inputs_6x6,midpoint,1,M_d,240.3976017717033
20260915_044752,C0+C0p+C3+FLOW+MTC+S11+WARM+PRE+K5+K7+FILT+MD+SEED+SEEDLS,inputs_6x6,midpoint,1,ts_ub,196.05285275561548
20260915_044752,C0+C0p+C3+FLOW+MTC+S11+WARM+PRE+K5+K7+FILT+MD+SEED+SEEDLS,inputs_6x6,midpoint,1,te_ub,225.3976017717033
20260915_044752,C0+C0p+C3+FLOW+MTC+S11+WARM+PRE+K5+K7+FILT+MD+SEED+SEEDLS,inputs_6x6,midpoint,1,seed_LB,1759.7692259422693
20260915_044752,C0+C0p+C3+FLOW+MTC+S11+WARM+PRE+K5+K7+FILT+MD+SEED+SEEDLS,inputs_6x6,midpoint,1,seed_time_s,120.03012895584106
20260915_044752,C0+C0p+C3+FLOW+MTC+S11+WARM+PRE+K5+K7+FILT+MD+SEED+SEEDLS,inputs_6x6,midpoint,1,seed_source,containment
20260915_044752,C0+C0p+C3+FLOW+MTC+S11+WARM+PRE+K5+K7+FILT+MD+SEED+SEEDLS,inputs_6x6,midpoint,1,spcall_TIME_LIMIT_WITH_INCUMBENT,8
20260915_044752,C0+C0p+C3+FLOW+MTC+S11+WARM+PRE+K5+K7+FILT+MD+SEED+SEEDLS,inputs_6x6,midpoint,1,cut_singleton_infeasible,29
20260915_044752,C0+C0p+C3+FLOW+MTC+S11+WARM+PRE+K5+K7+FILT+MD+SEED+SEEDLS,inputs_6x6,midpoint,1,cut_cell_optimality,63
20260915_044752,C0+C0p+C3+FLOW+MTC+S11+WARM+PRE+K5+K7+FILT+MD+SEED+SEEDLS,inputs_6x6,midpoint,1,cut_dual_bound,6
20260915_044752,C0+C0p+C3+FLOW+MTC+S11+WARM+PRE+K5+K7+FILT+MD+SEED+SEEDLS,inputs_6x6,midpoint,1,singleton_cache_enabled,1
20260915_044752,C0+C0p+C3+FLOW+MTC+S11+WARM+PRE+K5+K7+FILT+MD+SEED+SEEDLS,inputs_6x6,midpoint,1,single_sp_requests,599
20260915_044752,C0+C0p+C3+FLOW+MTC+S11+WARM+PRE+K5+K7+FILT+MD+SEED+SEEDLS,inputs_6x6,midpoint,1,single_sp_solves,297
20260915_044752,C0+C0p+C3+FLOW+MTC+S11+WARM+PRE+K5+K7+FILT+MD+SEED+SEEDLS,inputs_6x6,midpoint,1,single_sp_cache_hits,302
20260915_044752,C0+C0p+C3+FLOW+MTC+S11+WARM+PRE+K5+K7+FILT+MD+SEED+SEEDLS,inputs_6x6,midpoint,1,single_sp_build_time_s,1.7179884910583496
20260915_044752,C0+C0p+C3+FLOW+MTC+S11+WARM+PRE+K5+K7+FILT+MD+SEED+SEEDLS,inputs_6x6,midpoint,1,single_sp_solve_time_s,1.6623189449310303
20260915_044752,C0+C0p+C3+FLOW+MTC+S11+WARM+PRE+K5+K7+FILT+MD+SEED+SEEDLS,inputs_6x6,midpoint,1,single_sp_time_s,3.38030743598938
20260915_044752,C0+C0p+C3+FLOW+MTC+S11+WARM+PRE+K5+K7+FILT+MD+SEED+SEEDLS,inputs_6x6,midpoint,1,cache_lookup_time_s,0.001780918799340725
20260915_044752,C0+C0p+C3+FLOW+MTC+S11+WARM+PRE+K5+K7+FILT+MD+SEED+SEEDLS,inputs_6x6,midpoint,1,est_prevented_solve_time_s,6.467374801635742
20260915_044752,C0+C0p+C3+FLOW+MTC+S11+WARM+PRE+K5+K7+FILT+MD+SEED+SEEDLS,inputs_6x6,midpoint,1,single_sp_status_FEASIBLE_VERIFIED,295
20260915_044752,C0+C0p+C3+FLOW+MTC+S11+WARM+PRE+K5+K7+FILT+MD+SEED+SEEDLS,inputs_6x6,midpoint,1,single_sp_status_INFEASIBLE_PROVEN,2
20260915_044752,C0+C0p+C3+FLOW+MTC+S11+WARM+PRE+K5+K7+FILT+MD+SEED+SEEDLS,inputs_6x6,midpoint,1,single_sp_status_UNKNOWN,0
20260915_044752,C0+C0p+C3+FLOW+MTC+S11+WARM+PRE+K5+K7+FILT+MD+SEED+SEEDLS,inputs_6x6,midpoint,1,dup_cuts_prevented,0
20260915_044752,C0+C0p+C3+FLOW+MTC+S11+WARM+PRE+K5+K7+FILT+MD+SEED+SEEDLS,inputs_6x6,midpoint,1,single_sp_distinct,297
20260915_044752,C0+C0p+C3+FLOW+MTC+S11+WARM+PRE+K5+K7+FILT+MD+SEED+SEEDLS,inputs_6x6,midpoint,1,master_time_s,5.93841552734375
20260915_044752,C0+C0p+C3+FLOW+MTC+S11+WARM+PRE+K5+K7+FILT+MD+SEED+SEEDLS,inputs_6x6,midpoint,1,sp_time_s,1670.2718150615692
20260915_044752,C0+C0p+C3+FLOW+MTC+S11+WARM+PRE+K5+K7+FILT+MD+SEED+SEEDLS,inputs_6x6,midpoint,1,master_time_share,0.0035427629655126083
20260915_044752,C0+C0p+C3+FLOW+MTC+S11+WARM+PRE+K5+K7+FILT+MD+SEED+SEEDLS,inputs_6x6,midpoint,1,sp_time_share,0.9964572370344874
20260915_044752,C0+C0p+C3+FLOW+MTC+S11+WARM+PRE+K5+K7+FILT+MD+SEED+SEEDLS,inputs_6x6,midpoint,1,t_to_gap_10pct,120.03663563728333
20260915_044752,C0+C0p+C3+FLOW+MTC+S11+WARM+PRE+K5+K7+FILT+MD+SEED+SEEDLS,inputs_6x6,midpoint,1,t_to_gap_5pct,120.03663563728333
20260915_044752,C0+C0p+C3+FLOW+MTC+S11+WARM+PRE+K5+K7+FILT+MD+SEED+SEEDLS,inputs_6x6,midpoint,1,t_to_gap_3pct,420.2528717517853
20260915_044752,C0+C0p+C3+FLOW+MTC+S11+WARM+PRE+K5+K7+FILT+MD+SEED+SEEDLS,inputs_6x6,midpoint,1,t_to_gap_1pct,
20260915_045342,C0+C0p+C3+FLOW+MTC+S11+WARM+PRE+K5+K7+FILT+MD+SEED+SEEDLS,inputs_6x6_4,midpoint,1,status,OPTIMAL
20260915_045342,C0+C0p+C3+FLOW+MTC+S11+WARM+PRE+K5+K7+FILT+MD+SEED+SEEDLS,inputs_6x6_4,midpoint,1,LB,1933.5387805988648
20260915_045342,C0+C0p+C3+FLOW+MTC+S11+WARM+PRE+K5+K7+FILT+MD+SEED+SEEDLS,inputs_6x6_4,midpoint,1,UB,1933.538780598865
20260915_045342,C0+C0p+C3+FLOW+MTC+S11+WARM+PRE+K5+K7+FILT+MD+SEED+SEEDLS,inputs_6x6_4,midpoint,1,gap,1.1759457722012112e-16
20260915_045342,C0+C0p+C3+FLOW+MTC+S11+WARM+PRE+K5+K7+FILT+MD+SEED+SEEDLS,inputs_6x6_4,midpoint,1,iterations,4
20260915_045342,C0+C0p+C3+FLOW+MTC+S11+WARM+PRE+K5+K7+FILT+MD+SEED+SEEDLS,inputs_6x6_4,midpoint,1,runtime_s,423.2909646034241
20260915_045342,C0+C0p+C3+FLOW+MTC+S11+WARM+PRE+K5+K7+FILT+MD+SEED+SEEDLS,inputs_6x6_4,midpoint,1,wall_s,423.29297637939453
20260915_045342,C0+C0p+C3+FLOW+MTC+S11+WARM+PRE+K5+K7+FILT+MD+SEED+SEEDLS,inputs_6x6_4,midpoint,1,n_sp_calls,4
20260915_045342,C0+C0p+C3+FLOW+MTC+S11+WARM+PRE+K5+K7+FILT+MD+SEED+SEEDLS,inputs_6x6_4,midpoint,1,incumbent_value,1933.5387805988648
20260915_045342,C0+C0p+C3+FLOW+MTC+S11+WARM+PRE+K5+K7+FILT+MD+SEED+SEEDLS,inputs_6x6_4,midpoint,1,certified,1
20260915_045342,C0+C0p+C3+FLOW+MTC+S11+WARM+PRE+K5+K7+FILT+MD+SEED+SEEDLS,inputs_6x6_4,midpoint,1,n_Nf,32
20260915_045342,C0+C0p+C3+FLOW+MTC+S11+WARM+PRE+K5+K7+FILT+MD+SEED+SEEDLS,inputs_6x6_4,midpoint,1,n_K,285
20260915_045342,C0+C0p+C3+FLOW+MTC+S11+WARM+PRE+K5+K7+FILT+MD+SEED+SEEDLS,inputs_6x6_4,midpoint,1,sp_engine,strong_resource
20260915_045342,C0+C0p+C3+FLOW+MTC+S11+WARM+PRE+K5+K7+FILT+MD+SEED+SEEDLS,inputs_6x6_4,midpoint,1,sp_mip_gap,0.0
20260915_045342,C0+C0p+C3+FLOW+MTC+S11+WARM+PRE+K5+K7+FILT+MD+SEED+SEEDLS,inputs_6x6_4,midpoint,1,sp_tighten,0
20260915_045342,C0+C0p+C3+FLOW+MTC+S11+WARM+PRE+K5+K7+FILT+MD+SEED+SEEDLS,inputs_6x6_4,midpoint,1,sp_tight_gap,0.0
20260915_045342,C0+C0p+C3+FLOW+MTC+S11+WARM+PRE+K5+K7+FILT+MD+SEED+SEEDLS,inputs_6x6_4,midpoint,1,seed_localsearch,1
20260915_045342,C0+C0p+C3+FLOW+MTC+S11+WARM+PRE+K5+K7+FILT+MD+SEED+SEEDLS,inputs_6x6_4,midpoint,1,seed_budget_s,120.0
20260915_045342,C0+C0p+C3+FLOW+MTC+S11+WARM+PRE+K5+K7+FILT+MD+SEED+SEEDLS,inputs_6x6_4,midpoint,1,bigm_threshold,18
20260915_045342,C0+C0p+C3+FLOW+MTC+S11+WARM+PRE+K5+K7+FILT+MD+SEED+SEEDLS,inputs_6x6_4,midpoint,1,bigm_margin,1.0
20260915_045342,C0+C0p+C3+FLOW+MTC+S11+WARM+PRE+K5+K7+FILT+MD+SEED+SEEDLS,inputs_6x6_4,midpoint,1,bigm_method,global_sum
20260915_045342,C0+C0p+C3+FLOW+MTC+S11+WARM+PRE+K5+K7+FILT+MD+SEED+SEEDLS,inputs_6x6_4,midpoint,1,bigm_nodes_in_dp,0
20260915_045342,C0+C0p+C3+FLOW+MTC+S11+WARM+PRE+K5+K7+FILT+MD+SEED+SEEDLS,inputs_6x6_4,midpoint,1,bigm_dp_completed,False
20260915_045342,C0+C0p+C3+FLOW+MTC+S11+WARM+PRE+K5+K7+FILT+MD+SEED+SEEDLS,inputs_6x6_4,midpoint,1,M_d,248.80657179055044
20260915_045342,C0+C0p+C3+FLOW+MTC+S11+WARM+PRE+K5+K7+FILT+MD+SEED+SEEDLS,inputs_6x6_4,midpoint,1,ts_ub,204.4618227744626
20260915_045342,C0+C0p+C3+FLOW+MTC+S11+WARM+PRE+K5+K7+FILT+MD+SEED+SEEDLS,inputs_6x6_4,midpoint,1,te_ub,233.80657179055044
20260915_045342,C0+C0p+C3+FLOW+MTC+S11+WARM+PRE+K5+K7+FILT+MD+SEED+SEEDLS,inputs_6x6_4,midpoint,1,seed_LB,1933.5387805988648
20260915_045342,C0+C0p+C3+FLOW+MTC+S11+WARM+PRE+K5+K7+FILT+MD+SEED+SEEDLS,inputs_6x6_4,midpoint,1,seed_time_s,120.07250165939331
20260915_045342,C0+C0p+C3+FLOW+MTC+S11+WARM+PRE+K5+K7+FILT+MD+SEED+SEEDLS,inputs_6x6_4,midpoint,1,seed_source,containment
20260915_045342,C0+C0p+C3+FLOW+MTC+S11+WARM+PRE+K5+K7+FILT+MD+SEED+SEEDLS,inputs_6x6_4,midpoint,1,spcall_OPTIMAL,3
20260915_045342,C0+C0p+C3+FLOW+MTC+S11+WARM+PRE+K5+K7+FILT+MD+SEED+SEEDLS,inputs_6x6_4,midpoint,1,spcall_TIME_LIMIT_WITH_INCUMBENT,1
20260915_045342,C0+C0p+C3+FLOW+MTC+S11+WARM+PRE+K5+K7+FILT+MD+SEED+SEEDLS,inputs_6x6_4,midpoint,1,cut_singleton_infeasible,1
20260915_045342,C0+C0p+C3+FLOW+MTC+S11+WARM+PRE+K5+K7+FILT+MD+SEED+SEEDLS,inputs_6x6_4,midpoint,1,cut_cell_optimality,8
20260915_045342,C0+C0p+C3+FLOW+MTC+S11+WARM+PRE+K5+K7+FILT+MD+SEED+SEEDLS,inputs_6x6_4,midpoint,1,cut_aggregate_optimality,1
20260915_045342,C0+C0p+C3+FLOW+MTC+S11+WARM+PRE+K5+K7+FILT+MD+SEED+SEEDLS,inputs_6x6_4,midpoint,1,cut_dual_bound,1
20260915_045342,C0+C0p+C3+FLOW+MTC+S11+WARM+PRE+K5+K7+FILT+MD+SEED+SEEDLS,inputs_6x6_4,midpoint,1,singleton_cache_enabled,1
20260915_045342,C0+C0p+C3+FLOW+MTC+S11+WARM+PRE+K5+K7+FILT+MD+SEED+SEEDLS,inputs_6x6_4,midpoint,1,single_sp_requests,11
20260915_045342,C0+C0p+C3+FLOW+MTC+S11+WARM+PRE+K5+K7+FILT+MD+SEED+SEEDLS,inputs_6x6_4,midpoint,1,single_sp_solves,9
20260915_045342,C0+C0p+C3+FLOW+MTC+S11+WARM+PRE+K5+K7+FILT+MD+SEED+SEEDLS,inputs_6x6_4,midpoint,1,single_sp_cache_hits,2
20260915_045342,C0+C0p+C3+FLOW+MTC+S11+WARM+PRE+K5+K7+FILT+MD+SEED+SEEDLS,inputs_6x6_4,midpoint,1,single_sp_build_time_s,0.10576009750366211
20260915_045342,C0+C0p+C3+FLOW+MTC+S11+WARM+PRE+K5+K7+FILT+MD+SEED+SEEDLS,inputs_6x6_4,midpoint,1,single_sp_solve_time_s,0.3199622631072998
20260915_045342,C0+C0p+C3+FLOW+MTC+S11+WARM+PRE+K5+K7+FILT+MD+SEED+SEEDLS,inputs_6x6_4,midpoint,1,single_sp_time_s,0.4257223606109619
20260915_045342,C0+C0p+C3+FLOW+MTC+S11+WARM+PRE+K5+K7+FILT+MD+SEED+SEEDLS,inputs_6x6_4,midpoint,1,cache_lookup_time_s,6.650574505329132e-05
20260915_045342,C0+C0p+C3+FLOW+MTC+S11+WARM+PRE+K5+K7+FILT+MD+SEED+SEEDLS,inputs_6x6_4,midpoint,1,est_prevented_solve_time_s,0.13409948348999023
20260915_045342,C0+C0p+C3+FLOW+MTC+S11+WARM+PRE+K5+K7+FILT+MD+SEED+SEEDLS,inputs_6x6_4,midpoint,1,single_sp_status_FEASIBLE_VERIFIED,8
20260915_045342,C0+C0p+C3+FLOW+MTC+S11+WARM+PRE+K5+K7+FILT+MD+SEED+SEEDLS,inputs_6x6_4,midpoint,1,single_sp_status_INFEASIBLE_PROVEN,1
20260915_045342,C0+C0p+C3+FLOW+MTC+S11+WARM+PRE+K5+K7+FILT+MD+SEED+SEEDLS,inputs_6x6_4,midpoint,1,single_sp_status_UNKNOWN,0
20260915_045342,C0+C0p+C3+FLOW+MTC+S11+WARM+PRE+K5+K7+FILT+MD+SEED+SEEDLS,inputs_6x6_4,midpoint,1,dup_cuts_prevented,0
20260915_045342,C0+C0p+C3+FLOW+MTC+S11+WARM+PRE+K5+K7+FILT+MD+SEED+SEEDLS,inputs_6x6_4,midpoint,1,single_sp_distinct,9
20260915_045342,C0+C0p+C3+FLOW+MTC+S11+WARM+PRE+K5+K7+FILT+MD+SEED+SEEDLS,inputs_6x6_4,midpoint,1,master_time_s,0.15056562423706055
20260915_045342,C0+C0p+C3+FLOW+MTC+S11+WARM+PRE+K5+K7+FILT+MD+SEED+SEEDLS,inputs_6x6_4,midpoint,1,sp_time_s,302.5160565376282
20260915_045342,C0+C0p+C3+FLOW+MTC+S11+WARM+PRE+K5+K7+FILT+MD+SEED+SEEDLS,inputs_6x6_4,midpoint,1,master_time_share,0.00049746358934993
20260915_045342,C0+C0p+C3+FLOW+MTC+S11+WARM+PRE+K5+K7+FILT+MD+SEED+SEEDLS,inputs_6x6_4,midpoint,1,sp_time_share,0.9995025364106501
20260915_045342,C0+C0p+C3+FLOW+MTC+S11+WARM+PRE+K5+K7+FILT+MD+SEED+SEEDLS,inputs_6x6_4,midpoint,1,t_to_gap_10pct,120.07821130752563
20260915_045342,C0+C0p+C3+FLOW+MTC+S11+WARM+PRE+K5+K7+FILT+MD+SEED+SEEDLS,inputs_6x6_4,midpoint,1,t_to_gap_5pct,120.07821130752563
20260915_045342,C0+C0p+C3+FLOW+MTC+S11+WARM+PRE+K5+K7+FILT+MD+SEED+SEEDLS,inputs_6x6_4,midpoint,1,t_to_gap_3pct,120.07821130752563
20260915_045342,C0+C0p+C3+FLOW+MTC+S11+WARM+PRE+K5+K7+FILT+MD+SEED+SEEDLS,inputs_6x6_4,midpoint,1,t_to_gap_1pct,120.07821130752563
20260915_045746,C0+C0p+C3+FLOW+MTC+S11+WARM+PRE+K5+K7+FILT+MD+SEED+SEEDLS,inputs_6x6_2,midpoint,1,status,TIME_LIMIT
20260915_045746,C0+C0p+C3+FLOW+MTC+S11+WARM+PRE+K5+K7+FILT+MD+SEED+SEEDLS,inputs_6x6_2,midpoint,1,LB,1746.138189928204
20260915_045746,C0+C0p+C3+FLOW+MTC+S11+WARM+PRE+K5+K7+FILT+MD+SEED+SEEDLS,inputs_6x6_2,midpoint,1,UB,1768.835714416848
20260915_045746,C0+C0p+C3+FLOW+MTC+S11+WARM+PRE+K5+K7+FILT+MD+SEED+SEEDLS,inputs_6x6_2,midpoint,1,gap,0.012831900839432732
20260915_045746,C0+C0p+C3+FLOW+MTC+S11+WARM+PRE+K5+K7+FILT+MD+SEED+SEEDLS,inputs_6x6_2,midpoint,1,iterations,34
20260915_045746,C0+C0p+C3+FLOW+MTC+S11+WARM+PRE+K5+K7+FILT+MD+SEED+SEEDLS,inputs_6x6_2,midpoint,1,runtime_s,1800.0409379005432
20260915_045746,C0+C0p+C3+FLOW+MTC+S11+WARM+PRE+K5+K7+FILT+MD+SEED+SEEDLS,inputs_6x6_2,midpoint,1,wall_s,1800.044188261032
20260915_045746,C0+C0p+C3+FLOW+MTC+S11+WARM+PRE+K5+K7+FILT+MD+SEED+SEEDLS,inputs_6x6_2,midpoint,1,n_sp_calls,8
20260915_045746,C0+C0p+C3+FLOW+MTC+S11+WARM+PRE+K5+K7+FILT+MD+SEED+SEEDLS,inputs_6x6_2,midpoint,1,incumbent_value,1746.138189928204
20260915_045746,C0+C0p+C3+FLOW+MTC+S11+WARM+PRE+K5+K7+FILT+MD+SEED+SEEDLS,inputs_6x6_2,midpoint,1,certified,0
20260915_045746,C0+C0p+C3+FLOW+MTC+S11+WARM+PRE+K5+K7+FILT+MD+SEED+SEEDLS,inputs_6x6_2,midpoint,1,n_Nf,31
20260915_045746,C0+C0p+C3+FLOW+MTC+S11+WARM+PRE+K5+K7+FILT+MD+SEED+SEEDLS,inputs_6x6_2,midpoint,1,n_K,225
20260915_045746,C0+C0p+C3+FLOW+MTC+S11+WARM+PRE+K5+K7+FILT+MD+SEED+SEEDLS,inputs_6x6_2,midpoint,1,sp_engine,strong_resource
20260915_045746,C0+C0p+C3+FLOW+MTC+S11+WARM+PRE+K5+K7+FILT+MD+SEED+SEEDLS,inputs_6x6_2,midpoint,1,sp_mip_gap,0.0
20260915_045746,C0+C0p+C3+FLOW+MTC+S11+WARM+PRE+K5+K7+FILT+MD+SEED+SEEDLS,inputs_6x6_2,midpoint,1,sp_tighten,0
20260915_045746,C0+C0p+C3+FLOW+MTC+S11+WARM+PRE+K5+K7+FILT+MD+SEED+SEEDLS,inputs_6x6_2,midpoint,1,sp_tight_gap,0.0
20260915_045746,C0+C0p+C3+FLOW+MTC+S11+WARM+PRE+K5+K7+FILT+MD+SEED+SEEDLS,inputs_6x6_2,midpoint,1,seed_localsearch,1
20260915_045746,C0+C0p+C3+FLOW+MTC+S11+WARM+PRE+K5+K7+FILT+MD+SEED+SEEDLS,inputs_6x6_2,midpoint,1,seed_budget_s,120.0
20260915_045746,C0+C0p+C3+FLOW+MTC+S11+WARM+PRE+K5+K7+FILT+MD+SEED+SEEDLS,inputs_6x6_2,midpoint,1,bigm_threshold,18
20260915_045746,C0+C0p+C3+FLOW+MTC+S11+WARM+PRE+K5+K7+FILT+MD+SEED+SEEDLS,inputs_6x6_2,midpoint,1,bigm_margin,1.0
20260915_045746,C0+C0p+C3+FLOW+MTC+S11+WARM+PRE+K5+K7+FILT+MD+SEED+SEEDLS,inputs_6x6_2,midpoint,1,bigm_method,global_sum
20260915_045746,C0+C0p+C3+FLOW+MTC+S11+WARM+PRE+K5+K7+FILT+MD+SEED+SEEDLS,inputs_6x6_2,midpoint,1,bigm_nodes_in_dp,0
20260915_045746,C0+C0p+C3+FLOW+MTC+S11+WARM+PRE+K5+K7+FILT+MD+SEED+SEEDLS,inputs_6x6_2,midpoint,1,bigm_dp_completed,False
20260915_045746,C0+C0p+C3+FLOW+MTC+S11+WARM+PRE+K5+K7+FILT+MD+SEED+SEEDLS,inputs_6x6_2,midpoint,1,M_d,240.3976017717033
20260915_045746,C0+C0p+C3+FLOW+MTC+S11+WARM+PRE+K5+K7+FILT+MD+SEED+SEEDLS,inputs_6x6_2,midpoint,1,ts_ub,196.05285275561548
20260915_045746,C0+C0p+C3+FLOW+MTC+S11+WARM+PRE+K5+K7+FILT+MD+SEED+SEEDLS,inputs_6x6_2,midpoint,1,te_ub,225.3976017717033
20260915_045746,C0+C0p+C3+FLOW+MTC+S11+WARM+PRE+K5+K7+FILT+MD+SEED+SEEDLS,inputs_6x6_2,midpoint,1,seed_LB,1746.138189928204
20260915_045746,C0+C0p+C3+FLOW+MTC+S11+WARM+PRE+K5+K7+FILT+MD+SEED+SEEDLS,inputs_6x6_2,midpoint,1,seed_time_s,121.03138589859009
20260915_045746,C0+C0p+C3+FLOW+MTC+S11+WARM+PRE+K5+K7+FILT+MD+SEED+SEEDLS,inputs_6x6_2,midpoint,1,seed_source,localsearch
20260915_045746,C0+C0p+C3+FLOW+MTC+S11+WARM+PRE+K5+K7+FILT+MD+SEED+SEEDLS,inputs_6x6_2,midpoint,1,spcall_OPTIMAL,1
20260915_045746,C0+C0p+C3+FLOW+MTC+S11+WARM+PRE+K5+K7+FILT+MD+SEED+SEEDLS,inputs_6x6_2,midpoint,1,spcall_TIME_LIMIT_WITH_INCUMBENT,7
20260915_045746,C0+C0p+C3+FLOW+MTC+S11+WARM+PRE+K5+K7+FILT+MD+SEED+SEEDLS,inputs_6x6_2,midpoint,1,cut_singleton_infeasible,30
20260915_045746,C0+C0p+C3+FLOW+MTC+S11+WARM+PRE+K5+K7+FILT+MD+SEED+SEEDLS,inputs_6x6_2,midpoint,1,cut_cell_optimality,52
20260915_045746,C0+C0p+C3+FLOW+MTC+S11+WARM+PRE+K5+K7+FILT+MD+SEED+SEEDLS,inputs_6x6_2,midpoint,1,cut_dual_bound,6
20260915_045746,C0+C0p+C3+FLOW+MTC+S11+WARM+PRE+K5+K7+FILT+MD+SEED+SEEDLS,inputs_6x6_2,midpoint,1,singleton_cache_enabled,1
20260915_045746,C0+C0p+C3+FLOW+MTC+S11+WARM+PRE+K5+K7+FILT+MD+SEED+SEEDLS,inputs_6x6_2,midpoint,1,single_sp_requests,606
20260915_045746,C0+C0p+C3+FLOW+MTC+S11+WARM+PRE+K5+K7+FILT+MD+SEED+SEEDLS,inputs_6x6_2,midpoint,1,single_sp_solves,253
20260915_045746,C0+C0p+C3+FLOW+MTC+S11+WARM+PRE+K5+K7+FILT+MD+SEED+SEEDLS,inputs_6x6_2,midpoint,1,single_sp_cache_hits,353
20260915_045746,C0+C0p+C3+FLOW+MTC+S11+WARM+PRE+K5+K7+FILT+MD+SEED+SEEDLS,inputs_6x6_2,midpoint,1,single_sp_build_time_s,2.1742777824401855
20260915_045746,C0+C0p+C3+FLOW+MTC+S11+WARM+PRE+K5+K7+FILT+MD+SEED+SEEDLS,inputs_6x6_2,midpoint,1,single_sp_solve_time_s,2.6227705478668213
20260915_045746,C0+C0p+C3+FLOW+MTC+S11+WARM+PRE+K5+K7+FILT+MD+SEED+SEEDLS,inputs_6x6_2,midpoint,1,single_sp_time_s,4.797048330307007
20260915_045746,C0+C0p+C3+FLOW+MTC+S11+WARM+PRE+K5+K7+FILT+MD+SEED+SEEDLS,inputs_6x6_2,midpoint,1,cache_lookup_time_s,0.0019409190863370895
20260915_045746,C0+C0p+C3+FLOW+MTC+S11+WARM+PRE+K5+K7+FILT+MD+SEED+SEEDLS,inputs_6x6_2,midpoint,1,est_prevented_solve_time_s,12.80711579322815
20260915_045746,C0+C0p+C3+FLOW+MTC+S11+WARM+PRE+K5+K7+FILT+MD+SEED+SEEDLS,inputs_6x6_2,midpoint,1,single_sp_status_FEASIBLE_VERIFIED,250
20260915_045746,C0+C0p+C3+FLOW+MTC+S11+WARM+PRE+K5+K7+FILT+MD+SEED+SEEDLS,inputs_6x6_2,midpoint,1,single_sp_status_INFEASIBLE_PROVEN,3
20260915_045746,C0+C0p+C3+FLOW+MTC+S11+WARM+PRE+K5+K7+FILT+MD+SEED+SEEDLS,inputs_6x6_2,midpoint,1,single_sp_status_UNKNOWN,0
20260915_045746,C0+C0p+C3+FLOW+MTC+S11+WARM+PRE+K5+K7+FILT+MD+SEED+SEEDLS,inputs_6x6_2,midpoint,1,dup_cuts_prevented,0
20260915_045746,C0+C0p+C3+FLOW+MTC+S11+WARM+PRE+K5+K7+FILT+MD+SEED+SEEDLS,inputs_6x6_2,midpoint,1,single_sp_distinct,253
20260915_045746,C0+C0p+C3+FLOW+MTC+S11+WARM+PRE+K5+K7+FILT+MD+SEED+SEEDLS,inputs_6x6_2,midpoint,1,master_time_s,5.9711997509002686
20260915_045746,C0+C0p+C3+FLOW+MTC+S11+WARM+PRE+K5+K7+FILT+MD+SEED+SEEDLS,inputs_6x6_2,midpoint,1,sp_time_s,1667.6423816680908
20260915_045746,C0+C0p+C3+FLOW+MTC+S11+WARM+PRE+K5+K7+FILT+MD+SEED+SEEDLS,inputs_6x6_2,midpoint,1,master_time_share,0.0035678485268012244
20260915_045746,C0+C0p+C3+FLOW+MTC+S11+WARM+PRE+K5+K7+FILT+MD+SEED+SEEDLS,inputs_6x6_2,midpoint,1,sp_time_share,0.9964321514731987
20260915_045746,C0+C0p+C3+FLOW+MTC+S11+WARM+PRE+K5+K7+FILT+MD+SEED+SEEDLS,inputs_6x6_2,midpoint,1,t_to_gap_10pct,121.03760623931885
20260915_045746,C0+C0p+C3+FLOW+MTC+S11+WARM+PRE+K5+K7+FILT+MD+SEED+SEEDLS,inputs_6x6_2,midpoint,1,t_to_gap_5pct,121.03760623931885
20260915_045746,C0+C0p+C3+FLOW+MTC+S11+WARM+PRE+K5+K7+FILT+MD+SEED+SEEDLS,inputs_6x6_2,midpoint,1,t_to_gap_3pct,421.46281599998474
20260915_045746,C0+C0p+C3+FLOW+MTC+S11+WARM+PRE+K5+K7+FILT+MD+SEED+SEEDLS,inputs_6x6_2,midpoint,1,t_to_gap_1pct,
20260915_050917,C0+C0p+C3+FLOW+MTC+S11+WARM+PRE+K5+K7+FILT+MD+SEED+SEEDLS,inputs_6x6_3,midpoint,1,status,TIME_LIMIT
20260915_050917,C0+C0p+C3+FLOW+MTC+S11+WARM+PRE+K5+K7+FILT+MD+SEED+SEEDLS,inputs_6x6_3,midpoint,1,LB,1765.6886246742454
20260915_050917,C0+C0p+C3+FLOW+MTC+S11+WARM+PRE+K5+K7+FILT+MD+SEED+SEEDLS,inputs_6x6_3,midpoint,1,UB,1789.2277416518125
20260915_050917,C0+C0p+C3+FLOW+MTC+S11+WARM+PRE+K5+K7+FILT+MD+SEED+SEEDLS,inputs_6x6_3,midpoint,1,gap,0.01315602057222511
20260915_050917,C0+C0p+C3+FLOW+MTC+S11+WARM+PRE+K5+K7+FILT+MD+SEED+SEEDLS,inputs_6x6_3,midpoint,1,iterations,7
20260915_050917,C0+C0p+C3+FLOW+MTC+S11+WARM+PRE+K5+K7+FILT+MD+SEED+SEEDLS,inputs_6x6_3,midpoint,1,runtime_s,1800.0626401901245
20260915_050917,C0+C0p+C3+FLOW+MTC+S11+WARM+PRE+K5+K7+FILT+MD+SEED+SEEDLS,inputs_6x6_3,midpoint,1,wall_s,1800.066470861435
20260915_050917,C0+C0p+C3+FLOW+MTC+S11+WARM+PRE+K5+K7+FILT+MD+SEED+SEEDLS,inputs_6x6_3,midpoint,1,n_sp_calls,8
20260915_050917,C0+C0p+C3+FLOW+MTC+S11+WARM+PRE+K5+K7+FILT+MD+SEED+SEEDLS,inputs_6x6_3,midpoint,1,incumbent_value,1765.6886246742454
20260915_050917,C0+C0p+C3+FLOW+MTC+S11+WARM+PRE+K5+K7+FILT+MD+SEED+SEEDLS,inputs_6x6_3,midpoint,1,certified,0
20260915_050917,C0+C0p+C3+FLOW+MTC+S11+WARM+PRE+K5+K7+FILT+MD+SEED+SEEDLS,inputs_6x6_3,midpoint,1,n_Nf,31
20260915_050917,C0+C0p+C3+FLOW+MTC+S11+WARM+PRE+K5+K7+FILT+MD+SEED+SEEDLS,inputs_6x6_3,midpoint,1,n_K,225
20260915_050917,C0+C0p+C3+FLOW+MTC+S11+WARM+PRE+K5+K7+FILT+MD+SEED+SEEDLS,inputs_6x6_3,midpoint,1,sp_engine,strong_resource
20260915_050917,C0+C0p+C3+FLOW+MTC+S11+WARM+PRE+K5+K7+FILT+MD+SEED+SEEDLS,inputs_6x6_3,midpoint,1,sp_mip_gap,0.0
20260915_050917,C0+C0p+C3+FLOW+MTC+S11+WARM+PRE+K5+K7+FILT+MD+SEED+SEEDLS,inputs_6x6_3,midpoint,1,sp_tighten,0
20260915_050917,C0+C0p+C3+FLOW+MTC+S11+WARM+PRE+K5+K7+FILT+MD+SEED+SEEDLS,inputs_6x6_3,midpoint,1,sp_tight_gap,0.0
20260915_050917,C0+C0p+C3+FLOW+MTC+S11+WARM+PRE+K5+K7+FILT+MD+SEED+SEEDLS,inputs_6x6_3,midpoint,1,seed_localsearch,1
20260915_050917,C0+C0p+C3+FLOW+MTC+S11+WARM+PRE+K5+K7+FILT+MD+SEED+SEEDLS,inputs_6x6_3,midpoint,1,seed_budget_s,120.0
20260915_050917,C0+C0p+C3+FLOW+MTC+S11+WARM+PRE+K5+K7+FILT+MD+SEED+SEEDLS,inputs_6x6_3,midpoint,1,bigm_threshold,18
20260915_050917,C0+C0p+C3+FLOW+MTC+S11+WARM+PRE+K5+K7+FILT+MD+SEED+SEEDLS,inputs_6x6_3,midpoint,1,bigm_margin,1.0
20260915_050917,C0+C0p+C3+FLOW+MTC+S11+WARM+PRE+K5+K7+FILT+MD+SEED+SEEDLS,inputs_6x6_3,midpoint,1,bigm_method,global_sum
20260915_050917,C0+C0p+C3+FLOW+MTC+S11+WARM+PRE+K5+K7+FILT+MD+SEED+SEEDLS,inputs_6x6_3,midpoint,1,bigm_nodes_in_dp,0
20260915_050917,C0+C0p+C3+FLOW+MTC+S11+WARM+PRE+K5+K7+FILT+MD+SEED+SEEDLS,inputs_6x6_3,midpoint,1,bigm_dp_completed,False
20260915_050917,C0+C0p+C3+FLOW+MTC+S11+WARM+PRE+K5+K7+FILT+MD+SEED+SEEDLS,inputs_6x6_3,midpoint,1,M_d,240.24905595624531
20260915_050917,C0+C0p+C3+FLOW+MTC+S11+WARM+PRE+K5+K7+FILT+MD+SEED+SEEDLS,inputs_6x6_3,midpoint,1,ts_ub,195.90430694015748
20260915_050917,C0+C0p+C3+FLOW+MTC+S11+WARM+PRE+K5+K7+FILT+MD+SEED+SEEDLS,inputs_6x6_3,midpoint,1,te_ub,225.24905595624531
20260915_050917,C0+C0p+C3+FLOW+MTC+S11+WARM+PRE+K5+K7+FILT+MD+SEED+SEEDLS,inputs_6x6_3,midpoint,1,seed_LB,1763.8527337382138
20260915_050917,C0+C0p+C3+FLOW+MTC+S11+WARM+PRE+K5+K7+FILT+MD+SEED+SEEDLS,inputs_6x6_3,midpoint,1,seed_time_s,120.03670191764832
20260915_050917,C0+C0p+C3+FLOW+MTC+S11+WARM+PRE+K5+K7+FILT+MD+SEED+SEEDLS,inputs_6x6_3,midpoint,1,seed_source,containment
20260915_050917,C0+C0p+C3+FLOW+MTC+S11+WARM+PRE+K5+K7+FILT+MD+SEED+SEEDLS,inputs_6x6_3,midpoint,1,spcall_OPTIMAL,1
20260915_050917,C0+C0p+C3+FLOW+MTC+S11+WARM+PRE+K5+K7+FILT+MD+SEED+SEEDLS,inputs_6x6_3,midpoint,1,spcall_TIME_LIMIT_WITH_INCUMBENT,7
20260915_050917,C0+C0p+C3+FLOW+MTC+S11+WARM+PRE+K5+K7+FILT+MD+SEED+SEEDLS,inputs_6x6_3,midpoint,1,cut_singleton_infeasible,2
20260915_050917,C0+C0p+C3+FLOW+MTC+S11+WARM+PRE+K5+K7+FILT+MD+SEED+SEEDLS,inputs_6x6_3,midpoint,1,cut_cell_optimality,26
20260915_050917,C0+C0p+C3+FLOW+MTC+S11+WARM+PRE+K5+K7+FILT+MD+SEED+SEEDLS,inputs_6x6_3,midpoint,1,cut_dual_bound,6
20260915_050917,C0+C0p+C3+FLOW+MTC+S11+WARM+PRE+K5+K7+FILT+MD+SEED+SEEDLS,inputs_6x6_3,midpoint,1,singleton_cache_enabled,1
20260915_050917,C0+C0p+C3+FLOW+MTC+S11+WARM+PRE+K5+K7+FILT+MD+SEED+SEEDLS,inputs_6x6_3,midpoint,1,single_sp_requests,57
20260915_050917,C0+C0p+C3+FLOW+MTC+S11+WARM+PRE+K5+K7+FILT+MD+SEED+SEEDLS,inputs_6x6_3,midpoint,1,single_sp_solves,27
20260915_050917,C0+C0p+C3+FLOW+MTC+S11+WARM+PRE+K5+K7+FILT+MD+SEED+SEEDLS,inputs_6x6_3,midpoint,1,single_sp_cache_hits,30
20260915_050917,C0+C0p+C3+FLOW+MTC+S11+WARM+PRE+K5+K7+FILT+MD+SEED+SEEDLS,inputs_6x6_3,midpoint,1,single_sp_build_time_s,0.24067282676696777
20260915_050917,C0+C0p+C3+FLOW+MTC+S11+WARM+PRE+K5+K7+FILT+MD+SEED+SEEDLS,inputs_6x6_3,midpoint,1,single_sp_solve_time_s,0.5627005100250244
20260915_050917,C0+C0p+C3+FLOW+MTC+S11+WARM+PRE+K5+K7+FILT+MD+SEED+SEEDLS,inputs_6x6_3,midpoint,1,single_sp_time_s,0.8033733367919922
20260915_050917,C0+C0p+C3+FLOW+MTC+S11+WARM+PRE+K5+K7+FILT+MD+SEED+SEEDLS,inputs_6x6_3,midpoint,1,cache_lookup_time_s,0.00022010691463947296
20260915_050917,C0+C0p+C3+FLOW+MTC+S11+WARM+PRE+K5+K7+FILT+MD+SEED+SEEDLS,inputs_6x6_3,midpoint,1,est_prevented_solve_time_s,1.8862533569335938
20260915_050917,C0+C0p+C3+FLOW+MTC+S11+WARM+PRE+K5+K7+FILT+MD+SEED+SEEDLS,inputs_6x6_3,midpoint,1,single_sp_status_FEASIBLE_VERIFIED,25
20260915_050917,C0+C0p+C3+FLOW+MTC+S11+WARM+PRE+K5+K7+FILT+MD+SEED+SEEDLS,inputs_6x6_3,midpoint,1,single_sp_status_INFEASIBLE_PROVEN,2
20260915_050917,C0+C0p+C3+FLOW+MTC+S11+WARM+PRE+K5+K7+FILT+MD+SEED+SEEDLS,inputs_6x6_3,midpoint,1,single_sp_status_UNKNOWN,0
20260915_050917,C0+C0p+C3+FLOW+MTC+S11+WARM+PRE+K5+K7+FILT+MD+SEED+SEEDLS,inputs_6x6_3,midpoint,1,dup_cuts_prevented,0
20260915_050917,C0+C0p+C3+FLOW+MTC+S11+WARM+PRE+K5+K7+FILT+MD+SEED+SEEDLS,inputs_6x6_3,midpoint,1,single_sp_distinct,27
20260915_050917,C0+C0p+C3+FLOW+MTC+S11+WARM+PRE+K5+K7+FILT+MD+SEED+SEEDLS,inputs_6x6_3,midpoint,1,master_time_s,0.4335479736328125
20260915_050917,C0+C0p+C3+FLOW+MTC+S11+WARM+PRE+K5+K7+FILT+MD+SEED+SEEDLS,inputs_6x6_3,midpoint,1,sp_time_s,1678.4093952178955
20260915_050917,C0+C0p+C3+FLOW+MTC+S11+WARM+PRE+K5+K7+FILT+MD+SEED+SEEDLS,inputs_6x6_3,midpoint,1,master_time_share,0.0002582421276457376
20260915_050917,C0+C0p+C3+FLOW+MTC+S11+WARM+PRE+K5+K7+FILT+MD+SEED+SEEDLS,inputs_6x6_3,midpoint,1,sp_time_share,0.9997417578723543
20260915_050917,C0+C0p+C3+FLOW+MTC+S11+WARM+PRE+K5+K7+FILT+MD+SEED+SEEDLS,inputs_6x6_3,midpoint,1,t_to_gap_10pct,120.04248690605164
20260915_050917,C0+C0p+C3+FLOW+MTC+S11+WARM+PRE+K5+K7+FILT+MD+SEED+SEEDLS,inputs_6x6_3,midpoint,1,t_to_gap_5pct,120.04248690605164
20260915_050917,C0+C0p+C3+FLOW+MTC+S11+WARM+PRE+K5+K7+FILT+MD+SEED+SEEDLS,inputs_6x6_3,midpoint,1,t_to_gap_3pct,720.8379230499268
20260915_050917,C0+C0p+C3+FLOW+MTC+S11+WARM+PRE+K5+K7+FILT+MD+SEED+SEEDLS,inputs_6x6_3,midpoint,1,t_to_gap_1pct,
20260915_051701,C0+C0p+C3+FLOW+MTC+S11+WARM+PRE+K5+K7+FILT+MD+SEED+SEEDLS,inputs_6x6_5,midpoint,1,status,INCONCLUSIVE
20260915_051701,C0+C0p+C3+FLOW+MTC+S11+WARM+PRE+K5+K7+FILT+MD+SEED+SEEDLS,inputs_6x6_5,midpoint,1,LB,1612.4499057863432
20260915_051701,C0+C0p+C3+FLOW+MTC+S11+WARM+PRE+K5+K7+FILT+MD+SEED+SEEDLS,inputs_6x6_5,midpoint,1,UB,1722.88755201162
20260915_051701,C0+C0p+C3+FLOW+MTC+S11+WARM+PRE+K5+K7+FILT+MD+SEED+SEEDLS,inputs_6x6_5,midpoint,1,gap,0.06410032163522884
20260915_051701,C0+C0p+C3+FLOW+MTC+S11+WARM+PRE+K5+K7+FILT+MD+SEED+SEEDLS,inputs_6x6_5,midpoint,1,iterations,44
20260915_051701,C0+C0p+C3+FLOW+MTC+S11+WARM+PRE+K5+K7+FILT+MD+SEED+SEEDLS,inputs_6x6_5,midpoint,1,runtime_s,1800.1529247760773
20260915_051701,C0+C0p+C3+FLOW+MTC+S11+WARM+PRE+K5+K7+FILT+MD+SEED+SEEDLS,inputs_6x6_5,midpoint,1,wall_s,1800.1562736034393
20260915_051701,C0+C0p+C3+FLOW+MTC+S11+WARM+PRE+K5+K7+FILT+MD+SEED+SEEDLS,inputs_6x6_5,midpoint,1,n_sp_calls,16
20260915_051701,C0+C0p+C3+FLOW+MTC+S11+WARM+PRE+K5+K7+FILT+MD+SEED+SEEDLS,inputs_6x6_5,midpoint,1,incumbent_value,1612.4499057863432
20260915_051701,C0+C0p+C3+FLOW+MTC+S11+WARM+PRE+K5+K7+FILT+MD+SEED+SEEDLS,inputs_6x6_5,midpoint,1,certified,0
20260915_051701,C0+C0p+C3+FLOW+MTC+S11+WARM+PRE+K5+K7+FILT+MD+SEED+SEEDLS,inputs_6x6_5,midpoint,1,n_Nf,32
20260915_051701,C0+C0p+C3+FLOW+MTC+S11+WARM+PRE+K5+K7+FILT+MD+SEED+SEEDLS,inputs_6x6_5,midpoint,1,n_K,380
20260915_051701,C0+C0p+C3+FLOW+MTC+S11+WARM+PRE+K5+K7+FILT+MD+SEED+SEEDLS,inputs_6x6_5,midpoint,1,sp_engine,strong_resource
20260915_051701,C0+C0p+C3+FLOW+MTC+S11+WARM+PRE+K5+K7+FILT+MD+SEED+SEEDLS,inputs_6x6_5,midpoint,1,sp_mip_gap,0.0
20260915_051701,C0+C0p+C3+FLOW+MTC+S11+WARM+PRE+K5+K7+FILT+MD+SEED+SEEDLS,inputs_6x6_5,midpoint,1,sp_tighten,0
20260915_051701,C0+C0p+C3+FLOW+MTC+S11+WARM+PRE+K5+K7+FILT+MD+SEED+SEEDLS,inputs_6x6_5,midpoint,1,sp_tight_gap,0.0
20260915_051701,C0+C0p+C3+FLOW+MTC+S11+WARM+PRE+K5+K7+FILT+MD+SEED+SEEDLS,inputs_6x6_5,midpoint,1,seed_localsearch,1
20260915_051701,C0+C0p+C3+FLOW+MTC+S11+WARM+PRE+K5+K7+FILT+MD+SEED+SEEDLS,inputs_6x6_5,midpoint,1,seed_budget_s,120.0
20260915_051701,C0+C0p+C3+FLOW+MTC+S11+WARM+PRE+K5+K7+FILT+MD+SEED+SEEDLS,inputs_6x6_5,midpoint,1,bigm_threshold,18
20260915_051701,C0+C0p+C3+FLOW+MTC+S11+WARM+PRE+K5+K7+FILT+MD+SEED+SEEDLS,inputs_6x6_5,midpoint,1,bigm_margin,1.0
20260915_051701,C0+C0p+C3+FLOW+MTC+S11+WARM+PRE+K5+K7+FILT+MD+SEED+SEEDLS,inputs_6x6_5,midpoint,1,bigm_method,global_sum
20260915_051701,C0+C0p+C3+FLOW+MTC+S11+WARM+PRE+K5+K7+FILT+MD+SEED+SEEDLS,inputs_6x6_5,midpoint,1,bigm_nodes_in_dp,0
20260915_051701,C0+C0p+C3+FLOW+MTC+S11+WARM+PRE+K5+K7+FILT+MD+SEED+SEEDLS,inputs_6x6_5,midpoint,1,bigm_dp_completed,False
20260915_051701,C0+C0p+C3+FLOW+MTC+S11+WARM+PRE+K5+K7+FILT+MD+SEED+SEEDLS,inputs_6x6_5,midpoint,1,M_d,248.80657179055044
20260915_051701,C0+C0p+C3+FLOW+MTC+S11+WARM+PRE+K5+K7+FILT+MD+SEED+SEEDLS,inputs_6x6_5,midpoint,1,ts_ub,204.4618227744626
20260915_051701,C0+C0p+C3+FLOW+MTC+S11+WARM+PRE+K5+K7+FILT+MD+SEED+SEEDLS,inputs_6x6_5,midpoint,1,te_ub,233.80657179055044
20260915_051701,C0+C0p+C3+FLOW+MTC+S11+WARM+PRE+K5+K7+FILT+MD+SEED+SEEDLS,inputs_6x6_5,midpoint,1,seed_LB,1612.4499057863432
20260915_051701,C0+C0p+C3+FLOW+MTC+S11+WARM+PRE+K5+K7+FILT+MD+SEED+SEEDLS,inputs_6x6_5,midpoint,1,seed_time_s,120.1011848449707
20260915_051701,C0+C0p+C3+FLOW+MTC+S11+WARM+PRE+K5+K7+FILT+MD+SEED+SEEDLS,inputs_6x6_5,midpoint,1,seed_source,containment
20260915_051701,C0+C0p+C3+FLOW+MTC+S11+WARM+PRE+K5+K7+FILT+MD+SEED+SEEDLS,inputs_6x6_5,midpoint,1,spcall_OPTIMAL,1
20260915_051701,C0+C0p+C3+FLOW+MTC+S11+WARM+PRE+K5+K7+FILT+MD+SEED+SEEDLS,inputs_6x6_5,midpoint,1,spcall_INFEASIBLE_PROVEN,13
20260915_051701,C0+C0p+C3+FLOW+MTC+S11+WARM+PRE+K5+K7+FILT+MD+SEED+SEEDLS,inputs_6x6_5,midpoint,1,spcall_TIME_LIMIT_WITH_INCUMBENT,1
20260915_051701,C0+C0p+C3+FLOW+MTC+S11+WARM+PRE+K5+K7+FILT+MD+SEED+SEEDLS,inputs_6x6_5,midpoint,1,spcall_TIME_LIMIT_NO_INCUMBENT,1
20260915_051701,C0+C0p+C3+FLOW+MTC+S11+WARM+PRE+K5+K7+FILT+MD+SEED+SEEDLS,inputs_6x6_5,midpoint,1,cut_singleton_infeasible,30
20260915_051701,C0+C0p+C3+FLOW+MTC+S11+WARM+PRE+K5+K7+FILT+MD+SEED+SEEDLS,inputs_6x6_5,midpoint,1,cut_cell_optimality,161
20260915_051701,C0+C0p+C3+FLOW+MTC+S11+WARM+PRE+K5+K7+FILT+MD+SEED+SEEDLS,inputs_6x6_5,midpoint,1,cut_conflict_infeasible,13
20260915_051701,C0+C0p+C3+FLOW+MTC+S11+WARM+PRE+K5+K7+FILT+MD+SEED+SEEDLS,inputs_6x6_5,midpoint,1,singleton_cache_enabled,1
20260915_051701,C0+C0p+C3+FLOW+MTC+S11+WARM+PRE+K5+K7+FILT+MD+SEED+SEEDLS,inputs_6x6_5,midpoint,1,single_sp_requests,988
20260915_051701,C0+C0p+C3+FLOW+MTC+S11+WARM+PRE+K5+K7+FILT+MD+SEED+SEEDLS,inputs_6x6_5,midpoint,1,single_sp_solves,184
20260915_051701,C0+C0p+C3+FLOW+MTC+S11+WARM+PRE+K5+K7+FILT+MD+SEED+SEEDLS,inputs_6x6_5,midpoint,1,single_sp_cache_hits,804
20260915_051701,C0+C0p+C3+FLOW+MTC+S11+WARM+PRE+K5+K7+FILT+MD+SEED+SEEDLS,inputs_6x6_5,midpoint,1,single_sp_build_time_s,2.7376255989074707
20260915_051701,C0+C0p+C3+FLOW+MTC+S11+WARM+PRE+K5+K7+FILT+MD+SEED+SEEDLS,inputs_6x6_5,midpoint,1,single_sp_solve_time_s,3.744572639465332
20260915_051701,C0+C0p+C3+FLOW+MTC+S11+WARM+PRE+K5+K7+FILT+MD+SEED+SEEDLS,inputs_6x6_5,midpoint,1,single_sp_time_s,6.482198238372803
20260915_051701,C0+C0p+C3+FLOW+MTC+S11+WARM+PRE+K5+K7+FILT+MD+SEED+SEEDLS,inputs_6x6_5,midpoint,1,cache_lookup_time_s,0.0024970127269625664
20260915_051701,C0+C0p+C3+FLOW+MTC+S11+WARM+PRE+K5+K7+FILT+MD+SEED+SEEDLS,inputs_6x6_5,midpoint,1,est_prevented_solve_time_s,66.0832142829895
20260915_051701,C0+C0p+C3+FLOW+MTC+S11+WARM+PRE+K5+K7+FILT+MD+SEED+SEEDLS,inputs_6x6_5,midpoint,1,single_sp_status_FEASIBLE_VERIFIED,183
20260915_051701,C0+C0p+C3+FLOW+MTC+S11+WARM+PRE+K5+K7+FILT+MD+SEED+SEEDLS,inputs_6x6_5,midpoint,1,single_sp_status_INFEASIBLE_PROVEN,1
20260915_051701,C0+C0p+C3+FLOW+MTC+S11+WARM+PRE+K5+K7+FILT+MD+SEED+SEEDLS,inputs_6x6_5,midpoint,1,single_sp_status_UNKNOWN,0
20260915_051701,C0+C0p+C3+FLOW+MTC+S11+WARM+PRE+K5+K7+FILT+MD+SEED+SEEDLS,inputs_6x6_5,midpoint,1,dup_cuts_prevented,0
20260915_051701,C0+C0p+C3+FLOW+MTC+S11+WARM+PRE+K5+K7+FILT+MD+SEED+SEEDLS,inputs_6x6_5,midpoint,1,single_sp_distinct,184
20260915_051701,C0+C0p+C3+FLOW+MTC+S11+WARM+PRE+K5+K7+FILT+MD+SEED+SEEDLS,inputs_6x6_5,midpoint,1,master_time_s,6.232156753540039
20260915_051701,C0+C0p+C3+FLOW+MTC+S11+WARM+PRE+K5+K7+FILT+MD+SEED+SEEDLS,inputs_6x6_5,midpoint,1,sp_time_s,881.0360586643219
20260915_051701,C0+C0p+C3+FLOW+MTC+S11+WARM+PRE+K5+K7+FILT+MD+SEED+SEEDLS,inputs_6x6_5,midpoint,1,master_time_share,0.0070239828782832974
20260915_051701,C0+C0p+C3+FLOW+MTC+S11+WARM+PRE+K5+K7+FILT+MD+SEED+SEEDLS,inputs_6x6_5,midpoint,1,sp_time_share,0.9929760171217167
20260915_051701,C0+C0p+C3+FLOW+MTC+S11+WARM+PRE+K5+K7+FILT+MD+SEED+SEEDLS,inputs_6x6_5,midpoint,1,t_to_gap_10pct,184.0085129737854
20260915_051701,C0+C0p+C3+FLOW+MTC+S11+WARM+PRE+K5+K7+FILT+MD+SEED+SEEDLS,inputs_6x6_5,midpoint,1,t_to_gap_5pct,
20260915_051701,C0+C0p+C3+FLOW+MTC+S11+WARM+PRE+K5+K7+FILT+MD+SEED+SEEDLS,inputs_6x6_5,midpoint,1,t_to_gap_3pct,
20260915_051701,C0+C0p+C3+FLOW+MTC+S11+WARM+PRE+K5+K7+FILT+MD+SEED+SEEDLS,inputs_6x6_5,midpoint,1,t_to_gap_1pct,
20260915_051754,C0+C0p+C3+FLOW+MTC+S11+WARM+PRE+K5+K7+FILT+MD+SEED+SEEDLS,inputs_7x7,midpoint,1,status,INCONCLUSIVE
20260915_051754,C0+C0p+C3+FLOW+MTC+S11+WARM+PRE+K5+K7+FILT+MD+SEED+SEEDLS,inputs_7x7,midpoint,1,LB,2547.97051542253
20260915_051754,C0+C0p+C3+FLOW+MTC+S11+WARM+PRE+K5+K7+FILT+MD+SEED+SEEDLS,inputs_7x7,midpoint,1,UB,2641.834923608353
20260915_051754,C0+C0p+C3+FLOW+MTC+S11+WARM+PRE+K5+K7+FILT+MD+SEED+SEEDLS,inputs_7x7,midpoint,1,gap,0.03553000505331291
20260915_051754,C0+C0p+C3+FLOW+MTC+S11+WARM+PRE+K5+K7+FILT+MD+SEED+SEEDLS,inputs_7x7,midpoint,1,iterations,6
20260915_051754,C0+C0p+C3+FLOW+MTC+S11+WARM+PRE+K5+K7+FILT+MD+SEED+SEEDLS,inputs_7x7,midpoint,1,runtime_s,1800.3438649177551
20260915_051754,C0+C0p+C3+FLOW+MTC+S11+WARM+PRE+K5+K7+FILT+MD+SEED+SEEDLS,inputs_7x7,midpoint,1,wall_s,1800.3486251831055
20260915_051754,C0+C0p+C3+FLOW+MTC+S11+WARM+PRE+K5+K7+FILT+MD+SEED+SEEDLS,inputs_7x7,midpoint,1,n_sp_calls,8
20260915_051754,C0+C0p+C3+FLOW+MTC+S11+WARM+PRE+K5+K7+FILT+MD+SEED+SEEDLS,inputs_7x7,midpoint,1,incumbent_value,2547.97051542253
20260915_051754,C0+C0p+C3+FLOW+MTC+S11+WARM+PRE+K5+K7+FILT+MD+SEED+SEEDLS,inputs_7x7,midpoint,1,certified,0
20260915_051754,C0+C0p+C3+FLOW+MTC+S11+WARM+PRE+K5+K7+FILT+MD+SEED+SEEDLS,inputs_7x7,midpoint,1,n_Nf,44
20260915_051754,C0+C0p+C3+FLOW+MTC+S11+WARM+PRE+K5+K7+FILT+MD+SEED+SEEDLS,inputs_7x7,midpoint,1,n_K,375
20260915_051754,C0+C0p+C3+FLOW+MTC+S11+WARM+PRE+K5+K7+FILT+MD+SEED+SEEDLS,inputs_7x7,midpoint,1,sp_engine,strong_resource
20260915_051754,C0+C0p+C3+FLOW+MTC+S11+WARM+PRE+K5+K7+FILT+MD+SEED+SEEDLS,inputs_7x7,midpoint,1,sp_mip_gap,0.0
20260915_051754,C0+C0p+C3+FLOW+MTC+S11+WARM+PRE+K5+K7+FILT+MD+SEED+SEEDLS,inputs_7x7,midpoint,1,sp_tighten,0
20260915_051754,C0+C0p+C3+FLOW+MTC+S11+WARM+PRE+K5+K7+FILT+MD+SEED+SEEDLS,inputs_7x7,midpoint,1,sp_tight_gap,0.0
20260915_051754,C0+C0p+C3+FLOW+MTC+S11+WARM+PRE+K5+K7+FILT+MD+SEED+SEEDLS,inputs_7x7,midpoint,1,seed_localsearch,1
20260915_051754,C0+C0p+C3+FLOW+MTC+S11+WARM+PRE+K5+K7+FILT+MD+SEED+SEEDLS,inputs_7x7,midpoint,1,seed_budget_s,120.0
20260915_051754,C0+C0p+C3+FLOW+MTC+S11+WARM+PRE+K5+K7+FILT+MD+SEED+SEEDLS,inputs_7x7,midpoint,1,bigm_threshold,18
20260915_051754,C0+C0p+C3+FLOW+MTC+S11+WARM+PRE+K5+K7+FILT+MD+SEED+SEEDLS,inputs_7x7,midpoint,1,bigm_margin,1.0
20260915_051754,C0+C0p+C3+FLOW+MTC+S11+WARM+PRE+K5+K7+FILT+MD+SEED+SEEDLS,inputs_7x7,midpoint,1,bigm_method,global_sum
20260915_051754,C0+C0p+C3+FLOW+MTC+S11+WARM+PRE+K5+K7+FILT+MD+SEED+SEEDLS,inputs_7x7,midpoint,1,bigm_nodes_in_dp,0
20260915_051754,C0+C0p+C3+FLOW+MTC+S11+WARM+PRE+K5+K7+FILT+MD+SEED+SEEDLS,inputs_7x7,midpoint,1,bigm_dp_completed,False
20260915_051754,C0+C0p+C3+FLOW+MTC+S11+WARM+PRE+K5+K7+FILT+MD+SEED+SEEDLS,inputs_7x7,midpoint,1,M_d,375.15544965089066
20260915_051754,C0+C0p+C3+FLOW+MTC+S11+WARM+PRE+K5+K7+FILT+MD+SEED+SEEDLS,inputs_7x7,midpoint,1,ts_ub,329.30649698408683
20260915_051754,C0+C0p+C3+FLOW+MTC+S11+WARM+PRE+K5+K7+FILT+MD+SEED+SEEDLS,inputs_7x7,midpoint,1,te_ub,358.15544965089066
20260915_051754,C0+C0p+C3+FLOW+MTC+S11+WARM+PRE+K5+K7+FILT+MD+SEED+SEEDLS,inputs_7x7,midpoint,1,seed_LB,2547.97051542253
20260915_051754,C0+C0p+C3+FLOW+MTC+S11+WARM+PRE+K5+K7+FILT+MD+SEED+SEEDLS,inputs_7x7,midpoint,1,seed_time_s,120.1017279624939
20260915_051754,C0+C0p+C3+FLOW+MTC+S11+WARM+PRE+K5+K7+FILT+MD+SEED+SEEDLS,inputs_7x7,midpoint,1,seed_source,containment
20260915_051754,C0+C0p+C3+FLOW+MTC+S11+WARM+PRE+K5+K7+FILT+MD+SEED+SEEDLS,inputs_7x7,midpoint,1,spcall_OPTIMAL,1
20260915_051754,C0+C0p+C3+FLOW+MTC+S11+WARM+PRE+K5+K7+FILT+MD+SEED+SEEDLS,inputs_7x7,midpoint,1,spcall_TIME_LIMIT_WITH_INCUMBENT,3
20260915_051754,C0+C0p+C3+FLOW+MTC+S11+WARM+PRE+K5+K7+FILT+MD+SEED+SEEDLS,inputs_7x7,midpoint,1,spcall_TIME_LIMIT_NO_INCUMBENT,4
20260915_051754,C0+C0p+C3+FLOW+MTC+S11+WARM+PRE+K5+K7+FILT+MD+SEED+SEEDLS,inputs_7x7,midpoint,1,cut_cell_optimality,119
20260915_051754,C0+C0p+C3+FLOW+MTC+S11+WARM+PRE+K5+K7+FILT+MD+SEED+SEEDLS,inputs_7x7,midpoint,1,cut_dual_bound,2
20260915_051754,C0+C0p+C3+FLOW+MTC+S11+WARM+PRE+K5+K7+FILT+MD+SEED+SEEDLS,inputs_7x7,midpoint,1,singleton_cache_enabled,1
20260915_051754,C0+C0p+C3+FLOW+MTC+S11+WARM+PRE+K5+K7+FILT+MD+SEED+SEEDLS,inputs_7x7,midpoint,1,single_sp_requests,150
20260915_051754,C0+C0p+C3+FLOW+MTC+S11+WARM+PRE+K5+K7+FILT+MD+SEED+SEEDLS,inputs_7x7,midpoint,1,single_sp_solves,110
20260915_051754,C0+C0p+C3+FLOW+MTC+S11+WARM+PRE+K5+K7+FILT+MD+SEED+SEEDLS,inputs_7x7,midpoint,1,single_sp_cache_hits,40
20260915_051754,C0+C0p+C3+FLOW+MTC+S11+WARM+PRE+K5+K7+FILT+MD+SEED+SEEDLS,inputs_7x7,midpoint,1,single_sp_build_time_s,1.655552864074707
20260915_051754,C0+C0p+C3+FLOW+MTC+S11+WARM+PRE+K5+K7+FILT+MD+SEED+SEEDLS,inputs_7x7,midpoint,1,single_sp_solve_time_s,2.261564254760742
20260915_051754,C0+C0p+C3+FLOW+MTC+S11+WARM+PRE+K5+K7+FILT+MD+SEED+SEEDLS,inputs_7x7,midpoint,1,single_sp_time_s,3.917117118835449
20260915_051754,C0+C0p+C3+FLOW+MTC+S11+WARM+PRE+K5+K7+FILT+MD+SEED+SEEDLS,inputs_7x7,midpoint,1,cache_lookup_time_s,0.0008013658225536346
20260915_051754,C0+C0p+C3+FLOW+MTC+S11+WARM+PRE+K5+K7+FILT+MD+SEED+SEEDLS,inputs_7x7,midpoint,1,est_prevented_solve_time_s,3.4296762943267822
20260915_051754,C0+C0p+C3+FLOW+MTC+S11+WARM+PRE+K5+K7+FILT+MD+SEED+SEEDLS,inputs_7x7,midpoint,1,single_sp_status_FEASIBLE_VERIFIED,110
20260915_051754,C0+C0p+C3+FLOW+MTC+S11+WARM+PRE+K5+K7+FILT+MD+SEED+SEEDLS,inputs_7x7,midpoint,1,single_sp_status_INFEASIBLE_PROVEN,0
20260915_051754,C0+C0p+C3+FLOW+MTC+S11+WARM+PRE+K5+K7+FILT+MD+SEED+SEEDLS,inputs_7x7,midpoint,1,single_sp_status_UNKNOWN,0
20260915_051754,C0+C0p+C3+FLOW+MTC+S11+WARM+PRE+K5+K7+FILT+MD+SEED+SEEDLS,inputs_7x7,midpoint,1,dup_cuts_prevented,0
20260915_051754,C0+C0p+C3+FLOW+MTC+S11+WARM+PRE+K5+K7+FILT+MD+SEED+SEEDLS,inputs_7x7,midpoint,1,single_sp_distinct,110
20260915_051754,C0+C0p+C3+FLOW+MTC+S11+WARM+PRE+K5+K7+FILT+MD+SEED+SEEDLS,inputs_7x7,midpoint,1,master_time_s,4.068368911743164
20260915_051754,C0+C0p+C3+FLOW+MTC+S11+WARM+PRE+K5+K7+FILT+MD+SEED+SEEDLS,inputs_7x7,midpoint,1,sp_time_s,1670.6241869926453
20260915_051754,C0+C0p+C3+FLOW+MTC+S11+WARM+PRE+K5+K7+FILT+MD+SEED+SEEDLS,inputs_7x7,midpoint,1,master_time_share,0.0024293228613213205
20260915_051754,C0+C0p+C3+FLOW+MTC+S11+WARM+PRE+K5+K7+FILT+MD+SEED+SEEDLS,inputs_7x7,midpoint,1,sp_time_share,0.9975706771386786
20260915_051754,C0+C0p+C3+FLOW+MTC+S11+WARM+PRE+K5+K7+FILT+MD+SEED+SEEDLS,inputs_7x7,midpoint,1,t_to_gap_10pct,421.24262976646423
20260915_051754,C0+C0p+C3+FLOW+MTC+S11+WARM+PRE+K5+K7+FILT+MD+SEED+SEEDLS,inputs_7x7,midpoint,1,t_to_gap_5pct,721.9847369194031
20260915_051754,C0+C0p+C3+FLOW+MTC+S11+WARM+PRE+K5+K7+FILT+MD+SEED+SEEDLS,inputs_7x7,midpoint,1,t_to_gap_3pct,
20260915_051754,C0+C0p+C3+FLOW+MTC+S11+WARM+PRE+K5+K7+FILT+MD+SEED+SEEDLS,inputs_7x7,midpoint,1,t_to_gap_1pct,
20260915_052343,C0+C0p+C3+FLOW+MTC+S11+WARM+PRE+K5+K7+FILT+MD+SEED+SEEDLS,inputs_8x8,midpoint,1,status,TIME_LIMIT
20260915_052343,C0+C0p+C3+FLOW+MTC+S11+WARM+PRE+K5+K7+FILT+MD+SEED+SEEDLS,inputs_8x8,midpoint,1,LB,2990.9552829976665
20260915_052343,C0+C0p+C3+FLOW+MTC+S11+WARM+PRE+K5+K7+FILT+MD+SEED+SEEDLS,inputs_8x8,midpoint,1,UB,3050.6420245467343
20260915_052343,C0+C0p+C3+FLOW+MTC+S11+WARM+PRE+K5+K7+FILT+MD+SEED+SEEDLS,inputs_8x8,midpoint,1,gap,0.019565304964923286
20260915_052343,C0+C0p+C3+FLOW+MTC+S11+WARM+PRE+K5+K7+FILT+MD+SEED+SEEDLS,inputs_8x8,midpoint,1,iterations,6
20260915_052343,C0+C0p+C3+FLOW+MTC+S11+WARM+PRE+K5+K7+FILT+MD+SEED+SEEDLS,inputs_8x8,midpoint,1,runtime_s,1800.5653095245361
20260915_052343,C0+C0p+C3+FLOW+MTC+S11+WARM+PRE+K5+K7+FILT+MD+SEED+SEEDLS,inputs_8x8,midpoint,1,wall_s,1800.5727853775024
20260915_052343,C0+C0p+C3+FLOW+MTC+S11+WARM+PRE+K5+K7+FILT+MD+SEED+SEEDLS,inputs_8x8,midpoint,1,n_sp_calls,8
20260915_052343,C0+C0p+C3+FLOW+MTC+S11+WARM+PRE+K5+K7+FILT+MD+SEED+SEEDLS,inputs_8x8,midpoint,1,incumbent_value,2990.9552829976665
20260915_052343,C0+C0p+C3+FLOW+MTC+S11+WARM+PRE+K5+K7+FILT+MD+SEED+SEEDLS,inputs_8x8,midpoint,1,certified,0
20260915_052343,C0+C0p+C3+FLOW+MTC+S11+WARM+PRE+K5+K7+FILT+MD+SEED+SEEDLS,inputs_8x8,midpoint,1,n_Nf,58
20260915_052343,C0+C0p+C3+FLOW+MTC+S11+WARM+PRE+K5+K7+FILT+MD+SEED+SEEDLS,inputs_8x8,midpoint,1,n_K,525
20260915_052343,C0+C0p+C3+FLOW+MTC+S11+WARM+PRE+K5+K7+FILT+MD+SEED+SEEDLS,inputs_8x8,midpoint,1,sp_engine,strong_resource
20260915_052343,C0+C0p+C3+FLOW+MTC+S11+WARM+PRE+K5+K7+FILT+MD+SEED+SEEDLS,inputs_8x8,midpoint,1,sp_mip_gap,0.0
20260915_052343,C0+C0p+C3+FLOW+MTC+S11+WARM+PRE+K5+K7+FILT+MD+SEED+SEEDLS,inputs_8x8,midpoint,1,sp_tighten,0
20260915_052343,C0+C0p+C3+FLOW+MTC+S11+WARM+PRE+K5+K7+FILT+MD+SEED+SEEDLS,inputs_8x8,midpoint,1,sp_tight_gap,0.0
20260915_052343,C0+C0p+C3+FLOW+MTC+S11+WARM+PRE+K5+K7+FILT+MD+SEED+SEEDLS,inputs_8x8,midpoint,1,seed_localsearch,1
20260915_052343,C0+C0p+C3+FLOW+MTC+S11+WARM+PRE+K5+K7+FILT+MD+SEED+SEEDLS,inputs_8x8,midpoint,1,seed_budget_s,120.0
20260915_052343,C0+C0p+C3+FLOW+MTC+S11+WARM+PRE+K5+K7+FILT+MD+SEED+SEEDLS,inputs_8x8,midpoint,1,bigm_threshold,18
20260915_052343,C0+C0p+C3+FLOW+MTC+S11+WARM+PRE+K5+K7+FILT+MD+SEED+SEEDLS,inputs_8x8,midpoint,1,bigm_margin,1.0
20260915_052343,C0+C0p+C3+FLOW+MTC+S11+WARM+PRE+K5+K7+FILT+MD+SEED+SEEDLS,inputs_8x8,midpoint,1,bigm_method,global_sum
20260915_052343,C0+C0p+C3+FLOW+MTC+S11+WARM+PRE+K5+K7+FILT+MD+SEED+SEEDLS,inputs_8x8,midpoint,1,bigm_nodes_in_dp,0
20260915_052343,C0+C0p+C3+FLOW+MTC+S11+WARM+PRE+K5+K7+FILT+MD+SEED+SEEDLS,inputs_8x8,midpoint,1,bigm_dp_completed,False
20260915_052343,C0+C0p+C3+FLOW+MTC+S11+WARM+PRE+K5+K7+FILT+MD+SEED+SEEDLS,inputs_8x8,midpoint,1,M_d,451.3784592856163
20260915_052343,C0+C0p+C3+FLOW+MTC+S11+WARM+PRE+K5+K7+FILT+MD+SEED+SEEDLS,inputs_8x8,midpoint,1,ts_ub,406.0337102695285
20260915_052343,C0+C0p+C3+FLOW+MTC+S11+WARM+PRE+K5+K7+FILT+MD+SEED+SEEDLS,inputs_8x8,midpoint,1,te_ub,435.3784592856163
20260915_052343,C0+C0p+C3+FLOW+MTC+S11+WARM+PRE+K5+K7+FILT+MD+SEED+SEEDLS,inputs_8x8,midpoint,1,seed_LB,2961.3511465008723
20260915_052343,C0+C0p+C3+FLOW+MTC+S11+WARM+PRE+K5+K7+FILT+MD+SEED+SEEDLS,inputs_8x8,midpoint,1,seed_time_s,120.12650561332703
20260915_052343,C0+C0p+C3+FLOW+MTC+S11+WARM+PRE+K5+K7+FILT+MD+SEED+SEEDLS,inputs_8x8,midpoint,1,seed_source,containment
20260915_052343,C0+C0p+C3+FLOW+MTC+S11+WARM+PRE+K5+K7+FILT+MD+SEED+SEEDLS,inputs_8x8,midpoint,1,spcall_OPTIMAL,1
20260915_052343,C0+C0p+C3+FLOW+MTC+S11+WARM+PRE+K5+K7+FILT+MD+SEED+SEEDLS,inputs_8x8,midpoint,1,spcall_TIME_LIMIT_WITH_INCUMBENT,7
20260915_052343,C0+C0p+C3+FLOW+MTC+S11+WARM+PRE+K5+K7+FILT+MD+SEED+SEEDLS,inputs_8x8,midpoint,1,cut_cell_optimality,139
20260915_052343,C0+C0p+C3+FLOW+MTC+S11+WARM+PRE+K5+K7+FILT+MD+SEED+SEEDLS,inputs_8x8,midpoint,1,cut_dual_bound,6
20260915_052343,C0+C0p+C3+FLOW+MTC+S11+WARM+PRE+K5+K7+FILT+MD+SEED+SEEDLS,inputs_8x8,midpoint,1,singleton_cache_enabled,1
20260915_052343,C0+C0p+C3+FLOW+MTC+S11+WARM+PRE+K5+K7+FILT+MD+SEED+SEEDLS,inputs_8x8,midpoint,1,single_sp_requests,170
20260915_052343,C0+C0p+C3+FLOW+MTC+S11+WARM+PRE+K5+K7+FILT+MD+SEED+SEEDLS,inputs_8x8,midpoint,1,single_sp_solves,137
20260915_052343,C0+C0p+C3+FLOW+MTC+S11+WARM+PRE+K5+K7+FILT+MD+SEED+SEEDLS,inputs_8x8,midpoint,1,single_sp_cache_hits,33
20260915_052343,C0+C0p+C3+FLOW+MTC+S11+WARM+PRE+K5+K7+FILT+MD+SEED+SEEDLS,inputs_8x8,midpoint,1,single_sp_build_time_s,2.826941967010498
20260915_052343,C0+C0p+C3+FLOW+MTC+S11+WARM+PRE+K5+K7+FILT+MD+SEED+SEEDLS,inputs_8x8,midpoint,1,single_sp_solve_time_s,3.3391969203948975
20260915_052343,C0+C0p+C3+FLOW+MTC+S11+WARM+PRE+K5+K7+FILT+MD+SEED+SEEDLS,inputs_8x8,midpoint,1,single_sp_time_s,6.1661388874053955
20260915_052343,C0+C0p+C3+FLOW+MTC+S11+WARM+PRE+K5+K7+FILT+MD+SEED+SEEDLS,inputs_8x8,midpoint,1,cache_lookup_time_s,0.0009595528244972229
20260915_052343,C0+C0p+C3+FLOW+MTC+S11+WARM+PRE+K5+K7+FILT+MD+SEED+SEEDLS,inputs_8x8,midpoint,1,est_prevented_solve_time_s,2.7429592609405518
20260915_052343,C0+C0p+C3+FLOW+MTC+S11+WARM+PRE+K5+K7+FILT+MD+SEED+SEEDLS,inputs_8x8,midpoint,1,single_sp_status_FEASIBLE_VERIFIED,137
20260915_052343,C0+C0p+C3+FLOW+MTC+S11+WARM+PRE+K5+K7+FILT+MD+SEED+SEEDLS,inputs_8x8,midpoint,1,single_sp_status_INFEASIBLE_PROVEN,0
20260915_052343,C0+C0p+C3+FLOW+MTC+S11+WARM+PRE+K5+K7+FILT+MD+SEED+SEEDLS,inputs_8x8,midpoint,1,single_sp_status_UNKNOWN,0
20260915_052343,C0+C0p+C3+FLOW+MTC+S11+WARM+PRE+K5+K7+FILT+MD+SEED+SEEDLS,inputs_8x8,midpoint,1,dup_cuts_prevented,0
20260915_052343,C0+C0p+C3+FLOW+MTC+S11+WARM+PRE+K5+K7+FILT+MD+SEED+SEEDLS,inputs_8x8,midpoint,1,single_sp_distinct,137
20260915_052343,C0+C0p+C3+FLOW+MTC+S11+WARM+PRE+K5+K7+FILT+MD+SEED+SEEDLS,inputs_8x8,midpoint,1,master_time_s,11.9025297164917
20260915_052343,C0+C0p+C3+FLOW+MTC+S11+WARM+PRE+K5+K7+FILT+MD+SEED+SEEDLS,inputs_8x8,midpoint,1,sp_time_s,1659.7453546524048
20260915_052343,C0+C0p+C3+FLOW+MTC+S11+WARM+PRE+K5+K7+FILT+MD+SEED+SEEDLS,inputs_8x8,midpoint,1,master_time_share,0.007120237358470565
20260915_052343,C0+C0p+C3+FLOW+MTC+S11+WARM+PRE+K5+K7+FILT+MD+SEED+SEEDLS,inputs_8x8,midpoint,1,sp_time_share,0.9928797626415294
20260915_052343,C0+C0p+C3+FLOW+MTC+S11+WARM+PRE+K5+K7+FILT+MD+SEED+SEEDLS,inputs_8x8,midpoint,1,t_to_gap_10pct,421.01303720474243
20260915_052343,C0+C0p+C3+FLOW+MTC+S11+WARM+PRE+K5+K7+FILT+MD+SEED+SEEDLS,inputs_8x8,midpoint,1,t_to_gap_5pct,421.01303720474243
20260915_052343,C0+C0p+C3+FLOW+MTC+S11+WARM+PRE+K5+K7+FILT+MD+SEED+SEEDLS,inputs_8x8,midpoint,1,t_to_gap_3pct,421.01303720474243
20260915_052343,C0+C0p+C3+FLOW+MTC+S11+WARM+PRE+K5+K7+FILT+MD+SEED+SEEDLS,inputs_8x8,midpoint,1,t_to_gap_1pct,
20260915_052747,C0+C0p+C3+FLOW+MTC+S11+WARM+PRE+K5+K7+FILT+MD+SEED+SEEDLS,inputs_9x9,midpoint,1,status,TIME_LIMIT
20260915_052747,C0+C0p+C3+FLOW+MTC+S11+WARM+PRE+K5+K7+FILT+MD+SEED+SEEDLS,inputs_9x9,midpoint,1,LB,4326.249344811284
20260915_052747,C0+C0p+C3+FLOW+MTC+S11+WARM+PRE+K5+K7+FILT+MD+SEED+SEEDLS,inputs_9x9,midpoint,1,UB,4534.063100891766
20260915_052747,C0+C0p+C3+FLOW+MTC+S11+WARM+PRE+K5+K7+FILT+MD+SEED+SEEDLS,inputs_9x9,midpoint,1,gap,0.04583389146913493
20260915_052747,C0+C0p+C3+FLOW+MTC+S11+WARM+PRE+K5+K7+FILT+MD+SEED+SEEDLS,inputs_9x9,midpoint,1,iterations,231
20260915_052747,C0+C0p+C3+FLOW+MTC+S11+WARM+PRE+K5+K7+FILT+MD+SEED+SEEDLS,inputs_9x9,midpoint,1,runtime_s,1800.001538515091
20260915_052747,C0+C0p+C3+FLOW+MTC+S11+WARM+PRE+K5+K7+FILT+MD+SEED+SEEDLS,inputs_9x9,midpoint,1,wall_s,1800.022537946701
20260915_052747,C0+C0p+C3+FLOW+MTC+S11+WARM+PRE+K5+K7+FILT+MD+SEED+SEEDLS,inputs_9x9,midpoint,1,n_sp_calls,3
20260915_052747,C0+C0p+C3+FLOW+MTC+S11+WARM+PRE+K5+K7+FILT+MD+SEED+SEEDLS,inputs_9x9,midpoint,1,incumbent_value,4326.249344811284
20260915_052747,C0+C0p+C3+FLOW+MTC+S11+WARM+PRE+K5+K7+FILT+MD+SEED+SEEDLS,inputs_9x9,midpoint,1,certified,0
20260915_052747,C0+C0p+C3+FLOW+MTC+S11+WARM+PRE+K5+K7+FILT+MD+SEED+SEEDLS,inputs_9x9,midpoint,1,n_Nf,75
20260915_052747,C0+C0p+C3+FLOW+MTC+S11+WARM+PRE+K5+K7+FILT+MD+SEED+SEEDLS,inputs_9x9,midpoint,1,n_K,855
20260915_052747,C0+C0p+C3+FLOW+MTC+S11+WARM+PRE+K5+K7+FILT+MD+SEED+SEEDLS,inputs_9x9,midpoint,1,sp_engine,strong_resource
20260915_052747,C0+C0p+C3+FLOW+MTC+S11+WARM+PRE+K5+K7+FILT+MD+SEED+SEEDLS,inputs_9x9,midpoint,1,sp_mip_gap,0.0
20260915_052747,C0+C0p+C3+FLOW+MTC+S11+WARM+PRE+K5+K7+FILT+MD+SEED+SEEDLS,inputs_9x9,midpoint,1,sp_tighten,0
20260915_052747,C0+C0p+C3+FLOW+MTC+S11+WARM+PRE+K5+K7+FILT+MD+SEED+SEEDLS,inputs_9x9,midpoint,1,sp_tight_gap,0.0
20260915_052747,C0+C0p+C3+FLOW+MTC+S11+WARM+PRE+K5+K7+FILT+MD+SEED+SEEDLS,inputs_9x9,midpoint,1,seed_localsearch,1
20260915_052747,C0+C0p+C3+FLOW+MTC+S11+WARM+PRE+K5+K7+FILT+MD+SEED+SEEDLS,inputs_9x9,midpoint,1,seed_budget_s,120.0
20260915_052747,C0+C0p+C3+FLOW+MTC+S11+WARM+PRE+K5+K7+FILT+MD+SEED+SEEDLS,inputs_9x9,midpoint,1,bigm_threshold,18
20260915_052747,C0+C0p+C3+FLOW+MTC+S11+WARM+PRE+K5+K7+FILT+MD+SEED+SEEDLS,inputs_9x9,midpoint,1,bigm_margin,1.0
20260915_052747,C0+C0p+C3+FLOW+MTC+S11+WARM+PRE+K5+K7+FILT+MD+SEED+SEEDLS,inputs_9x9,midpoint,1,bigm_method,global_sum
20260915_052747,C0+C0p+C3+FLOW+MTC+S11+WARM+PRE+K5+K7+FILT+MD+SEED+SEEDLS,inputs_9x9,midpoint,1,bigm_nodes_in_dp,0
20260915_052747,C0+C0p+C3+FLOW+MTC+S11+WARM+PRE+K5+K7+FILT+MD+SEED+SEEDLS,inputs_9x9,midpoint,1,bigm_dp_completed,False
20260915_052747,C0+C0p+C3+FLOW+MTC+S11+WARM+PRE+K5+K7+FILT+MD+SEED+SEEDLS,inputs_9x9,midpoint,1,M_d,504.502085034314
20260915_052747,C0+C0p+C3+FLOW+MTC+S11+WARM+PRE+K5+K7+FILT+MD+SEED+SEEDLS,inputs_9x9,midpoint,1,ts_ub,455.1573360182262
20260915_052747,C0+C0p+C3+FLOW+MTC+S11+WARM+PRE+K5+K7+FILT+MD+SEED+SEEDLS,inputs_9x9,midpoint,1,te_ub,484.502085034314
20260915_052747,C0+C0p+C3+FLOW+MTC+S11+WARM+PRE+K5+K7+FILT+MD+SEED+SEEDLS,inputs_9x9,midpoint,1,seed_LB,4232.8255495894255
20260915_052747,C0+C0p+C3+FLOW+MTC+S11+WARM+PRE+K5+K7+FILT+MD+SEED+SEEDLS,inputs_9x9,midpoint,1,seed_time_s,120.12046384811401
20260915_052747,C0+C0p+C3+FLOW+MTC+S11+WARM+PRE+K5+K7+FILT+MD+SEED+SEEDLS,inputs_9x9,midpoint,1,seed_source,containment
20260915_052747,C0+C0p+C3+FLOW+MTC+S11+WARM+PRE+K5+K7+FILT+MD+SEED+SEEDLS,inputs_9x9,midpoint,1,spcall_TIME_LIMIT_WITH_INCUMBENT,3
20260915_052747,C0+C0p+C3+FLOW+MTC+S11+WARM+PRE+K5+K7+FILT+MD+SEED+SEEDLS,inputs_9x9,midpoint,1,cut_singleton_infeasible,229
20260915_052747,C0+C0p+C3+FLOW+MTC+S11+WARM+PRE+K5+K7+FILT+MD+SEED+SEEDLS,inputs_9x9,midpoint,1,cut_cell_optimality,17
20260915_052747,C0+C0p+C3+FLOW+MTC+S11+WARM+PRE+K5+K7+FILT+MD+SEED+SEEDLS,inputs_9x9,midpoint,1,cut_dual_bound,1
20260915_052747,C0+C0p+C3+FLOW+MTC+S11+WARM+PRE+K5+K7+FILT+MD+SEED+SEEDLS,inputs_9x9,midpoint,1,singleton_cache_enabled,1
20260915_052747,C0+C0p+C3+FLOW+MTC+S11+WARM+PRE+K5+K7+FILT+MD+SEED+SEEDLS,inputs_9x9,midpoint,1,single_sp_requests,9239
20260915_052747,C0+C0p+C3+FLOW+MTC+S11+WARM+PRE+K5+K7+FILT+MD+SEED+SEEDLS,inputs_9x9,midpoint,1,single_sp_solves,1752
20260915_052747,C0+C0p+C3+FLOW+MTC+S11+WARM+PRE+K5+K7+FILT+MD+SEED+SEEDLS,inputs_9x9,midpoint,1,single_sp_cache_hits,7487
20260915_052747,C0+C0p+C3+FLOW+MTC+S11+WARM+PRE+K5+K7+FILT+MD+SEED+SEEDLS,inputs_9x9,midpoint,1,single_sp_build_time_s,60.47369909286499
20260915_052747,C0+C0p+C3+FLOW+MTC+S11+WARM+PRE+K5+K7+FILT+MD+SEED+SEEDLS,inputs_9x9,midpoint,1,single_sp_solve_time_s,112.35707092285156
20260915_052747,C0+C0p+C3+FLOW+MTC+S11+WARM+PRE+K5+K7+FILT+MD+SEED+SEEDLS,inputs_9x9,midpoint,1,single_sp_time_s,172.83077001571655
20260915_052747,C0+C0p+C3+FLOW+MTC+S11+WARM+PRE+K5+K7+FILT+MD+SEED+SEEDLS,inputs_9x9,midpoint,1,cache_lookup_time_s,0.025883874855935574
20260915_052747,C0+C0p+C3+FLOW+MTC+S11+WARM+PRE+K5+K7+FILT+MD+SEED+SEEDLS,inputs_9x9,midpoint,1,est_prevented_solve_time_s,1658.5219588279724
20260915_052747,C0+C0p+C3+FLOW+MTC+S11+WARM+PRE+K5+K7+FILT+MD+SEED+SEEDLS,inputs_9x9,midpoint,1,single_sp_status_FEASIBLE_VERIFIED,1751
20260915_052747,C0+C0p+C3+FLOW+MTC+S11+WARM+PRE+K5+K7+FILT+MD+SEED+SEEDLS,inputs_9x9,midpoint,1,single_sp_status_INFEASIBLE_PROVEN,1
20260915_052747,C0+C0p+C3+FLOW+MTC+S11+WARM+PRE+K5+K7+FILT+MD+SEED+SEEDLS,inputs_9x9,midpoint,1,single_sp_status_UNKNOWN,0
20260915_052747,C0+C0p+C3+FLOW+MTC+S11+WARM+PRE+K5+K7+FILT+MD+SEED+SEEDLS,inputs_9x9,midpoint,1,dup_cuts_prevented,0
20260915_052747,C0+C0p+C3+FLOW+MTC+S11+WARM+PRE+K5+K7+FILT+MD+SEED+SEEDLS,inputs_9x9,midpoint,1,single_sp_distinct,1752
20260915_052747,C0+C0p+C3+FLOW+MTC+S11+WARM+PRE+K5+K7+FILT+MD+SEED+SEEDLS,inputs_9x9,midpoint,1,master_time_s,1204.149020910263
20260915_052747,C0+C0p+C3+FLOW+MTC+S11+WARM+PRE+K5+K7+FILT+MD+SEED+SEEDLS,inputs_9x9,midpoint,1,sp_time_s,300.01513504981995
20260915_052747,C0+C0p+C3+FLOW+MTC+S11+WARM+PRE+K5+K7+FILT+MD+SEED+SEEDLS,inputs_9x9,midpoint,1,master_time_share,0.8005436216113492
20260915_052747,C0+C0p+C3+FLOW+MTC+S11+WARM+PRE+K5+K7+FILT+MD+SEED+SEEDLS,inputs_9x9,midpoint,1,sp_time_share,0.19945637838865085
20260915_052747,C0+C0p+C3+FLOW+MTC+S11+WARM+PRE+K5+K7+FILT+MD+SEED+SEEDLS,inputs_9x9,midpoint,1,t_to_gap_10pct,120.1371636390686
20260915_052747,C0+C0p+C3+FLOW+MTC+S11+WARM+PRE+K5+K7+FILT+MD+SEED+SEEDLS,inputs_9x9,midpoint,1,t_to_gap_5pct,427.0959541797638
20260915_052747,C0+C0p+C3+FLOW+MTC+S11+WARM+PRE+K5+K7+FILT+MD+SEED+SEEDLS,inputs_9x9,midpoint,1,t_to_gap_3pct,
20260915_052747,C0+C0p+C3+FLOW+MTC+S11+WARM+PRE+K5+K7+FILT+MD+SEED+SEEDLS,inputs_9x9,midpoint,1,t_to_gap_1pct,
20260915_053919,C0+C0p+C3+FLOW+MTC+S11+WARM+PRE+K5+K7+FILT+MD+SEED+SEEDLS,inputs_10x10,midpoint,1,status,TIME_LIMIT
20260915_053919,C0+C0p+C3+FLOW+MTC+S11+WARM+PRE+K5+K7+FILT+MD+SEED+SEEDLS,inputs_10x10,midpoint,1,LB,5226.191057896933
20260915_053919,C0+C0p+C3+FLOW+MTC+S11+WARM+PRE+K5+K7+FILT+MD+SEED+SEEDLS,inputs_10x10,midpoint,1,UB,5606.6108147160285
20260915_053919,C0+C0p+C3+FLOW+MTC+S11+WARM+PRE+K5+K7+FILT+MD+SEED+SEEDLS,inputs_10x10,midpoint,1,gap,0.06785199996771378
20260915_053919,C0+C0p+C3+FLOW+MTC+S11+WARM+PRE+K5+K7+FILT+MD+SEED+SEEDLS,inputs_10x10,midpoint,1,iterations,50
20260915_053919,C0+C0p+C3+FLOW+MTC+S11+WARM+PRE+K5+K7+FILT+MD+SEED+SEEDLS,inputs_10x10,midpoint,1,runtime_s,1800.0024461746216
20260915_053919,C0+C0p+C3+FLOW+MTC+S11+WARM+PRE+K5+K7+FILT+MD+SEED+SEEDLS,inputs_10x10,midpoint,1,wall_s,1800.0068337917328
20260915_053919,C0+C0p+C3+FLOW+MTC+S11+WARM+PRE+K5+K7+FILT+MD+SEED+SEEDLS,inputs_10x10,midpoint,1,n_sp_calls,3
20260915_053919,C0+C0p+C3+FLOW+MTC+S11+WARM+PRE+K5+K7+FILT+MD+SEED+SEEDLS,inputs_10x10,midpoint,1,incumbent_value,5226.191057896933
20260915_053919,C0+C0p+C3+FLOW+MTC+S11+WARM+PRE+K5+K7+FILT+MD+SEED+SEEDLS,inputs_10x10,midpoint,1,certified,0
20260915_053919,C0+C0p+C3+FLOW+MTC+S11+WARM+PRE+K5+K7+FILT+MD+SEED+SEEDLS,inputs_10x10,midpoint,1,n_Nf,90
20260915_053919,C0+C0p+C3+FLOW+MTC+S11+WARM+PRE+K5+K7+FILT+MD+SEED+SEEDLS,inputs_10x10,midpoint,1,n_K,77
20260915_053919,C0+C0p+C3+FLOW+MTC+S11+WARM+PRE+K5+K7+FILT+MD+SEED+SEEDLS,inputs_10x10,midpoint,1,sp_engine,strong_resource
20260915_053919,C0+C0p+C3+FLOW+MTC+S11+WARM+PRE+K5+K7+FILT+MD+SEED+SEEDLS,inputs_10x10,midpoint,1,sp_mip_gap,0.0
20260915_053919,C0+C0p+C3+FLOW+MTC+S11+WARM+PRE+K5+K7+FILT+MD+SEED+SEEDLS,inputs_10x10,midpoint,1,sp_tighten,0
20260915_053919,C0+C0p+C3+FLOW+MTC+S11+WARM+PRE+K5+K7+FILT+MD+SEED+SEEDLS,inputs_10x10,midpoint,1,sp_tight_gap,0.0
20260915_053919,C0+C0p+C3+FLOW+MTC+S11+WARM+PRE+K5+K7+FILT+MD+SEED+SEEDLS,inputs_10x10,midpoint,1,seed_localsearch,1
20260915_053919,C0+C0p+C3+FLOW+MTC+S11+WARM+PRE+K5+K7+FILT+MD+SEED+SEEDLS,inputs_10x10,midpoint,1,seed_budget_s,120.0
20260915_053919,C0+C0p+C3+FLOW+MTC+S11+WARM+PRE+K5+K7+FILT+MD+SEED+SEEDLS,inputs_10x10,midpoint,1,bigm_threshold,18
20260915_053919,C0+C0p+C3+FLOW+MTC+S11+WARM+PRE+K5+K7+FILT+MD+SEED+SEEDLS,inputs_10x10,midpoint,1,bigm_margin,1.0
20260915_053919,C0+C0p+C3+FLOW+MTC+S11+WARM+PRE+K5+K7+FILT+MD+SEED+SEEDLS,inputs_10x10,midpoint,1,bigm_method,global_sum
20260915_053919,C0+C0p+C3+FLOW+MTC+S11+WARM+PRE+K5+K7+FILT+MD+SEED+SEEDLS,inputs_10x10,midpoint,1,bigm_nodes_in_dp,0
20260915_053919,C0+C0p+C3+FLOW+MTC+S11+WARM+PRE+K5+K7+FILT+MD+SEED+SEEDLS,inputs_10x10,midpoint,1,bigm_dp_completed,False
20260915_053919,C0+C0p+C3+FLOW+MTC+S11+WARM+PRE+K5+K7+FILT+MD+SEED+SEEDLS,inputs_10x10,midpoint,1,M_d,928.6015036075818
20260915_053919,C0+C0p+C3+FLOW+MTC+S11+WARM+PRE+K5+K7+FILT+MD+SEED+SEEDLS,inputs_10x10,midpoint,1,ts_ub,876.256754591494
20260915_053919,C0+C0p+C3+FLOW+MTC+S11+WARM+PRE+K5+K7+FILT+MD+SEED+SEEDLS,inputs_10x10,midpoint,1,te_ub,905.6015036075818
20260915_053919,C0+C0p+C3+FLOW+MTC+S11+WARM+PRE+K5+K7+FILT+MD+SEED+SEEDLS,inputs_10x10,midpoint,1,seed_LB,5226.191057896933
20260915_053919,C0+C0p+C3+FLOW+MTC+S11+WARM+PRE+K5+K7+FILT+MD+SEED+SEEDLS,inputs_10x10,midpoint,1,seed_time_s,120.01340055465698
20260915_053919,C0+C0p+C3+FLOW+MTC+S11+WARM+PRE+K5+K7+FILT+MD+SEED+SEEDLS,inputs_10x10,midpoint,1,seed_source,localsearch
20260915_053919,C0+C0p+C3+FLOW+MTC+S11+WARM+PRE+K5+K7+FILT+MD+SEED+SEEDLS,inputs_10x10,midpoint,1,spcall_INFEASIBLE_PROVEN,1
20260915_053919,C0+C0p+C3+FLOW+MTC+S11+WARM+PRE+K5+K7+FILT+MD+SEED+SEEDLS,inputs_10x10,midpoint,1,spcall_TIME_LIMIT_WITH_INCUMBENT,2
20260915_053919,C0+C0p+C3+FLOW+MTC+S11+WARM+PRE+K5+K7+FILT+MD+SEED+SEEDLS,inputs_10x10,midpoint,1,cut_singleton_infeasible,288
20260915_053919,C0+C0p+C3+FLOW+MTC+S11+WARM+PRE+K5+K7+FILT+MD+SEED+SEEDLS,inputs_10x10,midpoint,1,cut_cell_optimality,25
20260915_053919,C0+C0p+C3+FLOW+MTC+S11+WARM+PRE+K5+K7+FILT+MD+SEED+SEEDLS,inputs_10x10,midpoint,1,cut_conflict_infeasible,1
20260915_053919,C0+C0p+C3+FLOW+MTC+S11+WARM+PRE+K5+K7+FILT+MD+SEED+SEEDLS,inputs_10x10,midpoint,1,singleton_cache_enabled,1
20260915_053919,C0+C0p+C3+FLOW+MTC+S11+WARM+PRE+K5+K7+FILT+MD+SEED+SEEDLS,inputs_10x10,midpoint,1,single_sp_requests,2544
20260915_053919,C0+C0p+C3+FLOW+MTC+S11+WARM+PRE+K5+K7+FILT+MD+SEED+SEEDLS,inputs_10x10,midpoint,1,single_sp_solves,1713
20260915_053919,C0+C0p+C3+FLOW+MTC+S11+WARM+PRE+K5+K7+FILT+MD+SEED+SEEDLS,inputs_10x10,midpoint,1,single_sp_cache_hits,831
20260915_053919,C0+C0p+C3+FLOW+MTC+S11+WARM+PRE+K5+K7+FILT+MD+SEED+SEEDLS,inputs_10x10,midpoint,1,single_sp_build_time_s,4.732332706451416
20260915_053919,C0+C0p+C3+FLOW+MTC+S11+WARM+PRE+K5+K7+FILT+MD+SEED+SEEDLS,inputs_10x10,midpoint,1,single_sp_solve_time_s,2.6311633586883545
20260915_053919,C0+C0p+C3+FLOW+MTC+S11+WARM+PRE+K5+K7+FILT+MD+SEED+SEEDLS,inputs_10x10,midpoint,1,single_sp_time_s,7.3634960651397705
20260915_053919,C0+C0p+C3+FLOW+MTC+S11+WARM+PRE+K5+K7+FILT+MD+SEED+SEEDLS,inputs_10x10,midpoint,1,cache_lookup_time_s,0.007813556119799614
20260915_053919,C0+C0p+C3+FLOW+MTC+S11+WARM+PRE+K5+K7+FILT+MD+SEED+SEEDLS,inputs_10x10,midpoint,1,est_prevented_solve_time_s,1.2054054737091064
20260915_053919,C0+C0p+C3+FLOW+MTC+S11+WARM+PRE+K5+K7+FILT+MD+SEED+SEEDLS,inputs_10x10,midpoint,1,single_sp_status_FEASIBLE_VERIFIED,1707
20260915_053919,C0+C0p+C3+FLOW+MTC+S11+WARM+PRE+K5+K7+FILT+MD+SEED+SEEDLS,inputs_10x10,midpoint,1,single_sp_status_INFEASIBLE_PROVEN,6
20260915_053919,C0+C0p+C3+FLOW+MTC+S11+WARM+PRE+K5+K7+FILT+MD+SEED+SEEDLS,inputs_10x10,midpoint,1,single_sp_status_UNKNOWN,0
20260915_053919,C0+C0p+C3+FLOW+MTC+S11+WARM+PRE+K5+K7+FILT+MD+SEED+SEEDLS,inputs_10x10,midpoint,1,dup_cuts_prevented,0
20260915_053919,C0+C0p+C3+FLOW+MTC+S11+WARM+PRE+K5+K7+FILT+MD+SEED+SEEDLS,inputs_10x10,midpoint,1,single_sp_distinct,1713
20260915_053919,C0+C0p+C3+FLOW+MTC+S11+WARM+PRE+K5+K7+FILT+MD+SEED+SEEDLS,inputs_10x10,midpoint,1,master_time_s,1534.4394540786743
20260915_053919,C0+C0p+C3+FLOW+MTC+S11+WARM+PRE+K5+K7+FILT+MD+SEED+SEEDLS,inputs_10x10,midpoint,1,sp_time_s,77.89226269721985
20260915_053919,C0+C0p+C3+FLOW+MTC+S11+WARM+PRE+K5+K7+FILT+MD+SEED+SEEDLS,inputs_10x10,midpoint,1,master_time_share,0.9516896790612186
20260915_053919,C0+C0p+C3+FLOW+MTC+S11+WARM+PRE+K5+K7+FILT+MD+SEED+SEEDLS,inputs_10x10,midpoint,1,sp_time_share,0.048310320938781404
20260915_053919,C0+C0p+C3+FLOW+MTC+S11+WARM+PRE+K5+K7+FILT+MD+SEED+SEEDLS,inputs_10x10,midpoint,1,t_to_gap_10pct,120.02146506309509
20260915_053919,C0+C0p+C3+FLOW+MTC+S11+WARM+PRE+K5+K7+FILT+MD+SEED+SEEDLS,inputs_10x10,midpoint,1,t_to_gap_5pct,
20260915_053919,C0+C0p+C3+FLOW+MTC+S11+WARM+PRE+K5+K7+FILT+MD+SEED+SEEDLS,inputs_10x10,midpoint,1,t_to_gap_3pct,
20260915_053919,C0+C0p+C3+FLOW+MTC+S11+WARM+PRE+K5+K7+FILT+MD+SEED+SEEDLS,inputs_10x10,midpoint,1,t_to_gap_1pct,
20260915_054703,C0+C0p+C3+FLOW+MTC+S11+WARM+PRE+K5+K7+FILT+MD+SEED+SEEDLS,inputs_11x11,midpoint,1,status,TIME_LIMIT
20260915_054703,C0+C0p+C3+FLOW+MTC+S11+WARM+PRE+K5+K7+FILT+MD+SEED+SEEDLS,inputs_11x11,midpoint,1,LB,6624.667838787232
20260915_054703,C0+C0p+C3+FLOW+MTC+S11+WARM+PRE+K5+K7+FILT+MD+SEED+SEEDLS,inputs_11x11,midpoint,1,UB,7028.53605787471
20260915_054703,C0+C0p+C3+FLOW+MTC+S11+WARM+PRE+K5+K7+FILT+MD+SEED+SEEDLS,inputs_11x11,midpoint,1,gap,0.0574612146486733
20260915_054703,C0+C0p+C3+FLOW+MTC+S11+WARM+PRE+K5+K7+FILT+MD+SEED+SEEDLS,inputs_11x11,midpoint,1,iterations,15
20260915_054703,C0+C0p+C3+FLOW+MTC+S11+WARM+PRE+K5+K7+FILT+MD+SEED+SEEDLS,inputs_11x11,midpoint,1,runtime_s,1800.0029275417328
20260915_054703,C0+C0p+C3+FLOW+MTC+S11+WARM+PRE+K5+K7+FILT+MD+SEED+SEEDLS,inputs_11x11,midpoint,1,wall_s,1800.010139465332
20260915_054703,C0+C0p+C3+FLOW+MTC+S11+WARM+PRE+K5+K7+FILT+MD+SEED+SEEDLS,inputs_11x11,midpoint,1,n_sp_calls,3
20260915_054703,C0+C0p+C3+FLOW+MTC+S11+WARM+PRE+K5+K7+FILT+MD+SEED+SEEDLS,inputs_11x11,midpoint,1,incumbent_value,6624.667838787232
20260915_054703,C0+C0p+C3+FLOW+MTC+S11+WARM+PRE+K5+K7+FILT+MD+SEED+SEEDLS,inputs_11x11,midpoint,1,certified,0
20260915_054703,C0+C0p+C3+FLOW+MTC+S11+WARM+PRE+K5+K7+FILT+MD+SEED+SEEDLS,inputs_11x11,midpoint,1,n_Nf,111
20260915_054703,C0+C0p+C3+FLOW+MTC+S11+WARM+PRE+K5+K7+FILT+MD+SEED+SEEDLS,inputs_11x11,midpoint,1,n_K,92
20260915_054703,C0+C0p+C3+FLOW+MTC+S11+WARM+PRE+K5+K7+FILT+MD+SEED+SEEDLS,inputs_11x11,midpoint,1,sp_engine,strong_resource
20260915_054703,C0+C0p+C3+FLOW+MTC+S11+WARM+PRE+K5+K7+FILT+MD+SEED+SEEDLS,inputs_11x11,midpoint,1,sp_mip_gap,0.0
20260915_054703,C0+C0p+C3+FLOW+MTC+S11+WARM+PRE+K5+K7+FILT+MD+SEED+SEEDLS,inputs_11x11,midpoint,1,sp_tighten,0
20260915_054703,C0+C0p+C3+FLOW+MTC+S11+WARM+PRE+K5+K7+FILT+MD+SEED+SEEDLS,inputs_11x11,midpoint,1,sp_tight_gap,0.0
20260915_054703,C0+C0p+C3+FLOW+MTC+S11+WARM+PRE+K5+K7+FILT+MD+SEED+SEEDLS,inputs_11x11,midpoint,1,seed_localsearch,1
20260915_054703,C0+C0p+C3+FLOW+MTC+S11+WARM+PRE+K5+K7+FILT+MD+SEED+SEEDLS,inputs_11x11,midpoint,1,seed_budget_s,120.0
20260915_054703,C0+C0p+C3+FLOW+MTC+S11+WARM+PRE+K5+K7+FILT+MD+SEED+SEEDLS,inputs_11x11,midpoint,1,bigm_threshold,18
20260915_054703,C0+C0p+C3+FLOW+MTC+S11+WARM+PRE+K5+K7+FILT+MD+SEED+SEEDLS,inputs_11x11,midpoint,1,bigm_margin,1.0
20260915_054703,C0+C0p+C3+FLOW+MTC+S11+WARM+PRE+K5+K7+FILT+MD+SEED+SEEDLS,inputs_11x11,midpoint,1,bigm_method,global_sum
20260915_054703,C0+C0p+C3+FLOW+MTC+S11+WARM+PRE+K5+K7+FILT+MD+SEED+SEEDLS,inputs_11x11,midpoint,1,bigm_nodes_in_dp,0
20260915_054703,C0+C0p+C3+FLOW+MTC+S11+WARM+PRE+K5+K7+FILT+MD+SEED+SEEDLS,inputs_11x11,midpoint,1,bigm_dp_completed,False
20260915_054703,C0+C0p+C3+FLOW+MTC+S11+WARM+PRE+K5+K7+FILT+MD+SEED+SEEDLS,inputs_11x11,midpoint,1,M_d,1086.4577509947378
20260915_054703,C0+C0p+C3+FLOW+MTC+S11+WARM+PRE+K5+K7+FILT+MD+SEED+SEEDLS,inputs_11x11,midpoint,1,ts_ub,1033.11300197865
20260915_054703,C0+C0p+C3+FLOW+MTC+S11+WARM+PRE+K5+K7+FILT+MD+SEED+SEEDLS,inputs_11x11,midpoint,1,te_ub,1062.4577509947378
20260915_054703,C0+C0p+C3+FLOW+MTC+S11+WARM+PRE+K5+K7+FILT+MD+SEED+SEEDLS,inputs_11x11,midpoint,1,seed_LB,6624.667838787232
20260915_054703,C0+C0p+C3+FLOW+MTC+S11+WARM+PRE+K5+K7+FILT+MD+SEED+SEEDLS,inputs_11x11,midpoint,1,seed_time_s,120.86032724380493
20260915_054703,C0+C0p+C3+FLOW+MTC+S11+WARM+PRE+K5+K7+FILT+MD+SEED+SEEDLS,inputs_11x11,midpoint,1,seed_source,localsearch
20260915_054703,C0+C0p+C3+FLOW+MTC+S11+WARM+PRE+K5+K7+FILT+MD+SEED+SEEDLS,inputs_11x11,midpoint,1,spcall_TIME_LIMIT_WITH_INCUMBENT,3
20260915_054703,C0+C0p+C3+FLOW+MTC+S11+WARM+PRE+K5+K7+FILT+MD+SEED+SEEDLS,inputs_11x11,midpoint,1,cut_singleton_infeasible,72
20260915_054703,C0+C0p+C3+FLOW+MTC+S11+WARM+PRE+K5+K7+FILT+MD+SEED+SEEDLS,inputs_11x11,midpoint,1,cut_cell_optimality,32
20260915_054703,C0+C0p+C3+FLOW+MTC+S11+WARM+PRE+K5+K7+FILT+MD+SEED+SEEDLS,inputs_11x11,midpoint,1,cut_dual_bound,1
20260915_054703,C0+C0p+C3+FLOW+MTC+S11+WARM+PRE+K5+K7+FILT+MD+SEED+SEEDLS,inputs_11x11,midpoint,1,singleton_cache_enabled,1
20260915_054703,C0+C0p+C3+FLOW+MTC+S11+WARM+PRE+K5+K7+FILT+MD+SEED+SEEDLS,inputs_11x11,midpoint,1,single_sp_requests,664
20260915_054703,C0+C0p+C3+FLOW+MTC+S11+WARM+PRE+K5+K7+FILT+MD+SEED+SEEDLS,inputs_11x11,midpoint,1,single_sp_solves,430
20260915_054703,C0+C0p+C3+FLOW+MTC+S11+WARM+PRE+K5+K7+FILT+MD+SEED+SEEDLS,inputs_11x11,midpoint,1,single_sp_cache_hits,234
20260915_054703,C0+C0p+C3+FLOW+MTC+S11+WARM+PRE+K5+K7+FILT+MD+SEED+SEEDLS,inputs_11x11,midpoint,1,single_sp_build_time_s,1.389230728149414
20260915_054703,C0+C0p+C3+FLOW+MTC+S11+WARM+PRE+K5+K7+FILT+MD+SEED+SEEDLS,inputs_11x11,midpoint,1,single_sp_solve_time_s,0.8327603340148926
20260915_054703,C0+C0p+C3+FLOW+MTC+S11+WARM+PRE+K5+K7+FILT+MD+SEED+SEEDLS,inputs_11x11,midpoint,1,single_sp_time_s,2.2219910621643066
20260915_054703,C0+C0p+C3+FLOW+MTC+S11+WARM+PRE+K5+K7+FILT+MD+SEED+SEEDLS,inputs_11x11,midpoint,1,cache_lookup_time_s,0.0019064191728830338
20260915_054703,C0+C0p+C3+FLOW+MTC+S11+WARM+PRE+K5+K7+FILT+MD+SEED+SEEDLS,inputs_11x11,midpoint,1,est_prevented_solve_time_s,0.8618049621582031
20260915_054703,C0+C0p+C3+FLOW+MTC+S11+WARM+PRE+K5+K7+FILT+MD+SEED+SEEDLS,inputs_11x11,midpoint,1,single_sp_status_FEASIBLE_VERIFIED,422
20260915_054703,C0+C0p+C3+FLOW+MTC+S11+WARM+PRE+K5+K7+FILT+MD+SEED+SEEDLS,inputs_11x11,midpoint,1,single_sp_status_INFEASIBLE_PROVEN,8
20260915_054703,C0+C0p+C3+FLOW+MTC+S11+WARM+PRE+K5+K7+FILT+MD+SEED+SEEDLS,inputs_11x11,midpoint,1,single_sp_status_UNKNOWN,0
20260915_054703,C0+C0p+C3+FLOW+MTC+S11+WARM+PRE+K5+K7+FILT+MD+SEED+SEEDLS,inputs_11x11,midpoint,1,dup_cuts_prevented,0
20260915_054703,C0+C0p+C3+FLOW+MTC+S11+WARM+PRE+K5+K7+FILT+MD+SEED+SEEDLS,inputs_11x11,midpoint,1,single_sp_distinct,430
20260915_054703,C0+C0p+C3+FLOW+MTC+S11+WARM+PRE+K5+K7+FILT+MD+SEED+SEEDLS,inputs_11x11,midpoint,1,master_time_s,1376.7725024223328
20260915_054703,C0+C0p+C3+FLOW+MTC+S11+WARM+PRE+K5+K7+FILT+MD+SEED+SEEDLS,inputs_11x11,midpoint,1,sp_time_s,300.00109672546387
20260915_054703,C0+C0p+C3+FLOW+MTC+S11+WARM+PRE+K5+K7+FILT+MD+SEED+SEEDLS,inputs_11x11,midpoint,1,master_time_share,0.8210843152123003
20260915_054703,C0+C0p+C3+FLOW+MTC+S11+WARM+PRE+K5+K7+FILT+MD+SEED+SEEDLS,inputs_11x11,midpoint,1,sp_time_share,0.17891568478769967
20260915_054703,C0+C0p+C3+FLOW+MTC+S11+WARM+PRE+K5+K7+FILT+MD+SEED+SEEDLS,inputs_11x11,midpoint,1,t_to_gap_10pct,120.86931490898132
20260915_054703,C0+C0p+C3+FLOW+MTC+S11+WARM+PRE+K5+K7+FILT+MD+SEED+SEEDLS,inputs_11x11,midpoint,1,t_to_gap_5pct,
20260915_054703,C0+C0p+C3+FLOW+MTC+S11+WARM+PRE+K5+K7+FILT+MD+SEED+SEEDLS,inputs_11x11,midpoint,1,t_to_gap_3pct,
20260915_054703,C0+C0p+C3+FLOW+MTC+S11+WARM+PRE+K5+K7+FILT+MD+SEED+SEEDLS,inputs_11x11,midpoint,1,t_to_gap_1pct,
20260915_054755,C0+C0p+C3+FLOW+MTC+S11+WARM+PRE+K5+K7+FILT+MD+SEED+SEEDLS,inputs_12x12,midpoint,1,status,TIME_LIMIT
20260915_054755,C0+C0p+C3+FLOW+MTC+S11+WARM+PRE+K5+K7+FILT+MD+SEED+SEEDLS,inputs_12x12,midpoint,1,LB,9622.630333041
20260915_054755,C0+C0p+C3+FLOW+MTC+S11+WARM+PRE+K5+K7+FILT+MD+SEED+SEEDLS,inputs_12x12,midpoint,1,UB,10270.216543670891
20260915_054755,C0+C0p+C3+FLOW+MTC+S11+WARM+PRE+K5+K7+FILT+MD+SEED+SEEDLS,inputs_12x12,midpoint,1,gap,0.06305477668131276
20260915_054755,C0+C0p+C3+FLOW+MTC+S11+WARM+PRE+K5+K7+FILT+MD+SEED+SEEDLS,inputs_12x12,midpoint,1,iterations,9
20260915_054755,C0+C0p+C3+FLOW+MTC+S11+WARM+PRE+K5+K7+FILT+MD+SEED+SEEDLS,inputs_12x12,midpoint,1,runtime_s,1800.0062549114227
20260915_054755,C0+C0p+C3+FLOW+MTC+S11+WARM+PRE+K5+K7+FILT+MD+SEED+SEEDLS,inputs_12x12,midpoint,1,wall_s,1800.0158476829529
20260915_054755,C0+C0p+C3+FLOW+MTC+S11+WARM+PRE+K5+K7+FILT+MD+SEED+SEEDLS,inputs_12x12,midpoint,1,n_sp_calls,3
20260915_054755,C0+C0p+C3+FLOW+MTC+S11+WARM+PRE+K5+K7+FILT+MD+SEED+SEEDLS,inputs_12x12,midpoint,1,incumbent_value,9622.630333041
20260915_054755,C0+C0p+C3+FLOW+MTC+S11+WARM+PRE+K5+K7+FILT+MD+SEED+SEEDLS,inputs_12x12,midpoint,1,certified,0
20260915_054755,C0+C0p+C3+FLOW+MTC+S11+WARM+PRE+K5+K7+FILT+MD+SEED+SEEDLS,inputs_12x12,midpoint,1,n_Nf,134
20260915_054755,C0+C0p+C3+FLOW+MTC+S11+WARM+PRE+K5+K7+FILT+MD+SEED+SEEDLS,inputs_12x12,midpoint,1,n_K,102
20260915_054755,C0+C0p+C3+FLOW+MTC+S11+WARM+PRE+K5+K7+FILT+MD+SEED+SEEDLS,inputs_12x12,midpoint,1,sp_engine,strong_resource
20260915_054755,C0+C0p+C3+FLOW+MTC+S11+WARM+PRE+K5+K7+FILT+MD+SEED+SEEDLS,inputs_12x12,midpoint,1,sp_mip_gap,0.0
20260915_054755,C0+C0p+C3+FLOW+MTC+S11+WARM+PRE+K5+K7+FILT+MD+SEED+SEEDLS,inputs_12x12,midpoint,1,sp_tighten,0
20260915_054755,C0+C0p+C3+FLOW+MTC+S11+WARM+PRE+K5+K7+FILT+MD+SEED+SEEDLS,inputs_12x12,midpoint,1,sp_tight_gap,0.0
20260915_054755,C0+C0p+C3+FLOW+MTC+S11+WARM+PRE+K5+K7+FILT+MD+SEED+SEEDLS,inputs_12x12,midpoint,1,seed_localsearch,1
20260915_054755,C0+C0p+C3+FLOW+MTC+S11+WARM+PRE+K5+K7+FILT+MD+SEED+SEEDLS,inputs_12x12,midpoint,1,seed_budget_s,120.0
20260915_054755,C0+C0p+C3+FLOW+MTC+S11+WARM+PRE+K5+K7+FILT+MD+SEED+SEEDLS,inputs_12x12,midpoint,1,bigm_threshold,18
20260915_054755,C0+C0p+C3+FLOW+MTC+S11+WARM+PRE+K5+K7+FILT+MD+SEED+SEEDLS,inputs_12x12,midpoint,1,bigm_margin,1.0
20260915_054755,C0+C0p+C3+FLOW+MTC+S11+WARM+PRE+K5+K7+FILT+MD+SEED+SEEDLS,inputs_12x12,midpoint,1,bigm_method,global_sum
20260915_054755,C0+C0p+C3+FLOW+MTC+S11+WARM+PRE+K5+K7+FILT+MD+SEED+SEEDLS,inputs_12x12,midpoint,1,bigm_nodes_in_dp,0
20260915_054755,C0+C0p+C3+FLOW+MTC+S11+WARM+PRE+K5+K7+FILT+MD+SEED+SEEDLS,inputs_12x12,midpoint,1,bigm_dp_completed,False
20260915_054755,C0+C0p+C3+FLOW+MTC+S11+WARM+PRE+K5+K7+FILT+MD+SEED+SEEDLS,inputs_12x12,midpoint,1,M_d,1398.372736774622
20260915_054755,C0+C0p+C3+FLOW+MTC+S11+WARM+PRE+K5+K7+FILT+MD+SEED+SEEDLS,inputs_12x12,midpoint,1,ts_ub,1344.027987758534
20260915_054755,C0+C0p+C3+FLOW+MTC+S11+WARM+PRE+K5+K7+FILT+MD+SEED+SEEDLS,inputs_12x12,midpoint,1,te_ub,1373.372736774622
20260915_054755,C0+C0p+C3+FLOW+MTC+S11+WARM+PRE+K5+K7+FILT+MD+SEED+SEEDLS,inputs_12x12,midpoint,1,seed_LB,9622.630333041
20260915_054755,C0+C0p+C3+FLOW+MTC+S11+WARM+PRE+K5+K7+FILT+MD+SEED+SEEDLS,inputs_12x12,midpoint,1,seed_time_s,120.02962470054626
20260915_054755,C0+C0p+C3+FLOW+MTC+S11+WARM+PRE+K5+K7+FILT+MD+SEED+SEEDLS,inputs_12x12,midpoint,1,seed_source,localsearch
20260915_054755,C0+C0p+C3+FLOW+MTC+S11+WARM+PRE+K5+K7+FILT+MD+SEED+SEEDLS,inputs_12x12,midpoint,1,spcall_INFEASIBLE_PROVEN,1
20260915_054755,C0+C0p+C3+FLOW+MTC+S11+WARM+PRE+K5+K7+FILT+MD+SEED+SEEDLS,inputs_12x12,midpoint,1,spcall_TIME_LIMIT_WITH_INCUMBENT,2
20260915_054755,C0+C0p+C3+FLOW+MTC+S11+WARM+PRE+K5+K7+FILT+MD+SEED+SEEDLS,inputs_12x12,midpoint,1,cut_singleton_infeasible,49
20260915_054755,C0+C0p+C3+FLOW+MTC+S11+WARM+PRE+K5+K7+FILT+MD+SEED+SEEDLS,inputs_12x12,midpoint,1,cut_cell_optimality,31
20260915_054755,C0+C0p+C3+FLOW+MTC+S11+WARM+PRE+K5+K7+FILT+MD+SEED+SEEDLS,inputs_12x12,midpoint,1,cut_conflict_infeasible,1
20260915_054755,C0+C0p+C3+FLOW+MTC+S11+WARM+PRE+K5+K7+FILT+MD+SEED+SEEDLS,inputs_12x12,midpoint,1,cut_propagation,1
20260915_054755,C0+C0p+C3+FLOW+MTC+S11+WARM+PRE+K5+K7+FILT+MD+SEED+SEEDLS,inputs_12x12,midpoint,1,singleton_cache_enabled,1
20260915_054755,C0+C0p+C3+FLOW+MTC+S11+WARM+PRE+K5+K7+FILT+MD+SEED+SEEDLS,inputs_12x12,midpoint,1,single_sp_requests,440
20260915_054755,C0+C0p+C3+FLOW+MTC+S11+WARM+PRE+K5+K7+FILT+MD+SEED+SEEDLS,inputs_12x12,midpoint,1,single_sp_solves,332
20260915_054755,C0+C0p+C3+FLOW+MTC+S11+WARM+PRE+K5+K7+FILT+MD+SEED+SEEDLS,inputs_12x12,midpoint,1,single_sp_cache_hits,108
20260915_054755,C0+C0p+C3+FLOW+MTC+S11+WARM+PRE+K5+K7+FILT+MD+SEED+SEEDLS,inputs_12x12,midpoint,1,single_sp_build_time_s,1.1906147003173828
20260915_054755,C0+C0p+C3+FLOW+MTC+S11+WARM+PRE+K5+K7+FILT+MD+SEED+SEEDLS,inputs_12x12,midpoint,1,single_sp_solve_time_s,0.8710489273071289
20260915_054755,C0+C0p+C3+FLOW+MTC+S11+WARM+PRE+K5+K7+FILT+MD+SEED+SEEDLS,inputs_12x12,midpoint,1,single_sp_time_s,2.0616636276245117
20260915_054755,C0+C0p+C3+FLOW+MTC+S11+WARM+PRE+K5+K7+FILT+MD+SEED+SEEDLS,inputs_12x12,midpoint,1,cache_lookup_time_s,0.001377400942146778
20260915_054755,C0+C0p+C3+FLOW+MTC+S11+WARM+PRE+K5+K7+FILT+MD+SEED+SEEDLS,inputs_12x12,midpoint,1,est_prevented_solve_time_s,0.3854484558105469
20260915_054755,C0+C0p+C3+FLOW+MTC+S11+WARM+PRE+K5+K7+FILT+MD+SEED+SEEDLS,inputs_12x12,midpoint,1,single_sp_status_FEASIBLE_VERIFIED,325
20260915_054755,C0+C0p+C3+FLOW+MTC+S11+WARM+PRE+K5+K7+FILT+MD+SEED+SEEDLS,inputs_12x12,midpoint,1,single_sp_status_INFEASIBLE_PROVEN,7
20260915_054755,C0+C0p+C3+FLOW+MTC+S11+WARM+PRE+K5+K7+FILT+MD+SEED+SEEDLS,inputs_12x12,midpoint,1,single_sp_status_UNKNOWN,0
20260915_054755,C0+C0p+C3+FLOW+MTC+S11+WARM+PRE+K5+K7+FILT+MD+SEED+SEEDLS,inputs_12x12,midpoint,1,dup_cuts_prevented,0
20260915_054755,C0+C0p+C3+FLOW+MTC+S11+WARM+PRE+K5+K7+FILT+MD+SEED+SEEDLS,inputs_12x12,midpoint,1,single_sp_distinct,332
20260915_054755,C0+C0p+C3+FLOW+MTC+S11+WARM+PRE+K5+K7+FILT+MD+SEED+SEEDLS,inputs_12x12,midpoint,1,master_time_s,1617.5748603343964
20260915_054755,C0+C0p+C3+FLOW+MTC+S11+WARM+PRE+K5+K7+FILT+MD+SEED+SEEDLS,inputs_12x12,midpoint,1,sp_time_s,0.16910624504089355
20260915_054755,C0+C0p+C3+FLOW+MTC+S11+WARM+PRE+K5+K7+FILT+MD+SEED+SEEDLS,inputs_12x12,midpoint,1,master_time_share,0.9998954678561414
20260915_054755,C0+C0p+C3+FLOW+MTC+S11+WARM+PRE+K5+K7+FILT+MD+SEED+SEEDLS,inputs_12x12,midpoint,1,sp_time_share,0.00010453214385861832
20260915_054755,C0+C0p+C3+FLOW+MTC+S11+WARM+PRE+K5+K7+FILT+MD+SEED+SEEDLS,inputs_12x12,midpoint,1,t_to_gap_10pct,120.0427680015564
20260915_054755,C0+C0p+C3+FLOW+MTC+S11+WARM+PRE+K5+K7+FILT+MD+SEED+SEEDLS,inputs_12x12,midpoint,1,t_to_gap_5pct,
20260915_054755,C0+C0p+C3+FLOW+MTC+S11+WARM+PRE+K5+K7+FILT+MD+SEED+SEEDLS,inputs_12x12,midpoint,1,t_to_gap_3pct,
20260915_054755,C0+C0p+C3+FLOW+MTC+S11+WARM+PRE+K5+K7+FILT+MD+SEED+SEEDLS,inputs_12x12,midpoint,1,t_to_gap_1pct,
20260915_055346,C0+C0p+C3+FLOW+MTC+S11+WARM+PRE+K5+K7+FILT+MD+SEED+SEEDLS,inputs_9x9_v57,midpoint,1,status,TIME_LIMIT
20260915_055346,C0+C0p+C3+FLOW+MTC+S11+WARM+PRE+K5+K7+FILT+MD+SEED+SEEDLS,inputs_9x9_v57,midpoint,1,LB,1799.8152423180602
20260915_055346,C0+C0p+C3+FLOW+MTC+S11+WARM+PRE+K5+K7+FILT+MD+SEED+SEEDLS,inputs_9x9_v57,midpoint,1,UB,4432.176652919132
20260915_055346,C0+C0p+C3+FLOW+MTC+S11+WARM+PRE+K5+K7+FILT+MD+SEED+SEEDLS,inputs_9x9_v57,midpoint,1,gap,0.593920688803624
20260915_055346,C0+C0p+C3+FLOW+MTC+S11+WARM+PRE+K5+K7+FILT+MD+SEED+SEEDLS,inputs_9x9_v57,midpoint,1,iterations,85
20260915_055346,C0+C0p+C3+FLOW+MTC+S11+WARM+PRE+K5+K7+FILT+MD+SEED+SEEDLS,inputs_9x9_v57,midpoint,1,runtime_s,1800.0014855861664
20260915_055346,C0+C0p+C3+FLOW+MTC+S11+WARM+PRE+K5+K7+FILT+MD+SEED+SEEDLS,inputs_9x9_v57,midpoint,1,wall_s,1800.0049562454224
20260915_055346,C0+C0p+C3+FLOW+MTC+S11+WARM+PRE+K5+K7+FILT+MD+SEED+SEEDLS,inputs_9x9_v57,midpoint,1,n_sp_calls,1
20260915_055346,C0+C0p+C3+FLOW+MTC+S11+WARM+PRE+K5+K7+FILT+MD+SEED+SEEDLS,inputs_9x9_v57,midpoint,1,incumbent_value,1799.8152423180602
20260915_055346,C0+C0p+C3+FLOW+MTC+S11+WARM+PRE+K5+K7+FILT+MD+SEED+SEEDLS,inputs_9x9_v57,midpoint,1,certified,0
20260915_055346,C0+C0p+C3+FLOW+MTC+S11+WARM+PRE+K5+K7+FILT+MD+SEED+SEEDLS,inputs_9x9_v57,midpoint,1,n_Nf,75
20260915_055346,C0+C0p+C3+FLOW+MTC+S11+WARM+PRE+K5+K7+FILT+MD+SEED+SEEDLS,inputs_9x9_v57,midpoint,1,n_K,57
20260915_055346,C0+C0p+C3+FLOW+MTC+S11+WARM+PRE+K5+K7+FILT+MD+SEED+SEEDLS,inputs_9x9_v57,midpoint,1,sp_engine,strong_resource
20260915_055346,C0+C0p+C3+FLOW+MTC+S11+WARM+PRE+K5+K7+FILT+MD+SEED+SEEDLS,inputs_9x9_v57,midpoint,1,sp_mip_gap,0.0
20260915_055346,C0+C0p+C3+FLOW+MTC+S11+WARM+PRE+K5+K7+FILT+MD+SEED+SEEDLS,inputs_9x9_v57,midpoint,1,sp_tighten,0
20260915_055346,C0+C0p+C3+FLOW+MTC+S11+WARM+PRE+K5+K7+FILT+MD+SEED+SEEDLS,inputs_9x9_v57,midpoint,1,sp_tight_gap,0.0
20260915_055346,C0+C0p+C3+FLOW+MTC+S11+WARM+PRE+K5+K7+FILT+MD+SEED+SEEDLS,inputs_9x9_v57,midpoint,1,seed_localsearch,1
20260915_055346,C0+C0p+C3+FLOW+MTC+S11+WARM+PRE+K5+K7+FILT+MD+SEED+SEEDLS,inputs_9x9_v57,midpoint,1,seed_budget_s,120.0
20260915_055346,C0+C0p+C3+FLOW+MTC+S11+WARM+PRE+K5+K7+FILT+MD+SEED+SEEDLS,inputs_9x9_v57,midpoint,1,bigm_threshold,18
20260915_055346,C0+C0p+C3+FLOW+MTC+S11+WARM+PRE+K5+K7+FILT+MD+SEED+SEEDLS,inputs_9x9_v57,midpoint,1,bigm_margin,1.0
20260915_055346,C0+C0p+C3+FLOW+MTC+S11+WARM+PRE+K5+K7+FILT+MD+SEED+SEEDLS,inputs_9x9_v57,midpoint,1,bigm_method,global_sum
20260915_055346,C0+C0p+C3+FLOW+MTC+S11+WARM+PRE+K5+K7+FILT+MD+SEED+SEEDLS,inputs_9x9_v57,midpoint,1,bigm_nodes_in_dp,0
20260915_055346,C0+C0p+C3+FLOW+MTC+S11+WARM+PRE+K5+K7+FILT+MD+SEED+SEEDLS,inputs_9x9_v57,midpoint,1,bigm_dp_completed,False
20260915_055346,C0+C0p+C3+FLOW+MTC+S11+WARM+PRE+K5+K7+FILT+MD+SEED+SEEDLS,inputs_9x9_v57,midpoint,1,M_d,504.502085034314
20260915_055346,C0+C0p+C3+FLOW+MTC+S11+WARM+PRE+K5+K7+FILT+MD+SEED+SEEDLS,inputs_9x9_v57,midpoint,1,ts_ub,455.1573360182262
20260915_055346,C0+C0p+C3+FLOW+MTC+S11+WARM+PRE+K5+K7+FILT+MD+SEED+SEEDLS,inputs_9x9_v57,midpoint,1,te_ub,484.502085034314
20260915_055346,C0+C0p+C3+FLOW+MTC+S11+WARM+PRE+K5+K7+FILT+MD+SEED+SEEDLS,inputs_9x9_v57,midpoint,1,seed_LB,1799.8152423180602
20260915_055346,C0+C0p+C3+FLOW+MTC+S11+WARM+PRE+K5+K7+FILT+MD+SEED+SEEDLS,inputs_9x9_v57,midpoint,1,seed_time_s,120.01730799674988
20260915_055346,C0+C0p+C3+FLOW+MTC+S11+WARM+PRE+K5+K7+FILT+MD+SEED+SEEDLS,inputs_9x9_v57,midpoint,1,seed_source,localsearch
20260915_055346,C0+C0p+C3+FLOW+MTC+S11+WARM+PRE+K5+K7+FILT+MD+SEED+SEEDLS,inputs_9x9_v57,midpoint,1,spcall_TIME_LIMIT_WITH_INCUMBENT,1
20260915_055346,C0+C0p+C3+FLOW+MTC+S11+WARM+PRE+K5+K7+FILT+MD+SEED+SEEDLS,inputs_9x9_v57,midpoint,1,cut_singleton_infeasible,557
20260915_055346,C0+C0p+C3+FLOW+MTC+S11+WARM+PRE+K5+K7+FILT+MD+SEED+SEEDLS,inputs_9x9_v57,midpoint,1,singleton_cache_enabled,1
20260915_055346,C0+C0p+C3+FLOW+MTC+S11+WARM+PRE+K5+K7+FILT+MD+SEED+SEEDLS,inputs_9x9_v57,midpoint,1,single_sp_requests,3390
20260915_055346,C0+C0p+C3+FLOW+MTC+S11+WARM+PRE+K5+K7+FILT+MD+SEED+SEEDLS,inputs_9x9_v57,midpoint,1,single_sp_solves,1194
20260915_055346,C0+C0p+C3+FLOW+MTC+S11+WARM+PRE+K5+K7+FILT+MD+SEED+SEEDLS,inputs_9x9_v57,midpoint,1,single_sp_cache_hits,2196
20260915_055346,C0+C0p+C3+FLOW+MTC+S11+WARM+PRE+K5+K7+FILT+MD+SEED+SEEDLS,inputs_9x9_v57,midpoint,1,single_sp_build_time_s,2.553995370864868
20260915_055346,C0+C0p+C3+FLOW+MTC+S11+WARM+PRE+K5+K7+FILT+MD+SEED+SEEDLS,inputs_9x9_v57,midpoint,1,single_sp_solve_time_s,2.8679754734039307
20260915_055346,C0+C0p+C3+FLOW+MTC+S11+WARM+PRE+K5+K7+FILT+MD+SEED+SEEDLS,inputs_9x9_v57,midpoint,1,single_sp_time_s,5.421970844268799
20260915_055346,C0+C0p+C3+FLOW+MTC+S11+WARM+PRE+K5+K7+FILT+MD+SEED+SEEDLS,inputs_9x9_v57,midpoint,1,cache_lookup_time_s,0.00785270519554615
20260915_055346,C0+C0p+C3+FLOW+MTC+S11+WARM+PRE+K5+K7+FILT+MD+SEED+SEEDLS,inputs_9x9_v57,midpoint,1,est_prevented_solve_time_s,12.953044414520264
20260915_055346,C0+C0p+C3+FLOW+MTC+S11+WARM+PRE+K5+K7+FILT+MD+SEED+SEEDLS,inputs_9x9_v57,midpoint,1,single_sp_status_FEASIBLE_VERIFIED,1065
20260915_055346,C0+C0p+C3+FLOW+MTC+S11+WARM+PRE+K5+K7+FILT+MD+SEED+SEEDLS,inputs_9x9_v57,midpoint,1,single_sp_status_INFEASIBLE_PROVEN,129
20260915_055346,C0+C0p+C3+FLOW+MTC+S11+WARM+PRE+K5+K7+FILT+MD+SEED+SEEDLS,inputs_9x9_v57,midpoint,1,single_sp_status_UNKNOWN,0
20260915_055346,C0+C0p+C3+FLOW+MTC+S11+WARM+PRE+K5+K7+FILT+MD+SEED+SEEDLS,inputs_9x9_v57,midpoint,1,dup_cuts_prevented,0
20260915_055346,C0+C0p+C3+FLOW+MTC+S11+WARM+PRE+K5+K7+FILT+MD+SEED+SEEDLS,inputs_9x9_v57,midpoint,1,single_sp_distinct,1194
20260915_055346,C0+C0p+C3+FLOW+MTC+S11+WARM+PRE+K5+K7+FILT+MD+SEED+SEEDLS,inputs_9x9_v57,midpoint,1,master_time_s,1674.4105050563812
20260915_055346,C0+C0p+C3+FLOW+MTC+S11+WARM+PRE+K5+K7+FILT+MD+SEED+SEEDLS,inputs_9x9_v57,midpoint,1,sp_time_s,0.0
20260915_055346,C0+C0p+C3+FLOW+MTC+S11+WARM+PRE+K5+K7+FILT+MD+SEED+SEEDLS,inputs_9x9_v57,midpoint,1,master_time_share,1.0
20260915_055346,C0+C0p+C3+FLOW+MTC+S11+WARM+PRE+K5+K7+FILT+MD+SEED+SEEDLS,inputs_9x9_v57,midpoint,1,sp_time_share,0.0
20260915_055346,C0+C0p+C3+FLOW+MTC+S11+WARM+PRE+K5+K7+FILT+MD+SEED+SEEDLS,inputs_9x9_v57,midpoint,1,t_to_gap_10pct,
20260915_055346,C0+C0p+C3+FLOW+MTC+S11+WARM+PRE+K5+K7+FILT+MD+SEED+SEEDLS,inputs_9x9_v57,midpoint,1,t_to_gap_5pct,
20260915_055346,C0+C0p+C3+FLOW+MTC+S11+WARM+PRE+K5+K7+FILT+MD+SEED+SEEDLS,inputs_9x9_v57,midpoint,1,t_to_gap_3pct,
20260915_055346,C0+C0p+C3+FLOW+MTC+S11+WARM+PRE+K5+K7+FILT+MD+SEED+SEEDLS,inputs_9x9_v57,midpoint,1,t_to_gap_1pct,
20260915_055748,C0+C0p+C3+FLOW+MTC+S11+WARM+PRE+K5+K7+FILT+MD+SEED+SEEDLS,inputs_9x9_v114,midpoint,1,status,TIME_LIMIT
20260915_055748,C0+C0p+C3+FLOW+MTC+S11+WARM+PRE+K5+K7+FILT+MD+SEED+SEEDLS,inputs_9x9_v114,midpoint,1,LB,2451.333898089567
20260915_055748,C0+C0p+C3+FLOW+MTC+S11+WARM+PRE+K5+K7+FILT+MD+SEED+SEEDLS,inputs_9x9_v114,midpoint,1,UB,4463.118650233666
20260915_055748,C0+C0p+C3+FLOW+MTC+S11+WARM+PRE+K5+K7+FILT+MD+SEED+SEEDLS,inputs_9x9_v114,midpoint,1,gap,0.4507576225962024
20260915_055748,C0+C0p+C3+FLOW+MTC+S11+WARM+PRE+K5+K7+FILT+MD+SEED+SEEDLS,inputs_9x9_v114,midpoint,1,iterations,280
20260915_055748,C0+C0p+C3+FLOW+MTC+S11+WARM+PRE+K5+K7+FILT+MD+SEED+SEEDLS,inputs_9x9_v114,midpoint,1,runtime_s,1800.001225233078
20260915_055748,C0+C0p+C3+FLOW+MTC+S11+WARM+PRE+K5+K7+FILT+MD+SEED+SEEDLS,inputs_9x9_v114,midpoint,1,wall_s,1800.00386095047
20260915_055748,C0+C0p+C3+FLOW+MTC+S11+WARM+PRE+K5+K7+FILT+MD+SEED+SEEDLS,inputs_9x9_v114,midpoint,1,n_sp_calls,2
20260915_055748,C0+C0p+C3+FLOW+MTC+S11+WARM+PRE+K5+K7+FILT+MD+SEED+SEEDLS,inputs_9x9_v114,midpoint,1,incumbent_value,2451.333898089567
20260915_055748,C0+C0p+C3+FLOW+MTC+S11+WARM+PRE+K5+K7+FILT+MD+SEED+SEEDLS,inputs_9x9_v114,midpoint,1,certified,0
20260915_055748,C0+C0p+C3+FLOW+MTC+S11+WARM+PRE+K5+K7+FILT+MD+SEED+SEEDLS,inputs_9x9_v114,midpoint,1,n_Nf,75
20260915_055748,C0+C0p+C3+FLOW+MTC+S11+WARM+PRE+K5+K7+FILT+MD+SEED+SEEDLS,inputs_9x9_v114,midpoint,1,n_K,114
20260915_055748,C0+C0p+C3+FLOW+MTC+S11+WARM+PRE+K5+K7+FILT+MD+SEED+SEEDLS,inputs_9x9_v114,midpoint,1,sp_engine,strong_resource
20260915_055748,C0+C0p+C3+FLOW+MTC+S11+WARM+PRE+K5+K7+FILT+MD+SEED+SEEDLS,inputs_9x9_v114,midpoint,1,sp_mip_gap,0.0
20260915_055748,C0+C0p+C3+FLOW+MTC+S11+WARM+PRE+K5+K7+FILT+MD+SEED+SEEDLS,inputs_9x9_v114,midpoint,1,sp_tighten,0
20260915_055748,C0+C0p+C3+FLOW+MTC+S11+WARM+PRE+K5+K7+FILT+MD+SEED+SEEDLS,inputs_9x9_v114,midpoint,1,sp_tight_gap,0.0
20260915_055748,C0+C0p+C3+FLOW+MTC+S11+WARM+PRE+K5+K7+FILT+MD+SEED+SEEDLS,inputs_9x9_v114,midpoint,1,seed_localsearch,1
20260915_055748,C0+C0p+C3+FLOW+MTC+S11+WARM+PRE+K5+K7+FILT+MD+SEED+SEEDLS,inputs_9x9_v114,midpoint,1,seed_budget_s,120.0
20260915_055748,C0+C0p+C3+FLOW+MTC+S11+WARM+PRE+K5+K7+FILT+MD+SEED+SEEDLS,inputs_9x9_v114,midpoint,1,bigm_threshold,18
20260915_055748,C0+C0p+C3+FLOW+MTC+S11+WARM+PRE+K5+K7+FILT+MD+SEED+SEEDLS,inputs_9x9_v114,midpoint,1,bigm_margin,1.0
20260915_055748,C0+C0p+C3+FLOW+MTC+S11+WARM+PRE+K5+K7+FILT+MD+SEED+SEEDLS,inputs_9x9_v114,midpoint,1,bigm_method,global_sum
20260915_055748,C0+C0p+C3+FLOW+MTC+S11+WARM+PRE+K5+K7+FILT+MD+SEED+SEEDLS,inputs_9x9_v114,midpoint,1,bigm_nodes_in_dp,0
20260915_055748,C0+C0p+C3+FLOW+MTC+S11+WARM+PRE+K5+K7+FILT+MD+SEED+SEEDLS,inputs_9x9_v114,midpoint,1,bigm_dp_completed,False
20260915_055748,C0+C0p+C3+FLOW+MTC+S11+WARM+PRE+K5+K7+FILT+MD+SEED+SEEDLS,inputs_9x9_v114,midpoint,1,M_d,504.502085034314
20260915_055748,C0+C0p+C3+FLOW+MTC+S11+WARM+PRE+K5+K7+FILT+MD+SEED+SEEDLS,inputs_9x9_v114,midpoint,1,ts_ub,455.1573360182262
20260915_055748,C0+C0p+C3+FLOW+MTC+S11+WARM+PRE+K5+K7+FILT+MD+SEED+SEEDLS,inputs_9x9_v114,midpoint,1,te_ub,484.502085034314
20260915_055748,C0+C0p+C3+FLOW+MTC+S11+WARM+PRE+K5+K7+FILT+MD+SEED+SEEDLS,inputs_9x9_v114,midpoint,1,seed_LB,2451.333898089567
20260915_055748,C0+C0p+C3+FLOW+MTC+S11+WARM+PRE+K5+K7+FILT+MD+SEED+SEEDLS,inputs_9x9_v114,midpoint,1,seed_time_s,120.03150534629822
20260915_055748,C0+C0p+C3+FLOW+MTC+S11+WARM+PRE+K5+K7+FILT+MD+SEED+SEEDLS,inputs_9x9_v114,midpoint,1,seed_source,localsearch
20260915_055748,C0+C0p+C3+FLOW+MTC+S11+WARM+PRE+K5+K7+FILT+MD+SEED+SEEDLS,inputs_9x9_v114,midpoint,1,spcall_INFEASIBLE_PROVEN,1
20260915_055748,C0+C0p+C3+FLOW+MTC+S11+WARM+PRE+K5+K7+FILT+MD+SEED+SEEDLS,inputs_9x9_v114,midpoint,1,spcall_TIME_LIMIT_WITH_INCUMBENT,1
20260915_055748,C0+C0p+C3+FLOW+MTC+S11+WARM+PRE+K5+K7+FILT+MD+SEED+SEEDLS,inputs_9x9_v114,midpoint,1,cut_singleton_infeasible,309
20260915_055748,C0+C0p+C3+FLOW+MTC+S11+WARM+PRE+K5+K7+FILT+MD+SEED+SEEDLS,inputs_9x9_v114,midpoint,1,cut_cell_optimality,18
20260915_055748,C0+C0p+C3+FLOW+MTC+S11+WARM+PRE+K5+K7+FILT+MD+SEED+SEEDLS,inputs_9x9_v114,midpoint,1,cut_conflict_infeasible,1
20260915_055748,C0+C0p+C3+FLOW+MTC+S11+WARM+PRE+K5+K7+FILT+MD+SEED+SEEDLS,inputs_9x9_v114,midpoint,1,singleton_cache_enabled,1
20260915_055748,C0+C0p+C3+FLOW+MTC+S11+WARM+PRE+K5+K7+FILT+MD+SEED+SEEDLS,inputs_9x9_v114,midpoint,1,single_sp_requests,10609
20260915_055748,C0+C0p+C3+FLOW+MTC+S11+WARM+PRE+K5+K7+FILT+MD+SEED+SEEDLS,inputs_9x9_v114,midpoint,1,single_sp_solves,1146
20260915_055748,C0+C0p+C3+FLOW+MTC+S11+WARM+PRE+K5+K7+FILT+MD+SEED+SEEDLS,inputs_9x9_v114,midpoint,1,single_sp_cache_hits,9463
20260915_055748,C0+C0p+C3+FLOW+MTC+S11+WARM+PRE+K5+K7+FILT+MD+SEED+SEEDLS,inputs_9x9_v114,midpoint,1,single_sp_build_time_s,4.966041326522827
20260915_055748,C0+C0p+C3+FLOW+MTC+S11+WARM+PRE+K5+K7+FILT+MD+SEED+SEEDLS,inputs_9x9_v114,midpoint,1,single_sp_solve_time_s,5.976085186004639
20260915_055748,C0+C0p+C3+FLOW+MTC+S11+WARM+PRE+K5+K7+FILT+MD+SEED+SEEDLS,inputs_9x9_v114,midpoint,1,single_sp_time_s,10.942126512527466
20260915_055748,C0+C0p+C3+FLOW+MTC+S11+WARM+PRE+K5+K7+FILT+MD+SEED+SEEDLS,inputs_9x9_v114,midpoint,1,cache_lookup_time_s,0.018146147951483727
20260915_055748,C0+C0p+C3+FLOW+MTC+S11+WARM+PRE+K5+K7+FILT+MD+SEED+SEEDLS,inputs_9x9_v114,midpoint,1,est_prevented_solve_time_s,79.62298655509949
20260915_055748,C0+C0p+C3+FLOW+MTC+S11+WARM+PRE+K5+K7+FILT+MD+SEED+SEEDLS,inputs_9x9_v114,midpoint,1,single_sp_status_FEASIBLE_VERIFIED,1141
20260915_055748,C0+C0p+C3+FLOW+MTC+S11+WARM+PRE+K5+K7+FILT+MD+SEED+SEEDLS,inputs_9x9_v114,midpoint,1,single_sp_status_INFEASIBLE_PROVEN,5
20260915_055748,C0+C0p+C3+FLOW+MTC+S11+WARM+PRE+K5+K7+FILT+MD+SEED+SEEDLS,inputs_9x9_v114,midpoint,1,single_sp_status_UNKNOWN,0
20260915_055748,C0+C0p+C3+FLOW+MTC+S11+WARM+PRE+K5+K7+FILT+MD+SEED+SEEDLS,inputs_9x9_v114,midpoint,1,dup_cuts_prevented,0
20260915_055748,C0+C0p+C3+FLOW+MTC+S11+WARM+PRE+K5+K7+FILT+MD+SEED+SEEDLS,inputs_9x9_v114,midpoint,1,single_sp_distinct,1146
20260915_055748,C0+C0p+C3+FLOW+MTC+S11+WARM+PRE+K5+K7+FILT+MD+SEED+SEEDLS,inputs_9x9_v114,midpoint,1,master_time_s,1666.4084358215332
20260915_055748,C0+C0p+C3+FLOW+MTC+S11+WARM+PRE+K5+K7+FILT+MD+SEED+SEEDLS,inputs_9x9_v114,midpoint,1,sp_time_s,0.07366132736206055
20260915_055748,C0+C0p+C3+FLOW+MTC+S11+WARM+PRE+K5+K7+FILT+MD+SEED+SEEDLS,inputs_9x9_v114,midpoint,1,master_time_share,0.9999557983086118
20260915_055748,C0+C0p+C3+FLOW+MTC+S11+WARM+PRE+K5+K7+FILT+MD+SEED+SEEDLS,inputs_9x9_v114,midpoint,1,sp_time_share,4.420169138815484e-05
20260915_055748,C0+C0p+C3+FLOW+MTC+S11+WARM+PRE+K5+K7+FILT+MD+SEED+SEEDLS,inputs_9x9_v114,midpoint,1,t_to_gap_10pct,
20260915_055748,C0+C0p+C3+FLOW+MTC+S11+WARM+PRE+K5+K7+FILT+MD+SEED+SEEDLS,inputs_9x9_v114,midpoint,1,t_to_gap_5pct,
20260915_055748,C0+C0p+C3+FLOW+MTC+S11+WARM+PRE+K5+K7+FILT+MD+SEED+SEEDLS,inputs_9x9_v114,midpoint,1,t_to_gap_3pct,
20260915_055748,C0+C0p+C3+FLOW+MTC+S11+WARM+PRE+K5+K7+FILT+MD+SEED+SEEDLS,inputs_9x9_v114,midpoint,1,t_to_gap_1pct,
20260915_060920,C0+C0p+C3+FLOW+MTC+S11+WARM+PRE+K5+K7+FILT+MD+SEED+SEEDLS,inputs_9x9_v209,midpoint,1,status,TIME_LIMIT
20260915_060920,C0+C0p+C3+FLOW+MTC+S11+WARM+PRE+K5+K7+FILT+MD+SEED+SEEDLS,inputs_9x9_v209,midpoint,1,LB,2570.986200551378
20260915_060920,C0+C0p+C3+FLOW+MTC+S11+WARM+PRE+K5+K7+FILT+MD+SEED+SEEDLS,inputs_9x9_v209,midpoint,1,UB,4488.670416751639
20260915_060920,C0+C0p+C3+FLOW+MTC+S11+WARM+PRE+K5+K7+FILT+MD+SEED+SEEDLS,inputs_9x9_v209,midpoint,1,gap,0.42722767281899277
20260915_060920,C0+C0p+C3+FLOW+MTC+S11+WARM+PRE+K5+K7+FILT+MD+SEED+SEEDLS,inputs_9x9_v209,midpoint,1,iterations,268
20260915_060920,C0+C0p+C3+FLOW+MTC+S11+WARM+PRE+K5+K7+FILT+MD+SEED+SEEDLS,inputs_9x9_v209,midpoint,1,runtime_s,1800.001437664032
20260915_060920,C0+C0p+C3+FLOW+MTC+S11+WARM+PRE+K5+K7+FILT+MD+SEED+SEEDLS,inputs_9x9_v209,midpoint,1,wall_s,1800.0050926208496
20260915_060920,C0+C0p+C3+FLOW+MTC+S11+WARM+PRE+K5+K7+FILT+MD+SEED+SEEDLS,inputs_9x9_v209,midpoint,1,n_sp_calls,2
20260915_060920,C0+C0p+C3+FLOW+MTC+S11+WARM+PRE+K5+K7+FILT+MD+SEED+SEEDLS,inputs_9x9_v209,midpoint,1,incumbent_value,2570.986200551378
20260915_060920,C0+C0p+C3+FLOW+MTC+S11+WARM+PRE+K5+K7+FILT+MD+SEED+SEEDLS,inputs_9x9_v209,midpoint,1,certified,0
20260915_060920,C0+C0p+C3+FLOW+MTC+S11+WARM+PRE+K5+K7+FILT+MD+SEED+SEEDLS,inputs_9x9_v209,midpoint,1,n_Nf,75
20260915_060920,C0+C0p+C3+FLOW+MTC+S11+WARM+PRE+K5+K7+FILT+MD+SEED+SEEDLS,inputs_9x9_v209,midpoint,1,n_K,209
20260915_060920,C0+C0p+C3+FLOW+MTC+S11+WARM+PRE+K5+K7+FILT+MD+SEED+SEEDLS,inputs_9x9_v209,midpoint,1,sp_engine,strong_resource
20260915_060920,C0+C0p+C3+FLOW+MTC+S11+WARM+PRE+K5+K7+FILT+MD+SEED+SEEDLS,inputs_9x9_v209,midpoint,1,sp_mip_gap,0.0
20260915_060920,C0+C0p+C3+FLOW+MTC+S11+WARM+PRE+K5+K7+FILT+MD+SEED+SEEDLS,inputs_9x9_v209,midpoint,1,sp_tighten,0
20260915_060920,C0+C0p+C3+FLOW+MTC+S11+WARM+PRE+K5+K7+FILT+MD+SEED+SEEDLS,inputs_9x9_v209,midpoint,1,sp_tight_gap,0.0
20260915_060920,C0+C0p+C3+FLOW+MTC+S11+WARM+PRE+K5+K7+FILT+MD+SEED+SEEDLS,inputs_9x9_v209,midpoint,1,seed_localsearch,1
20260915_060920,C0+C0p+C3+FLOW+MTC+S11+WARM+PRE+K5+K7+FILT+MD+SEED+SEEDLS,inputs_9x9_v209,midpoint,1,seed_budget_s,120.0
20260915_060920,C0+C0p+C3+FLOW+MTC+S11+WARM+PRE+K5+K7+FILT+MD+SEED+SEEDLS,inputs_9x9_v209,midpoint,1,bigm_threshold,18
20260915_060920,C0+C0p+C3+FLOW+MTC+S11+WARM+PRE+K5+K7+FILT+MD+SEED+SEEDLS,inputs_9x9_v209,midpoint,1,bigm_margin,1.0
20260915_060920,C0+C0p+C3+FLOW+MTC+S11+WARM+PRE+K5+K7+FILT+MD+SEED+SEEDLS,inputs_9x9_v209,midpoint,1,bigm_method,global_sum
20260915_060920,C0+C0p+C3+FLOW+MTC+S11+WARM+PRE+K5+K7+FILT+MD+SEED+SEEDLS,inputs_9x9_v209,midpoint,1,bigm_nodes_in_dp,0
20260915_060920,C0+C0p+C3+FLOW+MTC+S11+WARM+PRE+K5+K7+FILT+MD+SEED+SEEDLS,inputs_9x9_v209,midpoint,1,bigm_dp_completed,False
20260915_060920,C0+C0p+C3+FLOW+MTC+S11+WARM+PRE+K5+K7+FILT+MD+SEED+SEEDLS,inputs_9x9_v209,midpoint,1,M_d,504.502085034314
20260915_060920,C0+C0p+C3+FLOW+MTC+S11+WARM+PRE+K5+K7+FILT+MD+SEED+SEEDLS,inputs_9x9_v209,midpoint,1,ts_ub,455.1573360182262
20260915_060920,C0+C0p+C3+FLOW+MTC+S11+WARM+PRE+K5+K7+FILT+MD+SEED+SEEDLS,inputs_9x9_v209,midpoint,1,te_ub,484.502085034314
20260915_060920,C0+C0p+C3+FLOW+MTC+S11+WARM+PRE+K5+K7+FILT+MD+SEED+SEEDLS,inputs_9x9_v209,midpoint,1,seed_LB,2570.986200551378
20260915_060920,C0+C0p+C3+FLOW+MTC+S11+WARM+PRE+K5+K7+FILT+MD+SEED+SEEDLS,inputs_9x9_v209,midpoint,1,seed_time_s,120.06437730789185
20260915_060920,C0+C0p+C3+FLOW+MTC+S11+WARM+PRE+K5+K7+FILT+MD+SEED+SEEDLS,inputs_9x9_v209,midpoint,1,seed_source,localsearch
20260915_060920,C0+C0p+C3+FLOW+MTC+S11+WARM+PRE+K5+K7+FILT+MD+SEED+SEEDLS,inputs_9x9_v209,midpoint,1,spcall_INFEASIBLE_PROVEN,1
20260915_060920,C0+C0p+C3+FLOW+MTC+S11+WARM+PRE+K5+K7+FILT+MD+SEED+SEEDLS,inputs_9x9_v209,midpoint,1,spcall_TIME_LIMIT_WITH_INCUMBENT,1
20260915_060920,C0+C0p+C3+FLOW+MTC+S11+WARM+PRE+K5+K7+FILT+MD+SEED+SEEDLS,inputs_9x9_v209,midpoint,1,cut_singleton_infeasible,268
20260915_060920,C0+C0p+C3+FLOW+MTC+S11+WARM+PRE+K5+K7+FILT+MD+SEED+SEEDLS,inputs_9x9_v209,midpoint,1,cut_cell_optimality,15
20260915_060920,C0+C0p+C3+FLOW+MTC+S11+WARM+PRE+K5+K7+FILT+MD+SEED+SEEDLS,inputs_9x9_v209,midpoint,1,cut_conflict_infeasible,1
20260915_060920,C0+C0p+C3+FLOW+MTC+S11+WARM+PRE+K5+K7+FILT+MD+SEED+SEEDLS,inputs_9x9_v209,midpoint,1,singleton_cache_enabled,1
20260915_060920,C0+C0p+C3+FLOW+MTC+S11+WARM+PRE+K5+K7+FILT+MD+SEED+SEEDLS,inputs_9x9_v209,midpoint,1,single_sp_requests,10273
20260915_060920,C0+C0p+C3+FLOW+MTC+S11+WARM+PRE+K5+K7+FILT+MD+SEED+SEEDLS,inputs_9x9_v209,midpoint,1,single_sp_solves,1950
20260915_060920,C0+C0p+C3+FLOW+MTC+S11+WARM+PRE+K5+K7+FILT+MD+SEED+SEEDLS,inputs_9x9_v209,midpoint,1,single_sp_cache_hits,8323
20260915_060920,C0+C0p+C3+FLOW+MTC+S11+WARM+PRE+K5+K7+FILT+MD+SEED+SEEDLS,inputs_9x9_v209,midpoint,1,single_sp_build_time_s,15.799866199493408
20260915_060920,C0+C0p+C3+FLOW+MTC+S11+WARM+PRE+K5+K7+FILT+MD+SEED+SEEDLS,inputs_9x9_v209,midpoint,1,single_sp_solve_time_s,17.711620807647705
20260915_060920,C0+C0p+C3+FLOW+MTC+S11+WARM+PRE+K5+K7+FILT+MD+SEED+SEEDLS,inputs_9x9_v209,midpoint,1,single_sp_time_s,33.51148700714111
20260915_060920,C0+C0p+C3+FLOW+MTC+S11+WARM+PRE+K5+K7+FILT+MD+SEED+SEEDLS,inputs_9x9_v209,midpoint,1,cache_lookup_time_s,0.022019690833985806
20260915_060920,C0+C0p+C3+FLOW+MTC+S11+WARM+PRE+K5+K7+FILT+MD+SEED+SEEDLS,inputs_9x9_v209,midpoint,1,est_prevented_solve_time_s,178.18387031555176
20260915_060920,C0+C0p+C3+FLOW+MTC+S11+WARM+PRE+K5+K7+FILT+MD+SEED+SEEDLS,inputs_9x9_v209,midpoint,1,single_sp_status_FEASIBLE_VERIFIED,1947
20260915_060920,C0+C0p+C3+FLOW+MTC+S11+WARM+PRE+K5+K7+FILT+MD+SEED+SEEDLS,inputs_9x9_v209,midpoint,1,single_sp_status_INFEASIBLE_PROVEN,3
20260915_060920,C0+C0p+C3+FLOW+MTC+S11+WARM+PRE+K5+K7+FILT+MD+SEED+SEEDLS,inputs_9x9_v209,midpoint,1,single_sp_status_UNKNOWN,0
20260915_060920,C0+C0p+C3+FLOW+MTC+S11+WARM+PRE+K5+K7+FILT+MD+SEED+SEEDLS,inputs_9x9_v209,midpoint,1,dup_cuts_prevented,0
20260915_060920,C0+C0p+C3+FLOW+MTC+S11+WARM+PRE+K5+K7+FILT+MD+SEED+SEEDLS,inputs_9x9_v209,midpoint,1,single_sp_distinct,1950
20260915_060920,C0+C0p+C3+FLOW+MTC+S11+WARM+PRE+K5+K7+FILT+MD+SEED+SEEDLS,inputs_9x9_v209,midpoint,1,master_time_s,1585.0578215122223
20260915_060920,C0+C0p+C3+FLOW+MTC+S11+WARM+PRE+K5+K7+FILT+MD+SEED+SEEDLS,inputs_9x9_v209,midpoint,1,sp_time_s,0.6055769920349121
20260915_060920,C0+C0p+C3+FLOW+MTC+S11+WARM+PRE+K5+K7+FILT+MD+SEED+SEEDLS,inputs_9x9_v209,midpoint,1,master_time_share,0.9996180923438063
20260915_060920,C0+C0p+C3+FLOW+MTC+S11+WARM+PRE+K5+K7+FILT+MD+SEED+SEEDLS,inputs_9x9_v209,midpoint,1,sp_time_share,0.00038190765619370903
20260915_060920,C0+C0p+C3+FLOW+MTC+S11+WARM+PRE+K5+K7+FILT+MD+SEED+SEEDLS,inputs_9x9_v209,midpoint,1,t_to_gap_10pct,
20260915_060920,C0+C0p+C3+FLOW+MTC+S11+WARM+PRE+K5+K7+FILT+MD+SEED+SEEDLS,inputs_9x9_v209,midpoint,1,t_to_gap_5pct,
20260915_060920,C0+C0p+C3+FLOW+MTC+S11+WARM+PRE+K5+K7+FILT+MD+SEED+SEEDLS,inputs_9x9_v209,midpoint,1,t_to_gap_3pct,
20260915_060920,C0+C0p+C3+FLOW+MTC+S11+WARM+PRE+K5+K7+FILT+MD+SEED+SEEDLS,inputs_9x9_v209,midpoint,1,t_to_gap_1pct,
20260915_061704,C0+C0p+C3+FLOW+MTC+S11+WARM+PRE+K5+K7+FILT+MD+SEED+SEEDLS,inputs_9x9_v437,midpoint,1,status,TIME_LIMIT
20260915_061704,C0+C0p+C3+FLOW+MTC+S11+WARM+PRE+K5+K7+FILT+MD+SEED+SEEDLS,inputs_9x9_v437,midpoint,1,LB,4257.133190181673
20260915_061704,C0+C0p+C3+FLOW+MTC+S11+WARM+PRE+K5+K7+FILT+MD+SEED+SEEDLS,inputs_9x9_v437,midpoint,1,UB,4515.539800366992
20260915_061704,C0+C0p+C3+FLOW+MTC+S11+WARM+PRE+K5+K7+FILT+MD+SEED+SEEDLS,inputs_9x9_v437,midpoint,1,gap,0.05722607298563001
20260915_061704,C0+C0p+C3+FLOW+MTC+S11+WARM+PRE+K5+K7+FILT+MD+SEED+SEEDLS,inputs_9x9_v437,midpoint,1,iterations,259
20260915_061704,C0+C0p+C3+FLOW+MTC+S11+WARM+PRE+K5+K7+FILT+MD+SEED+SEEDLS,inputs_9x9_v437,midpoint,1,runtime_s,1800.0018870830536
20260915_061704,C0+C0p+C3+FLOW+MTC+S11+WARM+PRE+K5+K7+FILT+MD+SEED+SEEDLS,inputs_9x9_v437,midpoint,1,wall_s,1800.011087179184
20260915_061704,C0+C0p+C3+FLOW+MTC+S11+WARM+PRE+K5+K7+FILT+MD+SEED+SEEDLS,inputs_9x9_v437,midpoint,1,n_sp_calls,3
20260915_061704,C0+C0p+C3+FLOW+MTC+S11+WARM+PRE+K5+K7+FILT+MD+SEED+SEEDLS,inputs_9x9_v437,midpoint,1,incumbent_value,4257.133190181673
20260915_061704,C0+C0p+C3+FLOW+MTC+S11+WARM+PRE+K5+K7+FILT+MD+SEED+SEEDLS,inputs_9x9_v437,midpoint,1,certified,0
20260915_061704,C0+C0p+C3+FLOW+MTC+S11+WARM+PRE+K5+K7+FILT+MD+SEED+SEEDLS,inputs_9x9_v437,midpoint,1,n_Nf,75
20260915_061704,C0+C0p+C3+FLOW+MTC+S11+WARM+PRE+K5+K7+FILT+MD+SEED+SEEDLS,inputs_9x9_v437,midpoint,1,n_K,437
20260915_061704,C0+C0p+C3+FLOW+MTC+S11+WARM+PRE+K5+K7+FILT+MD+SEED+SEEDLS,inputs_9x9_v437,midpoint,1,sp_engine,strong_resource
20260915_061704,C0+C0p+C3+FLOW+MTC+S11+WARM+PRE+K5+K7+FILT+MD+SEED+SEEDLS,inputs_9x9_v437,midpoint,1,sp_mip_gap,0.0
20260915_061704,C0+C0p+C3+FLOW+MTC+S11+WARM+PRE+K5+K7+FILT+MD+SEED+SEEDLS,inputs_9x9_v437,midpoint,1,sp_tighten,0
20260915_061704,C0+C0p+C3+FLOW+MTC+S11+WARM+PRE+K5+K7+FILT+MD+SEED+SEEDLS,inputs_9x9_v437,midpoint,1,sp_tight_gap,0.0
20260915_061704,C0+C0p+C3+FLOW+MTC+S11+WARM+PRE+K5+K7+FILT+MD+SEED+SEEDLS,inputs_9x9_v437,midpoint,1,seed_localsearch,1
20260915_061704,C0+C0p+C3+FLOW+MTC+S11+WARM+PRE+K5+K7+FILT+MD+SEED+SEEDLS,inputs_9x9_v437,midpoint,1,seed_budget_s,120.0
20260915_061704,C0+C0p+C3+FLOW+MTC+S11+WARM+PRE+K5+K7+FILT+MD+SEED+SEEDLS,inputs_9x9_v437,midpoint,1,bigm_threshold,18
20260915_061704,C0+C0p+C3+FLOW+MTC+S11+WARM+PRE+K5+K7+FILT+MD+SEED+SEEDLS,inputs_9x9_v437,midpoint,1,bigm_margin,1.0
20260915_061704,C0+C0p+C3+FLOW+MTC+S11+WARM+PRE+K5+K7+FILT+MD+SEED+SEEDLS,inputs_9x9_v437,midpoint,1,bigm_method,global_sum
20260915_061704,C0+C0p+C3+FLOW+MTC+S11+WARM+PRE+K5+K7+FILT+MD+SEED+SEEDLS,inputs_9x9_v437,midpoint,1,bigm_nodes_in_dp,0
20260915_061704,C0+C0p+C3+FLOW+MTC+S11+WARM+PRE+K5+K7+FILT+MD+SEED+SEEDLS,inputs_9x9_v437,midpoint,1,bigm_dp_completed,False
20260915_061704,C0+C0p+C3+FLOW+MTC+S11+WARM+PRE+K5+K7+FILT+MD+SEED+SEEDLS,inputs_9x9_v437,midpoint,1,M_d,504.502085034314
20260915_061704,C0+C0p+C3+FLOW+MTC+S11+WARM+PRE+K5+K7+FILT+MD+SEED+SEEDLS,inputs_9x9_v437,midpoint,1,ts_ub,455.1573360182262
20260915_061704,C0+C0p+C3+FLOW+MTC+S11+WARM+PRE+K5+K7+FILT+MD+SEED+SEEDLS,inputs_9x9_v437,midpoint,1,te_ub,484.502085034314
20260915_061704,C0+C0p+C3+FLOW+MTC+S11+WARM+PRE+K5+K7+FILT+MD+SEED+SEEDLS,inputs_9x9_v437,midpoint,1,seed_LB,4257.133190181673
20260915_061704,C0+C0p+C3+FLOW+MTC+S11+WARM+PRE+K5+K7+FILT+MD+SEED+SEEDLS,inputs_9x9_v437,midpoint,1,seed_time_s,120.06758975982666
20260915_061704,C0+C0p+C3+FLOW+MTC+S11+WARM+PRE+K5+K7+FILT+MD+SEED+SEEDLS,inputs_9x9_v437,midpoint,1,seed_source,containment
20260915_061704,C0+C0p+C3+FLOW+MTC+S11+WARM+PRE+K5+K7+FILT+MD+SEED+SEEDLS,inputs_9x9_v437,midpoint,1,spcall_INFEASIBLE_PROVEN,1
20260915_061704,C0+C0p+C3+FLOW+MTC+S11+WARM+PRE+K5+K7+FILT+MD+SEED+SEEDLS,inputs_9x9_v437,midpoint,1,spcall_TIME_LIMIT_WITH_INCUMBENT,2
20260915_061704,C0+C0p+C3+FLOW+MTC+S11+WARM+PRE+K5+K7+FILT+MD+SEED+SEEDLS,inputs_9x9_v437,midpoint,1,cut_singleton_infeasible,257
20260915_061704,C0+C0p+C3+FLOW+MTC+S11+WARM+PRE+K5+K7+FILT+MD+SEED+SEEDLS,inputs_9x9_v437,midpoint,1,cut_cell_optimality,17
20260915_061704,C0+C0p+C3+FLOW+MTC+S11+WARM+PRE+K5+K7+FILT+MD+SEED+SEEDLS,inputs_9x9_v437,midpoint,1,cut_conflict_infeasible,1
20260915_061704,C0+C0p+C3+FLOW+MTC+S11+WARM+PRE+K5+K7+FILT+MD+SEED+SEEDLS,inputs_9x9_v437,midpoint,1,singleton_cache_enabled,1
20260915_061704,C0+C0p+C3+FLOW+MTC+S11+WARM+PRE+K5+K7+FILT+MD+SEED+SEEDLS,inputs_9x9_v437,midpoint,1,single_sp_requests,10428
20260915_061704,C0+C0p+C3+FLOW+MTC+S11+WARM+PRE+K5+K7+FILT+MD+SEED+SEEDLS,inputs_9x9_v437,midpoint,1,single_sp_solves,1897
20260915_061704,C0+C0p+C3+FLOW+MTC+S11+WARM+PRE+K5+K7+FILT+MD+SEED+SEEDLS,inputs_9x9_v437,midpoint,1,single_sp_cache_hits,8531
20260915_061704,C0+C0p+C3+FLOW+MTC+S11+WARM+PRE+K5+K7+FILT+MD+SEED+SEEDLS,inputs_9x9_v437,midpoint,1,single_sp_build_time_s,33.02696466445923
20260915_061704,C0+C0p+C3+FLOW+MTC+S11+WARM+PRE+K5+K7+FILT+MD+SEED+SEEDLS,inputs_9x9_v437,midpoint,1,single_sp_solve_time_s,43.88313293457031
20260915_061704,C0+C0p+C3+FLOW+MTC+S11+WARM+PRE+K5+K7+FILT+MD+SEED+SEEDLS,inputs_9x9_v437,midpoint,1,single_sp_time_s,76.91009759902954
20260915_061704,C0+C0p+C3+FLOW+MTC+S11+WARM+PRE+K5+K7+FILT+MD+SEED+SEEDLS,inputs_9x9_v437,midpoint,1,cache_lookup_time_s,0.024604152888059616
20260915_061704,C0+C0p+C3+FLOW+MTC+S11+WARM+PRE+K5+K7+FILT+MD+SEED+SEEDLS,inputs_9x9_v437,midpoint,1,est_prevented_solve_time_s,517.8403341770172
20260915_061704,C0+C0p+C3+FLOW+MTC+S11+WARM+PRE+K5+K7+FILT+MD+SEED+SEEDLS,inputs_9x9_v437,midpoint,1,single_sp_status_FEASIBLE_VERIFIED,1896
20260915_061704,C0+C0p+C3+FLOW+MTC+S11+WARM+PRE+K5+K7+FILT+MD+SEED+SEEDLS,inputs_9x9_v437,midpoint,1,single_sp_status_INFEASIBLE_PROVEN,1
20260915_061704,C0+C0p+C3+FLOW+MTC+S11+WARM+PRE+K5+K7+FILT+MD+SEED+SEEDLS,inputs_9x9_v437,midpoint,1,single_sp_status_UNKNOWN,0
20260915_061704,C0+C0p+C3+FLOW+MTC+S11+WARM+PRE+K5+K7+FILT+MD+SEED+SEEDLS,inputs_9x9_v437,midpoint,1,dup_cuts_prevented,0
20260915_061704,C0+C0p+C3+FLOW+MTC+S11+WARM+PRE+K5+K7+FILT+MD+SEED+SEEDLS,inputs_9x9_v437,midpoint,1,single_sp_distinct,1897
20260915_061704,C0+C0p+C3+FLOW+MTC+S11+WARM+PRE+K5+K7+FILT+MD+SEED+SEEDLS,inputs_9x9_v437,midpoint,1,master_time_s,1477.5164802074432
20260915_061704,C0+C0p+C3+FLOW+MTC+S11+WARM+PRE+K5+K7+FILT+MD+SEED+SEEDLS,inputs_9x9_v437,midpoint,1,sp_time_s,64.02942776679993
20260915_061704,C0+C0p+C3+FLOW+MTC+S11+WARM+PRE+K5+K7+FILT+MD+SEED+SEEDLS,inputs_9x9_v437,midpoint,1,master_time_share,0.9584641447033249
20260915_061704,C0+C0p+C3+FLOW+MTC+S11+WARM+PRE+K5+K7+FILT+MD+SEED+SEEDLS,inputs_9x9_v437,midpoint,1,sp_time_share,0.04153585529667519
20260915_061704,C0+C0p+C3+FLOW+MTC+S11+WARM+PRE+K5+K7+FILT+MD+SEED+SEEDLS,inputs_9x9_v437,midpoint,1,t_to_gap_10pct,120.08394408226013
20260915_061704,C0+C0p+C3+FLOW+MTC+S11+WARM+PRE+K5+K7+FILT+MD+SEED+SEEDLS,inputs_9x9_v437,midpoint,1,t_to_gap_5pct,
20260915_061704,C0+C0p+C3+FLOW+MTC+S11+WARM+PRE+K5+K7+FILT+MD+SEED+SEEDLS,inputs_9x9_v437,midpoint,1,t_to_gap_3pct,
20260915_061704,C0+C0p+C3+FLOW+MTC+S11+WARM+PRE+K5+K7+FILT+MD+SEED+SEEDLS,inputs_9x9_v437,midpoint,1,t_to_gap_1pct,
20260915_061757,C0+C0p+C3+FLOW+MTC+S11+WARM+PRE+K5+K7+FILT+MD+SEED+SEEDLS,inputs_10x10_v_low,midpoint,1,status,TIME_LIMIT
20260915_061757,C0+C0p+C3+FLOW+MTC+S11+WARM+PRE+K5+K7+FILT+MD+SEED+SEEDLS,inputs_10x10_v_low,midpoint,1,LB,331.99536298023827
20260915_061757,C0+C0p+C3+FLOW+MTC+S11+WARM+PRE+K5+K7+FILT+MD+SEED+SEEDLS,inputs_10x10_v_low,midpoint,1,UB,5137.789920457926
20260915_061757,C0+C0p+C3+FLOW+MTC+S11+WARM+PRE+K5+K7+FILT+MD+SEED+SEEDLS,inputs_10x10_v_low,midpoint,1,gap,0.9353816780911416
20260915_061757,C0+C0p+C3+FLOW+MTC+S11+WARM+PRE+K5+K7+FILT+MD+SEED+SEEDLS,inputs_10x10_v_low,midpoint,1,iterations,43
20260915_061757,C0+C0p+C3+FLOW+MTC+S11+WARM+PRE+K5+K7+FILT+MD+SEED+SEEDLS,inputs_10x10_v_low,midpoint,1,runtime_s,1800.0048513412476
20260915_061757,C0+C0p+C3+FLOW+MTC+S11+WARM+PRE+K5+K7+FILT+MD+SEED+SEEDLS,inputs_10x10_v_low,midpoint,1,wall_s,1800.012303352356
20260915_061757,C0+C0p+C3+FLOW+MTC+S11+WARM+PRE+K5+K7+FILT+MD+SEED+SEEDLS,inputs_10x10_v_low,midpoint,1,n_sp_calls,1
20260915_061757,C0+C0p+C3+FLOW+MTC+S11+WARM+PRE+K5+K7+FILT+MD+SEED+SEEDLS,inputs_10x10_v_low,midpoint,1,incumbent_value,331.99536298023827
20260915_061757,C0+C0p+C3+FLOW+MTC+S11+WARM+PRE+K5+K7+FILT+MD+SEED+SEEDLS,inputs_10x10_v_low,midpoint,1,certified,0
20260915_061757,C0+C0p+C3+FLOW+MTC+S11+WARM+PRE+K5+K7+FILT+MD+SEED+SEEDLS,inputs_10x10_v_low,midpoint,1,n_Nf,90
20260915_061757,C0+C0p+C3+FLOW+MTC+S11+WARM+PRE+K5+K7+FILT+MD+SEED+SEEDLS,inputs_10x10_v_low,midpoint,1,n_K,8
20260915_061757,C0+C0p+C3+FLOW+MTC+S11+WARM+PRE+K5+K7+FILT+MD+SEED+SEEDLS,inputs_10x10_v_low,midpoint,1,sp_engine,strong_resource
20260915_061757,C0+C0p+C3+FLOW+MTC+S11+WARM+PRE+K5+K7+FILT+MD+SEED+SEEDLS,inputs_10x10_v_low,midpoint,1,sp_mip_gap,0.0
20260915_061757,C0+C0p+C3+FLOW+MTC+S11+WARM+PRE+K5+K7+FILT+MD+SEED+SEEDLS,inputs_10x10_v_low,midpoint,1,sp_tighten,0
20260915_061757,C0+C0p+C3+FLOW+MTC+S11+WARM+PRE+K5+K7+FILT+MD+SEED+SEEDLS,inputs_10x10_v_low,midpoint,1,sp_tight_gap,0.0
20260915_061757,C0+C0p+C3+FLOW+MTC+S11+WARM+PRE+K5+K7+FILT+MD+SEED+SEEDLS,inputs_10x10_v_low,midpoint,1,seed_localsearch,1
20260915_061757,C0+C0p+C3+FLOW+MTC+S11+WARM+PRE+K5+K7+FILT+MD+SEED+SEEDLS,inputs_10x10_v_low,midpoint,1,seed_budget_s,120.0
20260915_061757,C0+C0p+C3+FLOW+MTC+S11+WARM+PRE+K5+K7+FILT+MD+SEED+SEEDLS,inputs_10x10_v_low,midpoint,1,bigm_threshold,18
20260915_061757,C0+C0p+C3+FLOW+MTC+S11+WARM+PRE+K5+K7+FILT+MD+SEED+SEEDLS,inputs_10x10_v_low,midpoint,1,bigm_margin,1.0
20260915_061757,C0+C0p+C3+FLOW+MTC+S11+WARM+PRE+K5+K7+FILT+MD+SEED+SEEDLS,inputs_10x10_v_low,midpoint,1,bigm_method,global_sum
20260915_061757,C0+C0p+C3+FLOW+MTC+S11+WARM+PRE+K5+K7+FILT+MD+SEED+SEEDLS,inputs_10x10_v_low,midpoint,1,bigm_nodes_in_dp,0
20260915_061757,C0+C0p+C3+FLOW+MTC+S11+WARM+PRE+K5+K7+FILT+MD+SEED+SEEDLS,inputs_10x10_v_low,midpoint,1,bigm_dp_completed,False
20260915_061757,C0+C0p+C3+FLOW+MTC+S11+WARM+PRE+K5+K7+FILT+MD+SEED+SEEDLS,inputs_10x10_v_low,midpoint,1,M_d,603.281698735241
20260915_061757,C0+C0p+C3+FLOW+MTC+S11+WARM+PRE+K5+K7+FILT+MD+SEED+SEEDLS,inputs_10x10_v_low,midpoint,1,ts_ub,550.9369497191532
20260915_061757,C0+C0p+C3+FLOW+MTC+S11+WARM+PRE+K5+K7+FILT+MD+SEED+SEEDLS,inputs_10x10_v_low,midpoint,1,te_ub,580.281698735241
20260915_061757,C0+C0p+C3+FLOW+MTC+S11+WARM+PRE+K5+K7+FILT+MD+SEED+SEEDLS,inputs_10x10_v_low,midpoint,1,seed_LB,331.99536298023827
20260915_061757,C0+C0p+C3+FLOW+MTC+S11+WARM+PRE+K5+K7+FILT+MD+SEED+SEEDLS,inputs_10x10_v_low,midpoint,1,seed_time_s,0.4777665138244629
20260915_061757,C0+C0p+C3+FLOW+MTC+S11+WARM+PRE+K5+K7+FILT+MD+SEED+SEEDLS,inputs_10x10_v_low,midpoint,1,seed_source,localsearch
20260915_061757,C0+C0p+C3+FLOW+MTC+S11+WARM+PRE+K5+K7+FILT+MD+SEED+SEEDLS,inputs_10x10_v_low,midpoint,1,spcall_OPTIMAL,1
20260915_061757,C0+C0p+C3+FLOW+MTC+S11+WARM+PRE+K5+K7+FILT+MD+SEED+SEEDLS,inputs_10x10_v_low,midpoint,1,cut_singleton_infeasible,1057
20260915_061757,C0+C0p+C3+FLOW+MTC+S11+WARM+PRE+K5+K7+FILT+MD+SEED+SEEDLS,inputs_10x10_v_low,midpoint,1,cut_propagation,2
20260915_061757,C0+C0p+C3+FLOW+MTC+S11+WARM+PRE+K5+K7+FILT+MD+SEED+SEEDLS,inputs_10x10_v_low,midpoint,1,singleton_cache_enabled,1
20260915_061757,C0+C0p+C3+FLOW+MTC+S11+WARM+PRE+K5+K7+FILT+MD+SEED+SEEDLS,inputs_10x10_v_low,midpoint,1,single_sp_requests,2577
20260915_061757,C0+C0p+C3+FLOW+MTC+S11+WARM+PRE+K5+K7+FILT+MD+SEED+SEEDLS,inputs_10x10_v_low,midpoint,1,single_sp_solves,1530
20260915_061757,C0+C0p+C3+FLOW+MTC+S11+WARM+PRE+K5+K7+FILT+MD+SEED+SEEDLS,inputs_10x10_v_low,midpoint,1,single_sp_cache_hits,1047
20260915_061757,C0+C0p+C3+FLOW+MTC+S11+WARM+PRE+K5+K7+FILT+MD+SEED+SEEDLS,inputs_10x10_v_low,midpoint,1,single_sp_build_time_s,0.555396556854248
20260915_061757,C0+C0p+C3+FLOW+MTC+S11+WARM+PRE+K5+K7+FILT+MD+SEED+SEEDLS,inputs_10x10_v_low,midpoint,1,single_sp_solve_time_s,0.5846307277679443
20260915_061757,C0+C0p+C3+FLOW+MTC+S11+WARM+PRE+K5+K7+FILT+MD+SEED+SEEDLS,inputs_10x10_v_low,midpoint,1,single_sp_time_s,1.1400272846221924
20260915_061757,C0+C0p+C3+FLOW+MTC+S11+WARM+PRE+K5+K7+FILT+MD+SEED+SEEDLS,inputs_10x10_v_low,midpoint,1,cache_lookup_time_s,0.0063252877444028854
20260915_061757,C0+C0p+C3+FLOW+MTC+S11+WARM+PRE+K5+K7+FILT+MD+SEED+SEEDLS,inputs_10x10_v_low,midpoint,1,est_prevented_solve_time_s,0.47690510749816895
20260915_061757,C0+C0p+C3+FLOW+MTC+S11+WARM+PRE+K5+K7+FILT+MD+SEED+SEEDLS,inputs_10x10_v_low,midpoint,1,single_sp_status_FEASIBLE_VERIFIED,987
20260915_061757,C0+C0p+C3+FLOW+MTC+S11+WARM+PRE+K5+K7+FILT+MD+SEED+SEEDLS,inputs_10x10_v_low,midpoint,1,single_sp_status_INFEASIBLE_PROVEN,543
20260915_061757,C0+C0p+C3+FLOW+MTC+S11+WARM+PRE+K5+K7+FILT+MD+SEED+SEEDLS,inputs_10x10_v_low,midpoint,1,single_sp_status_UNKNOWN,0
20260915_061757,C0+C0p+C3+FLOW+MTC+S11+WARM+PRE+K5+K7+FILT+MD+SEED+SEEDLS,inputs_10x10_v_low,midpoint,1,dup_cuts_prevented,0
20260915_061757,C0+C0p+C3+FLOW+MTC+S11+WARM+PRE+K5+K7+FILT+MD+SEED+SEEDLS,inputs_10x10_v_low,midpoint,1,single_sp_distinct,1530
20260915_061757,C0+C0p+C3+FLOW+MTC+S11+WARM+PRE+K5+K7+FILT+MD+SEED+SEEDLS,inputs_10x10_v_low,midpoint,1,master_time_s,1798.2691271305084
20260915_061757,C0+C0p+C3+FLOW+MTC+S11+WARM+PRE+K5+K7+FILT+MD+SEED+SEEDLS,inputs_10x10_v_low,midpoint,1,sp_time_s,0.0
20260915_061757,C0+C0p+C3+FLOW+MTC+S11+WARM+PRE+K5+K7+FILT+MD+SEED+SEEDLS,inputs_10x10_v_low,midpoint,1,master_time_share,1.0
20260915_061757,C0+C0p+C3+FLOW+MTC+S11+WARM+PRE+K5+K7+FILT+MD+SEED+SEEDLS,inputs_10x10_v_low,midpoint,1,sp_time_share,0.0
20260915_061757,C0+C0p+C3+FLOW+MTC+S11+WARM+PRE+K5+K7+FILT+MD+SEED+SEEDLS,inputs_10x10_v_low,midpoint,1,t_to_gap_10pct,
20260915_061757,C0+C0p+C3+FLOW+MTC+S11+WARM+PRE+K5+K7+FILT+MD+SEED+SEEDLS,inputs_10x10_v_low,midpoint,1,t_to_gap_5pct,
20260915_061757,C0+C0p+C3+FLOW+MTC+S11+WARM+PRE+K5+K7+FILT+MD+SEED+SEEDLS,inputs_10x10_v_low,midpoint,1,t_to_gap_3pct,
20260915_061757,C0+C0p+C3+FLOW+MTC+S11+WARM+PRE+K5+K7+FILT+MD+SEED+SEEDLS,inputs_10x10_v_low,midpoint,1,t_to_gap_1pct,
20260915_062347,C0+C0p+C3+FLOW+MTC+S11+WARM+PRE+K5+K7+FILT+MD+SEED+SEEDLS,inputs_10x10_v_half,midpoint,1,status,TIME_LIMIT
20260915_062347,C0+C0p+C3+FLOW+MTC+S11+WARM+PRE+K5+K7+FILT+MD+SEED+SEEDLS,inputs_10x10_v_half,midpoint,1,LB,962.5122760793649
20260915_062347,C0+C0p+C3+FLOW+MTC+S11+WARM+PRE+K5+K7+FILT+MD+SEED+SEEDLS,inputs_10x10_v_half,midpoint,1,UB,5301.0899083623435
20260915_062347,C0+C0p+C3+FLOW+MTC+S11+WARM+PRE+K5+K7+FILT+MD+SEED+SEEDLS,inputs_10x10_v_half,midpoint,1,gap,0.818431248532302
20260915_062347,C0+C0p+C3+FLOW+MTC+S11+WARM+PRE+K5+K7+FILT+MD+SEED+SEEDLS,inputs_10x10_v_half,midpoint,1,iterations,87
20260915_062347,C0+C0p+C3+FLOW+MTC+S11+WARM+PRE+K5+K7+FILT+MD+SEED+SEEDLS,inputs_10x10_v_half,midpoint,1,runtime_s,1800.0019025802612
20260915_062347,C0+C0p+C3+FLOW+MTC+S11+WARM+PRE+K5+K7+FILT+MD+SEED+SEEDLS,inputs_10x10_v_half,midpoint,1,wall_s,1800.006647348404
20260915_062347,C0+C0p+C3+FLOW+MTC+S11+WARM+PRE+K5+K7+FILT+MD+SEED+SEEDLS,inputs_10x10_v_half,midpoint,1,n_sp_calls,1
20260915_062347,C0+C0p+C3+FLOW+MTC+S11+WARM+PRE+K5+K7+FILT+MD+SEED+SEEDLS,inputs_10x10_v_half,midpoint,1,incumbent_value,962.5122760793649
20260915_062347,C0+C0p+C3+FLOW+MTC+S11+WARM+PRE+K5+K7+FILT+MD+SEED+SEEDLS,inputs_10x10_v_half,midpoint,1,certified,0
20260915_062347,C0+C0p+C3+FLOW+MTC+S11+WARM+PRE+K5+K7+FILT+MD+SEED+SEEDLS,inputs_10x10_v_half,midpoint,1,n_Nf,90
20260915_062347,C0+C0p+C3+FLOW+MTC+S11+WARM+PRE+K5+K7+FILT+MD+SEED+SEEDLS,inputs_10x10_v_half,midpoint,1,n_K,25
20260915_062347,C0+C0p+C3+FLOW+MTC+S11+WARM+PRE+K5+K7+FILT+MD+SEED+SEEDLS,inputs_10x10_v_half,midpoint,1,sp_engine,strong_resource
20260915_062347,C0+C0p+C3+FLOW+MTC+S11+WARM+PRE+K5+K7+FILT+MD+SEED+SEEDLS,inputs_10x10_v_half,midpoint,1,sp_mip_gap,0.0
20260915_062347,C0+C0p+C3+FLOW+MTC+S11+WARM+PRE+K5+K7+FILT+MD+SEED+SEEDLS,inputs_10x10_v_half,midpoint,1,sp_tighten,0
20260915_062347,C0+C0p+C3+FLOW+MTC+S11+WARM+PRE+K5+K7+FILT+MD+SEED+SEEDLS,inputs_10x10_v_half,midpoint,1,sp_tight_gap,0.0
20260915_062347,C0+C0p+C3+FLOW+MTC+S11+WARM+PRE+K5+K7+FILT+MD+SEED+SEEDLS,inputs_10x10_v_half,midpoint,1,seed_localsearch,1
20260915_062347,C0+C0p+C3+FLOW+MTC+S11+WARM+PRE+K5+K7+FILT+MD+SEED+SEEDLS,inputs_10x10_v_half,midpoint,1,seed_budget_s,120.0
20260915_062347,C0+C0p+C3+FLOW+MTC+S11+WARM+PRE+K5+K7+FILT+MD+SEED+SEEDLS,inputs_10x10_v_half,midpoint,1,bigm_threshold,18
20260915_062347,C0+C0p+C3+FLOW+MTC+S11+WARM+PRE+K5+K7+FILT+MD+SEED+SEEDLS,inputs_10x10_v_half,midpoint,1,bigm_margin,1.0
20260915_062347,C0+C0p+C3+FLOW+MTC+S11+WARM+PRE+K5+K7+FILT+MD+SEED+SEEDLS,inputs_10x10_v_half,midpoint,1,bigm_method,global_sum
20260915_062347,C0+C0p+C3+FLOW+MTC+S11+WARM+PRE+K5+K7+FILT+MD+SEED+SEEDLS,inputs_10x10_v_half,midpoint,1,bigm_nodes_in_dp,0
20260915_062347,C0+C0p+C3+FLOW+MTC+S11+WARM+PRE+K5+K7+FILT+MD+SEED+SEEDLS,inputs_10x10_v_half,midpoint,1,bigm_dp_completed,False
20260915_062347,C0+C0p+C3+FLOW+MTC+S11+WARM+PRE+K5+K7+FILT+MD+SEED+SEEDLS,inputs_10x10_v_half,midpoint,1,M_d,603.281698735241
20260915_062347,C0+C0p+C3+FLOW+MTC+S11+WARM+PRE+K5+K7+FILT+MD+SEED+SEEDLS,inputs_10x10_v_half,midpoint,1,ts_ub,550.9369497191532
20260915_062347,C0+C0p+C3+FLOW+MTC+S11+WARM+PRE+K5+K7+FILT+MD+SEED+SEEDLS,inputs_10x10_v_half,midpoint,1,te_ub,580.281698735241
20260915_062347,C0+C0p+C3+FLOW+MTC+S11+WARM+PRE+K5+K7+FILT+MD+SEED+SEEDLS,inputs_10x10_v_half,midpoint,1,seed_LB,962.5122760793649
20260915_062347,C0+C0p+C3+FLOW+MTC+S11+WARM+PRE+K5+K7+FILT+MD+SEED+SEEDLS,inputs_10x10_v_half,midpoint,1,seed_time_s,14.981976985931396
20260915_062347,C0+C0p+C3+FLOW+MTC+S11+WARM+PRE+K5+K7+FILT+MD+SEED+SEEDLS,inputs_10x10_v_half,midpoint,1,seed_source,localsearch
20260915_062347,C0+C0p+C3+FLOW+MTC+S11+WARM+PRE+K5+K7+FILT+MD+SEED+SEEDLS,inputs_10x10_v_half,midpoint,1,spcall_OPTIMAL,1
20260915_062347,C0+C0p+C3+FLOW+MTC+S11+WARM+PRE+K5+K7+FILT+MD+SEED+SEEDLS,inputs_10x10_v_half,midpoint,1,cut_singleton_infeasible,973
20260915_062347,C0+C0p+C3+FLOW+MTC+S11+WARM+PRE+K5+K7+FILT+MD+SEED+SEEDLS,inputs_10x10_v_half,midpoint,1,singleton_cache_enabled,1
20260915_062347,C0+C0p+C3+FLOW+MTC+S11+WARM+PRE+K5+K7+FILT+MD+SEED+SEEDLS,inputs_10x10_v_half,midpoint,1,single_sp_requests,4342
20260915_062347,C0+C0p+C3+FLOW+MTC+S11+WARM+PRE+K5+K7+FILT+MD+SEED+SEEDLS,inputs_10x10_v_half,midpoint,1,single_sp_solves,1870
20260915_062347,C0+C0p+C3+FLOW+MTC+S11+WARM+PRE+K5+K7+FILT+MD+SEED+SEEDLS,inputs_10x10_v_half,midpoint,1,single_sp_cache_hits,2472
20260915_062347,C0+C0p+C3+FLOW+MTC+S11+WARM+PRE+K5+K7+FILT+MD+SEED+SEEDLS,inputs_10x10_v_half,midpoint,1,single_sp_build_time_s,1.7281556129455566
20260915_062347,C0+C0p+C3+FLOW+MTC+S11+WARM+PRE+K5+K7+FILT+MD+SEED+SEEDLS,inputs_10x10_v_half,midpoint,1,single_sp_solve_time_s,2.3036394119262695
20260915_062347,C0+C0p+C3+FLOW+MTC+S11+WARM+PRE+K5+K7+FILT+MD+SEED+SEEDLS,inputs_10x10_v_half,midpoint,1,single_sp_time_s,4.031795024871826
20260915_062347,C0+C0p+C3+FLOW+MTC+S11+WARM+PRE+K5+K7+FILT+MD+SEED+SEEDLS,inputs_10x10_v_half,midpoint,1,cache_lookup_time_s,0.010064302943646908
20260915_062347,C0+C0p+C3+FLOW+MTC+S11+WARM+PRE+K5+K7+FILT+MD+SEED+SEEDLS,inputs_10x10_v_half,midpoint,1,est_prevented_solve_time_s,4.735788583755493
20260915_062347,C0+C0p+C3+FLOW+MTC+S11+WARM+PRE+K5+K7+FILT+MD+SEED+SEEDLS,inputs_10x10_v_half,midpoint,1,single_sp_status_FEASIBLE_VERIFIED,1548
20260915_062347,C0+C0p+C3+FLOW+MTC+S11+WARM+PRE+K5+K7+FILT+MD+SEED+SEEDLS,inputs_10x10_v_half,midpoint,1,single_sp_status_INFEASIBLE_PROVEN,322
20260915_062347,C0+C0p+C3+FLOW+MTC+S11+WARM+PRE+K5+K7+FILT+MD+SEED+SEEDLS,inputs_10x10_v_half,midpoint,1,single_sp_status_UNKNOWN,0
20260915_062347,C0+C0p+C3+FLOW+MTC+S11+WARM+PRE+K5+K7+FILT+MD+SEED+SEEDLS,inputs_10x10_v_half,midpoint,1,dup_cuts_prevented,0
20260915_062347,C0+C0p+C3+FLOW+MTC+S11+WARM+PRE+K5+K7+FILT+MD+SEED+SEEDLS,inputs_10x10_v_half,midpoint,1,single_sp_distinct,1870
20260915_062347,C0+C0p+C3+FLOW+MTC+S11+WARM+PRE+K5+K7+FILT+MD+SEED+SEEDLS,inputs_10x10_v_half,midpoint,1,master_time_s,1780.8063070774078
20260915_062347,C0+C0p+C3+FLOW+MTC+S11+WARM+PRE+K5+K7+FILT+MD+SEED+SEEDLS,inputs_10x10_v_half,midpoint,1,sp_time_s,0.0
20260915_062347,C0+C0p+C3+FLOW+MTC+S11+WARM+PRE+K5+K7+FILT+MD+SEED+SEEDLS,inputs_10x10_v_half,midpoint,1,master_time_share,1.0
20260915_062347,C0+C0p+C3+FLOW+MTC+S11+WARM+PRE+K5+K7+FILT+MD+SEED+SEEDLS,inputs_10x10_v_half,midpoint,1,sp_time_share,0.0
20260915_062347,C0+C0p+C3+FLOW+MTC+S11+WARM+PRE+K5+K7+FILT+MD+SEED+SEEDLS,inputs_10x10_v_half,midpoint,1,t_to_gap_10pct,
20260915_062347,C0+C0p+C3+FLOW+MTC+S11+WARM+PRE+K5+K7+FILT+MD+SEED+SEEDLS,inputs_10x10_v_half,midpoint,1,t_to_gap_5pct,
20260915_062347,C0+C0p+C3+FLOW+MTC+S11+WARM+PRE+K5+K7+FILT+MD+SEED+SEEDLS,inputs_10x10_v_half,midpoint,1,t_to_gap_3pct,
20260915_062347,C0+C0p+C3+FLOW+MTC+S11+WARM+PRE+K5+K7+FILT+MD+SEED+SEEDLS,inputs_10x10_v_half,midpoint,1,t_to_gap_1pct,
20260915_062749,C0+C0p+C3+FLOW+MTC+S11+WARM+PRE+K5+K7+FILT+MD+SEED+SEEDLS,inputs_10x10_v_hi,midpoint,1,status,TIME_LIMIT
20260915_062749,C0+C0p+C3+FLOW+MTC+S11+WARM+PRE+K5+K7+FILT+MD+SEED+SEEDLS,inputs_10x10_v_hi,midpoint,1,LB,1409.7569928856547
20260915_062749,C0+C0p+C3+FLOW+MTC+S11+WARM+PRE+K5+K7+FILT+MD+SEED+SEEDLS,inputs_10x10_v_hi,midpoint,1,UB,5359.346423322683
20260915_062749,C0+C0p+C3+FLOW+MTC+S11+WARM+PRE+K5+K7+FILT+MD+SEED+SEEDLS,inputs_10x10_v_hi,midpoint,1,gap,0.7369535608389288
20260915_062749,C0+C0p+C3+FLOW+MTC+S11+WARM+PRE+K5+K7+FILT+MD+SEED+SEEDLS,inputs_10x10_v_hi,midpoint,1,iterations,236
20260915_062749,C0+C0p+C3+FLOW+MTC+S11+WARM+PRE+K5+K7+FILT+MD+SEED+SEEDLS,inputs_10x10_v_hi,midpoint,1,runtime_s,1800.0016701221466
20260915_062749,C0+C0p+C3+FLOW+MTC+S11+WARM+PRE+K5+K7+FILT+MD+SEED+SEEDLS,inputs_10x10_v_hi,midpoint,1,wall_s,1800.0056402683258
20260915_062749,C0+C0p+C3+FLOW+MTC+S11+WARM+PRE+K5+K7+FILT+MD+SEED+SEEDLS,inputs_10x10_v_hi,midpoint,1,n_sp_calls,2
20260915_062749,C0+C0p+C3+FLOW+MTC+S11+WARM+PRE+K5+K7+FILT+MD+SEED+SEEDLS,inputs_10x10_v_hi,midpoint,1,incumbent_value,1409.7569928856547
20260915_062749,C0+C0p+C3+FLOW+MTC+S11+WARM+PRE+K5+K7+FILT+MD+SEED+SEEDLS,inputs_10x10_v_hi,midpoint,1,certified,0
20260915_062749,C0+C0p+C3+FLOW+MTC+S11+WARM+PRE+K5+K7+FILT+MD+SEED+SEEDLS,inputs_10x10_v_hi,midpoint,1,n_Nf,90
20260915_062749,C0+C0p+C3+FLOW+MTC+S11+WARM+PRE+K5+K7+FILT+MD+SEED+SEEDLS,inputs_10x10_v_hi,midpoint,1,n_K,84
20260915_062749,C0+C0p+C3+FLOW+MTC+S11+WARM+PRE+K5+K7+FILT+MD+SEED+SEEDLS,inputs_10x10_v_hi,midpoint,1,sp_engine,strong_resource
20260915_062749,C0+C0p+C3+FLOW+MTC+S11+WARM+PRE+K5+K7+FILT+MD+SEED+SEEDLS,inputs_10x10_v_hi,midpoint,1,sp_mip_gap,0.0
20260915_062749,C0+C0p+C3+FLOW+MTC+S11+WARM+PRE+K5+K7+FILT+MD+SEED+SEEDLS,inputs_10x10_v_hi,midpoint,1,sp_tighten,0
20260915_062749,C0+C0p+C3+FLOW+MTC+S11+WARM+PRE+K5+K7+FILT+MD+SEED+SEEDLS,inputs_10x10_v_hi,midpoint,1,sp_tight_gap,0.0
20260915_062749,C0+C0p+C3+FLOW+MTC+S11+WARM+PRE+K5+K7+FILT+MD+SEED+SEEDLS,inputs_10x10_v_hi,midpoint,1,seed_localsearch,1
20260915_062749,C0+C0p+C3+FLOW+MTC+S11+WARM+PRE+K5+K7+FILT+MD+SEED+SEEDLS,inputs_10x10_v_hi,midpoint,1,seed_budget_s,120.0
20260915_062749,C0+C0p+C3+FLOW+MTC+S11+WARM+PRE+K5+K7+FILT+MD+SEED+SEEDLS,inputs_10x10_v_hi,midpoint,1,bigm_threshold,18
20260915_062749,C0+C0p+C3+FLOW+MTC+S11+WARM+PRE+K5+K7+FILT+MD+SEED+SEEDLS,inputs_10x10_v_hi,midpoint,1,bigm_margin,1.0
20260915_062749,C0+C0p+C3+FLOW+MTC+S11+WARM+PRE+K5+K7+FILT+MD+SEED+SEEDLS,inputs_10x10_v_hi,midpoint,1,bigm_method,global_sum
20260915_062749,C0+C0p+C3+FLOW+MTC+S11+WARM+PRE+K5+K7+FILT+MD+SEED+SEEDLS,inputs_10x10_v_hi,midpoint,1,bigm_nodes_in_dp,0
20260915_062749,C0+C0p+C3+FLOW+MTC+S11+WARM+PRE+K5+K7+FILT+MD+SEED+SEEDLS,inputs_10x10_v_hi,midpoint,1,bigm_dp_completed,False
20260915_062749,C0+C0p+C3+FLOW+MTC+S11+WARM+PRE+K5+K7+FILT+MD+SEED+SEEDLS,inputs_10x10_v_hi,midpoint,1,M_d,603.281698735241
20260915_062749,C0+C0p+C3+FLOW+MTC+S11+WARM+PRE+K5+K7+FILT+MD+SEED+SEEDLS,inputs_10x10_v_hi,midpoint,1,ts_ub,550.9369497191532
20260915_062749,C0+C0p+C3+FLOW+MTC+S11+WARM+PRE+K5+K7+FILT+MD+SEED+SEEDLS,inputs_10x10_v_hi,midpoint,1,te_ub,580.281698735241
20260915_062749,C0+C0p+C3+FLOW+MTC+S11+WARM+PRE+K5+K7+FILT+MD+SEED+SEEDLS,inputs_10x10_v_hi,midpoint,1,seed_LB,1409.7569928856547
20260915_062749,C0+C0p+C3+FLOW+MTC+S11+WARM+PRE+K5+K7+FILT+MD+SEED+SEEDLS,inputs_10x10_v_hi,midpoint,1,seed_time_s,120.02093362808228
20260915_062749,C0+C0p+C3+FLOW+MTC+S11+WARM+PRE+K5+K7+FILT+MD+SEED+SEEDLS,inputs_10x10_v_hi,midpoint,1,seed_source,localsearch
20260915_062749,C0+C0p+C3+FLOW+MTC+S11+WARM+PRE+K5+K7+FILT+MD+SEED+SEEDLS,inputs_10x10_v_hi,midpoint,1,spcall_INFEASIBLE_PROVEN,1
20260915_062749,C0+C0p+C3+FLOW+MTC+S11+WARM+PRE+K5+K7+FILT+MD+SEED+SEEDLS,inputs_10x10_v_hi,midpoint,1,spcall_TIME_LIMIT_WITH_INCUMBENT,1
20260915_062749,C0+C0p+C3+FLOW+MTC+S11+WARM+PRE+K5+K7+FILT+MD+SEED+SEEDLS,inputs_10x10_v_hi,midpoint,1,cut_singleton_infeasible,682
20260915_062749,C0+C0p+C3+FLOW+MTC+S11+WARM+PRE+K5+K7+FILT+MD+SEED+SEEDLS,inputs_10x10_v_hi,midpoint,1,cut_cell_optimality,34
20260915_062749,C0+C0p+C3+FLOW+MTC+S11+WARM+PRE+K5+K7+FILT+MD+SEED+SEEDLS,inputs_10x10_v_hi,midpoint,1,cut_conflict_infeasible,1
20260915_062749,C0+C0p+C3+FLOW+MTC+S11+WARM+PRE+K5+K7+FILT+MD+SEED+SEEDLS,inputs_10x10_v_hi,midpoint,1,singleton_cache_enabled,1
20260915_062749,C0+C0p+C3+FLOW+MTC+S11+WARM+PRE+K5+K7+FILT+MD+SEED+SEEDLS,inputs_10x10_v_hi,midpoint,1,single_sp_requests,11247
20260915_062749,C0+C0p+C3+FLOW+MTC+S11+WARM+PRE+K5+K7+FILT+MD+SEED+SEEDLS,inputs_10x10_v_hi,midpoint,1,single_sp_solves,2253
20260915_062749,C0+C0p+C3+FLOW+MTC+S11+WARM+PRE+K5+K7+FILT+MD+SEED+SEEDLS,inputs_10x10_v_hi,midpoint,1,single_sp_cache_hits,8994
20260915_062749,C0+C0p+C3+FLOW+MTC+S11+WARM+PRE+K5+K7+FILT+MD+SEED+SEEDLS,inputs_10x10_v_hi,midpoint,1,single_sp_build_time_s,7.2264368534088135
20260915_062749,C0+C0p+C3+FLOW+MTC+S11+WARM+PRE+K5+K7+FILT+MD+SEED+SEEDLS,inputs_10x10_v_hi,midpoint,1,single_sp_solve_time_s,7.072568893432617
20260915_062749,C0+C0p+C3+FLOW+MTC+S11+WARM+PRE+K5+K7+FILT+MD+SEED+SEEDLS,inputs_10x10_v_hi,midpoint,1,single_sp_time_s,14.29900574684143
20260915_062749,C0+C0p+C3+FLOW+MTC+S11+WARM+PRE+K5+K7+FILT+MD+SEED+SEEDLS,inputs_10x10_v_hi,midpoint,1,cache_lookup_time_s,0.021784096024930477
20260915_062749,C0+C0p+C3+FLOW+MTC+S11+WARM+PRE+K5+K7+FILT+MD+SEED+SEEDLS,inputs_10x10_v_hi,midpoint,1,est_prevented_solve_time_s,70.3541579246521
20260915_062749,C0+C0p+C3+FLOW+MTC+S11+WARM+PRE+K5+K7+FILT+MD+SEED+SEEDLS,inputs_10x10_v_hi,midpoint,1,single_sp_status_FEASIBLE_VERIFIED,2233
20260915_062749,C0+C0p+C3+FLOW+MTC+S11+WARM+PRE+K5+K7+FILT+MD+SEED+SEEDLS,inputs_10x10_v_hi,midpoint,1,single_sp_status_INFEASIBLE_PROVEN,20
20260915_062749,C0+C0p+C3+FLOW+MTC+S11+WARM+PRE+K5+K7+FILT+MD+SEED+SEEDLS,inputs_10x10_v_hi,midpoint,1,single_sp_status_UNKNOWN,0
20260915_062749,C0+C0p+C3+FLOW+MTC+S11+WARM+PRE+K5+K7+FILT+MD+SEED+SEEDLS,inputs_10x10_v_hi,midpoint,1,dup_cuts_prevented,0
20260915_062749,C0+C0p+C3+FLOW+MTC+S11+WARM+PRE+K5+K7+FILT+MD+SEED+SEEDLS,inputs_10x10_v_hi,midpoint,1,single_sp_distinct,2253
20260915_062749,C0+C0p+C3+FLOW+MTC+S11+WARM+PRE+K5+K7+FILT+MD+SEED+SEEDLS,inputs_10x10_v_hi,midpoint,1,master_time_s,1661.2280085086823
20260915_062749,C0+C0p+C3+FLOW+MTC+S11+WARM+PRE+K5+K7+FILT+MD+SEED+SEEDLS,inputs_10x10_v_hi,midpoint,1,sp_time_s,0.2760448455810547
20260915_062749,C0+C0p+C3+FLOW+MTC+S11+WARM+PRE+K5+K7+FILT+MD+SEED+SEEDLS,inputs_10x10_v_hi,midpoint,1,master_time_share,0.9998338584579293
20260915_062749,C0+C0p+C3+FLOW+MTC+S11+WARM+PRE+K5+K7+FILT+MD+SEED+SEEDLS,inputs_10x10_v_hi,midpoint,1,sp_time_share,0.00016614154207073538
20260915_062749,C0+C0p+C3+FLOW+MTC+S11+WARM+PRE+K5+K7+FILT+MD+SEED+SEEDLS,inputs_10x10_v_hi,midpoint,1,t_to_gap_10pct,
20260915_062749,C0+C0p+C3+FLOW+MTC+S11+WARM+PRE+K5+K7+FILT+MD+SEED+SEEDLS,inputs_10x10_v_hi,midpoint,1,t_to_gap_5pct,
20260915_062749,C0+C0p+C3+FLOW+MTC+S11+WARM+PRE+K5+K7+FILT+MD+SEED+SEEDLS,inputs_10x10_v_hi,midpoint,1,t_to_gap_3pct,
20260915_062749,C0+C0p+C3+FLOW+MTC+S11+WARM+PRE+K5+K7+FILT+MD+SEED+SEEDLS,inputs_10x10_v_hi,midpoint,1,t_to_gap_1pct,
20260915_062847,C0+C0p+C3+FLOW+MTC+S11+WARM+PRE+K5+K7+FILT+MD+SEED+SEEDLS,inputs_4x4,midpoint,2,status,OPTIMAL
20260915_062847,C0+C0p+C3+FLOW+MTC+S11+WARM+PRE+K5+K7+FILT+MD+SEED+SEEDLS,inputs_4x4,midpoint,2,LB,532.620563936684
20260915_062847,C0+C0p+C3+FLOW+MTC+S11+WARM+PRE+K5+K7+FILT+MD+SEED+SEEDLS,inputs_4x4,midpoint,2,UB,532.6205639366835
20260915_062847,C0+C0p+C3+FLOW+MTC+S11+WARM+PRE+K5+K7+FILT+MD+SEED+SEEDLS,inputs_4x4,midpoint,2,gap,-8.537923273659468e-16
20260915_062847,C0+C0p+C3+FLOW+MTC+S11+WARM+PRE+K5+K7+FILT+MD+SEED+SEEDLS,inputs_4x4,midpoint,2,iterations,5
20260915_062847,C0+C0p+C3+FLOW+MTC+S11+WARM+PRE+K5+K7+FILT+MD+SEED+SEEDLS,inputs_4x4,midpoint,2,runtime_s,701.0910797119141
20260915_062847,C0+C0p+C3+FLOW+MTC+S11+WARM+PRE+K5+K7+FILT+MD+SEED+SEEDLS,inputs_4x4,midpoint,2,wall_s,701.0913064479828
20260915_062847,C0+C0p+C3+FLOW+MTC+S11+WARM+PRE+K5+K7+FILT+MD+SEED+SEEDLS,inputs_4x4,midpoint,2,n_sp_calls,5
20260915_062847,C0+C0p+C3+FLOW+MTC+S11+WARM+PRE+K5+K7+FILT+MD+SEED+SEEDLS,inputs_4x4,midpoint,2,incumbent_value,532.620563936684
20260915_062847,C0+C0p+C3+FLOW+MTC+S11+WARM+PRE+K5+K7+FILT+MD+SEED+SEEDLS,inputs_4x4,midpoint,2,certified,1
20260915_062847,C0+C0p+C3+FLOW+MTC+S11+WARM+PRE+K5+K7+FILT+MD+SEED+SEEDLS,inputs_4x4,midpoint,2,n_Nf,13
20260915_062847,C0+C0p+C3+FLOW+MTC+S11+WARM+PRE+K5+K7+FILT+MD+SEED+SEEDLS,inputs_4x4,midpoint,2,n_K,32
20260915_062847,C0+C0p+C3+FLOW+MTC+S11+WARM+PRE+K5+K7+FILT+MD+SEED+SEEDLS,inputs_4x4,midpoint,2,sp_engine,strong_resource
20260915_062847,C0+C0p+C3+FLOW+MTC+S11+WARM+PRE+K5+K7+FILT+MD+SEED+SEEDLS,inputs_4x4,midpoint,2,sp_mip_gap,0.0
20260915_062847,C0+C0p+C3+FLOW+MTC+S11+WARM+PRE+K5+K7+FILT+MD+SEED+SEEDLS,inputs_4x4,midpoint,2,sp_tighten,0
20260915_062847,C0+C0p+C3+FLOW+MTC+S11+WARM+PRE+K5+K7+FILT+MD+SEED+SEEDLS,inputs_4x4,midpoint,2,sp_tight_gap,0.0
20260915_062847,C0+C0p+C3+FLOW+MTC+S11+WARM+PRE+K5+K7+FILT+MD+SEED+SEEDLS,inputs_4x4,midpoint,2,seed_localsearch,1
20260915_062847,C0+C0p+C3+FLOW+MTC+S11+WARM+PRE+K5+K7+FILT+MD+SEED+SEEDLS,inputs_4x4,midpoint,2,seed_budget_s,120.0
20260915_062847,C0+C0p+C3+FLOW+MTC+S11+WARM+PRE+K5+K7+FILT+MD+SEED+SEEDLS,inputs_4x4,midpoint,2,bigm_threshold,18
20260915_062847,C0+C0p+C3+FLOW+MTC+S11+WARM+PRE+K5+K7+FILT+MD+SEED+SEEDLS,inputs_4x4,midpoint,2,bigm_margin,1.0
20260915_062847,C0+C0p+C3+FLOW+MTC+S11+WARM+PRE+K5+K7+FILT+MD+SEED+SEEDLS,inputs_4x4,midpoint,2,bigm_method,exact_dp
20260915_062847,C0+C0p+C3+FLOW+MTC+S11+WARM+PRE+K5+K7+FILT+MD+SEED+SEEDLS,inputs_4x4,midpoint,2,bigm_nodes_in_dp,13
20260915_062847,C0+C0p+C3+FLOW+MTC+S11+WARM+PRE+K5+K7+FILT+MD+SEED+SEEDLS,inputs_4x4,midpoint,2,bigm_dp_completed,True
20260915_062847,C0+C0p+C3+FLOW+MTC+S11+WARM+PRE+K5+K7+FILT+MD+SEED+SEEDLS,inputs_4x4,midpoint,2,M_d,105.71477534886262
20260915_062847,C0+C0p+C3+FLOW+MTC+S11+WARM+PRE+K5+K7+FILT+MD+SEED+SEEDLS,inputs_4x4,midpoint,2,ts_ub,65.3700263327748
20260915_062847,C0+C0p+C3+FLOW+MTC+S11+WARM+PRE+K5+K7+FILT+MD+SEED+SEEDLS,inputs_4x4,midpoint,2,te_ub,94.71477534886262
20260915_062847,C0+C0p+C3+FLOW+MTC+S11+WARM+PRE+K5+K7+FILT+MD+SEED+SEEDLS,inputs_4x4,midpoint,2,seed_LB,532.620563936684
20260915_062847,C0+C0p+C3+FLOW+MTC+S11+WARM+PRE+K5+K7+FILT+MD+SEED+SEEDLS,inputs_4x4,midpoint,2,seed_time_s,58.97590517997742
20260915_062847,C0+C0p+C3+FLOW+MTC+S11+WARM+PRE+K5+K7+FILT+MD+SEED+SEEDLS,inputs_4x4,midpoint,2,seed_source,containment
20260915_062847,C0+C0p+C3+FLOW+MTC+S11+WARM+PRE+K5+K7+FILT+MD+SEED+SEEDLS,inputs_4x4,midpoint,2,spcall_OPTIMAL,2
20260915_062847,C0+C0p+C3+FLOW+MTC+S11+WARM+PRE+K5+K7+FILT+MD+SEED+SEEDLS,inputs_4x4,midpoint,2,spcall_TIME_LIMIT_WITH_INCUMBENT,3
20260915_062847,C0+C0p+C3+FLOW+MTC+S11+WARM+PRE+K5+K7+FILT+MD+SEED+SEEDLS,inputs_4x4,midpoint,2,cut_singleton_infeasible,2
20260915_062847,C0+C0p+C3+FLOW+MTC+S11+WARM+PRE+K5+K7+FILT+MD+SEED+SEEDLS,inputs_4x4,midpoint,2,cut_cell_optimality,12
20260915_062847,C0+C0p+C3+FLOW+MTC+S11+WARM+PRE+K5+K7+FILT+MD+SEED+SEEDLS,inputs_4x4,midpoint,2,cut_aggregate_optimality,1
20260915_062847,C0+C0p+C3+FLOW+MTC+S11+WARM+PRE+K5+K7+FILT+MD+SEED+SEEDLS,inputs_4x4,midpoint,2,cut_dual_bound,2
20260915_062847,C0+C0p+C3+FLOW+MTC+S11+WARM+PRE+K5+K7+FILT+MD+SEED+SEEDLS,inputs_4x4,midpoint,2,singleton_cache_enabled,1
20260915_062847,C0+C0p+C3+FLOW+MTC+S11+WARM+PRE+K5+K7+FILT+MD+SEED+SEEDLS,inputs_4x4,midpoint,2,single_sp_requests,16
20260915_062847,C0+C0p+C3+FLOW+MTC+S11+WARM+PRE+K5+K7+FILT+MD+SEED+SEEDLS,inputs_4x4,midpoint,2,single_sp_solves,12
20260915_062847,C0+C0p+C3+FLOW+MTC+S11+WARM+PRE+K5+K7+FILT+MD+SEED+SEEDLS,inputs_4x4,midpoint,2,single_sp_cache_hits,4
20260915_062847,C0+C0p+C3+FLOW+MTC+S11+WARM+PRE+K5+K7+FILT+MD+SEED+SEEDLS,inputs_4x4,midpoint,2,single_sp_build_time_s,0.015122413635253906
20260915_062847,C0+C0p+C3+FLOW+MTC+S11+WARM+PRE+K5+K7+FILT+MD+SEED+SEEDLS,inputs_4x4,midpoint,2,single_sp_solve_time_s,0.02421736717224121
20260915_062847,C0+C0p+C3+FLOW+MTC+S11+WARM+PRE+K5+K7+FILT+MD+SEED+SEEDLS,inputs_4x4,midpoint,2,single_sp_time_s,0.03933978080749512
20260915_062847,C0+C0p+C3+FLOW+MTC+S11+WARM+PRE+K5+K7+FILT+MD+SEED+SEEDLS,inputs_4x4,midpoint,2,cache_lookup_time_s,5.218572914600372e-05
20260915_062847,C0+C0p+C3+FLOW+MTC+S11+WARM+PRE+K5+K7+FILT+MD+SEED+SEEDLS,inputs_4x4,midpoint,2,est_prevented_solve_time_s,0.022804737091064453
20260915_062847,C0+C0p+C3+FLOW+MTC+S11+WARM+PRE+K5+K7+FILT+MD+SEED+SEEDLS,inputs_4x4,midpoint,2,single_sp_status_FEASIBLE_VERIFIED,10
20260915_062847,C0+C0p+C3+FLOW+MTC+S11+WARM+PRE+K5+K7+FILT+MD+SEED+SEEDLS,inputs_4x4,midpoint,2,single_sp_status_INFEASIBLE_PROVEN,2
20260915_062847,C0+C0p+C3+FLOW+MTC+S11+WARM+PRE+K5+K7+FILT+MD+SEED+SEEDLS,inputs_4x4,midpoint,2,single_sp_status_UNKNOWN,0
20260915_062847,C0+C0p+C3+FLOW+MTC+S11+WARM+PRE+K5+K7+FILT+MD+SEED+SEEDLS,inputs_4x4,midpoint,2,dup_cuts_prevented,0
20260915_062847,C0+C0p+C3+FLOW+MTC+S11+WARM+PRE+K5+K7+FILT+MD+SEED+SEEDLS,inputs_4x4,midpoint,2,single_sp_distinct,12
20260915_062847,C0+C0p+C3+FLOW+MTC+S11+WARM+PRE+K5+K7+FILT+MD+SEED+SEEDLS,inputs_4x4,midpoint,2,master_time_s,0.026827573776245117
20260915_062847,C0+C0p+C3+FLOW+MTC+S11+WARM+PRE+K5+K7+FILT+MD+SEED+SEEDLS,inputs_4x4,midpoint,2,sp_time_s,641.8043270111084
20260915_062847,C0+C0p+C3+FLOW+MTC+S11+WARM+PRE+K5+K7+FILT+MD+SEED+SEEDLS,inputs_4x4,midpoint,2,master_time_share,4.179849105890834e-05
20260915_062847,C0+C0p+C3+FLOW+MTC+S11+WARM+PRE+K5+K7+FILT+MD+SEED+SEEDLS,inputs_4x4,midpoint,2,sp_time_share,0.9999582015089411
20260915_062847,C0+C0p+C3+FLOW+MTC+S11+WARM+PRE+K5+K7+FILT+MD+SEED+SEEDLS,inputs_4x4,midpoint,2,t_to_gap_10pct,58.9783673286438
20260915_062847,C0+C0p+C3+FLOW+MTC+S11+WARM+PRE+K5+K7+FILT+MD+SEED+SEEDLS,inputs_4x4,midpoint,2,t_to_gap_5pct,400.98972487449646
20260915_062847,C0+C0p+C3+FLOW+MTC+S11+WARM+PRE+K5+K7+FILT+MD+SEED+SEEDLS,inputs_4x4,midpoint,2,t_to_gap_3pct,701.0910747051239
20260915_062847,C0+C0p+C3+FLOW+MTC+S11+WARM+PRE+K5+K7+FILT+MD+SEED+SEEDLS,inputs_4x4,midpoint,2,t_to_gap_1pct,701.0910747051239
20260915_063846,C0+C0p+C3+FLOW+MTC+S11+WARM+PRE+K5+K7+FILT+MD+SEED+SEEDLS,inputs_4x4_2,midpoint,2,status,OPTIMAL
20260915_063846,C0+C0p+C3+FLOW+MTC+S11+WARM+PRE+K5+K7+FILT+MD+SEED+SEEDLS,inputs_4x4_2,midpoint,2,LB,466.4990053689852
20260915_063846,C0+C0p+C3+FLOW+MTC+S11+WARM+PRE+K5+K7+FILT+MD+SEED+SEEDLS,inputs_4x4_2,midpoint,2,UB,466.499005301803
20260915_063846,C0+C0p+C3+FLOW+MTC+S11+WARM+PRE+K5+K7+FILT+MD+SEED+SEEDLS,inputs_4x4_2,midpoint,2,gap,-1.4401362662410342e-10
20260915_063846,C0+C0p+C3+FLOW+MTC+S11+WARM+PRE+K5+K7+FILT+MD+SEED+SEEDLS,inputs_4x4_2,midpoint,2,iterations,12
20260915_063846,C0+C0p+C3+FLOW+MTC+S11+WARM+PRE+K5+K7+FILT+MD+SEED+SEEDLS,inputs_4x4_2,midpoint,2,runtime_s,1248.3102979660034
20260915_063846,C0+C0p+C3+FLOW+MTC+S11+WARM+PRE+K5+K7+FILT+MD+SEED+SEEDLS,inputs_4x4_2,midpoint,2,wall_s,1248.3105964660645
20260915_063846,C0+C0p+C3+FLOW+MTC+S11+WARM+PRE+K5+K7+FILT+MD+SEED+SEEDLS,inputs_4x4_2,midpoint,2,n_sp_calls,12
20260915_063846,C0+C0p+C3+FLOW+MTC+S11+WARM+PRE+K5+K7+FILT+MD+SEED+SEEDLS,inputs_4x4_2,midpoint,2,incumbent_value,466.4990053689852
20260915_063846,C0+C0p+C3+FLOW+MTC+S11+WARM+PRE+K5+K7+FILT+MD+SEED+SEEDLS,inputs_4x4_2,midpoint,2,certified,1
20260915_063846,C0+C0p+C3+FLOW+MTC+S11+WARM+PRE+K5+K7+FILT+MD+SEED+SEEDLS,inputs_4x4_2,midpoint,2,n_Nf,13
20260915_063846,C0+C0p+C3+FLOW+MTC+S11+WARM+PRE+K5+K7+FILT+MD+SEED+SEEDLS,inputs_4x4_2,midpoint,2,n_K,32
20260915_063846,C0+C0p+C3+FLOW+MTC+S11+WARM+PRE+K5+K7+FILT+MD+SEED+SEEDLS,inputs_4x4_2,midpoint,2,sp_engine,strong_resource
20260915_063846,C0+C0p+C3+FLOW+MTC+S11+WARM+PRE+K5+K7+FILT+MD+SEED+SEEDLS,inputs_4x4_2,midpoint,2,sp_mip_gap,0.0
20260915_063846,C0+C0p+C3+FLOW+MTC+S11+WARM+PRE+K5+K7+FILT+MD+SEED+SEEDLS,inputs_4x4_2,midpoint,2,sp_tighten,0
20260915_063846,C0+C0p+C3+FLOW+MTC+S11+WARM+PRE+K5+K7+FILT+MD+SEED+SEEDLS,inputs_4x4_2,midpoint,2,sp_tight_gap,0.0
20260915_063846,C0+C0p+C3+FLOW+MTC+S11+WARM+PRE+K5+K7+FILT+MD+SEED+SEEDLS,inputs_4x4_2,midpoint,2,seed_localsearch,1
20260915_063846,C0+C0p+C3+FLOW+MTC+S11+WARM+PRE+K5+K7+FILT+MD+SEED+SEEDLS,inputs_4x4_2,midpoint,2,seed_budget_s,120.0
20260915_063846,C0+C0p+C3+FLOW+MTC+S11+WARM+PRE+K5+K7+FILT+MD+SEED+SEEDLS,inputs_4x4_2,midpoint,2,bigm_threshold,18
20260915_063846,C0+C0p+C3+FLOW+MTC+S11+WARM+PRE+K5+K7+FILT+MD+SEED+SEEDLS,inputs_4x4_2,midpoint,2,bigm_margin,1.0
20260915_063846,C0+C0p+C3+FLOW+MTC+S11+WARM+PRE+K5+K7+FILT+MD+SEED+SEEDLS,inputs_4x4_2,midpoint,2,bigm_method,exact_dp
20260915_063846,C0+C0p+C3+FLOW+MTC+S11+WARM+PRE+K5+K7+FILT+MD+SEED+SEEDLS,inputs_4x4_2,midpoint,2,bigm_nodes_in_dp,13
20260915_063846,C0+C0p+C3+FLOW+MTC+S11+WARM+PRE+K5+K7+FILT+MD+SEED+SEEDLS,inputs_4x4_2,midpoint,2,bigm_dp_completed,True
20260915_063846,C0+C0p+C3+FLOW+MTC+S11+WARM+PRE+K5+K7+FILT+MD+SEED+SEEDLS,inputs_4x4_2,midpoint,2,M_d,105.71477534886262
20260915_063846,C0+C0p+C3+FLOW+MTC+S11+WARM+PRE+K5+K7+FILT+MD+SEED+SEEDLS,inputs_4x4_2,midpoint,2,ts_ub,65.3700263327748
20260915_063846,C0+C0p+C3+FLOW+MTC+S11+WARM+PRE+K5+K7+FILT+MD+SEED+SEEDLS,inputs_4x4_2,midpoint,2,te_ub,94.71477534886262
20260915_063846,C0+C0p+C3+FLOW+MTC+S11+WARM+PRE+K5+K7+FILT+MD+SEED+SEEDLS,inputs_4x4_2,midpoint,2,seed_LB,466.4990053689852
20260915_063846,C0+C0p+C3+FLOW+MTC+S11+WARM+PRE+K5+K7+FILT+MD+SEED+SEEDLS,inputs_4x4_2,midpoint,2,seed_time_s,58.27733588218689
20260915_063846,C0+C0p+C3+FLOW+MTC+S11+WARM+PRE+K5+K7+FILT+MD+SEED+SEEDLS,inputs_4x4_2,midpoint,2,seed_source,localsearch
20260915_063846,C0+C0p+C3+FLOW+MTC+S11+WARM+PRE+K5+K7+FILT+MD+SEED+SEEDLS,inputs_4x4_2,midpoint,2,spcall_OPTIMAL,7
20260915_063846,C0+C0p+C3+FLOW+MTC+S11+WARM+PRE+K5+K7+FILT+MD+SEED+SEEDLS,inputs_4x4_2,midpoint,2,spcall_INFEASIBLE_PROVEN,1
20260915_063846,C0+C0p+C3+FLOW+MTC+S11+WARM+PRE+K5+K7+FILT+MD+SEED+SEEDLS,inputs_4x4_2,midpoint,2,spcall_TIME_LIMIT_WITH_INCUMBENT,4
20260915_063846,C0+C0p+C3+FLOW+MTC+S11+WARM+PRE+K5+K7+FILT+MD+SEED+SEEDLS,inputs_4x4_2,midpoint,2,cut_singleton_infeasible,2
20260915_063846,C0+C0p+C3+FLOW+MTC+S11+WARM+PRE+K5+K7+FILT+MD+SEED+SEEDLS,inputs_4x4_2,midpoint,2,cut_cell_optimality,18
20260915_063846,C0+C0p+C3+FLOW+MTC+S11+WARM+PRE+K5+K7+FILT+MD+SEED+SEEDLS,inputs_4x4_2,midpoint,2,cut_conflict_infeasible,1
20260915_063846,C0+C0p+C3+FLOW+MTC+S11+WARM+PRE+K5+K7+FILT+MD+SEED+SEEDLS,inputs_4x4_2,midpoint,2,cut_dual_bound,3
20260915_063846,C0+C0p+C3+FLOW+MTC+S11+WARM+PRE+K5+K7+FILT+MD+SEED+SEEDLS,inputs_4x4_2,midpoint,2,cut_aggregate_optimality,6
20260915_063846,C0+C0p+C3+FLOW+MTC+S11+WARM+PRE+K5+K7+FILT+MD+SEED+SEEDLS,inputs_4x4_2,midpoint,2,singleton_cache_enabled,1
20260915_063846,C0+C0p+C3+FLOW+MTC+S11+WARM+PRE+K5+K7+FILT+MD+SEED+SEEDLS,inputs_4x4_2,midpoint,2,single_sp_requests,63
20260915_063846,C0+C0p+C3+FLOW+MTC+S11+WARM+PRE+K5+K7+FILT+MD+SEED+SEEDLS,inputs_4x4_2,midpoint,2,single_sp_solves,17
20260915_063846,C0+C0p+C3+FLOW+MTC+S11+WARM+PRE+K5+K7+FILT+MD+SEED+SEEDLS,inputs_4x4_2,midpoint,2,single_sp_cache_hits,46
20260915_063846,C0+C0p+C3+FLOW+MTC+S11+WARM+PRE+K5+K7+FILT+MD+SEED+SEEDLS,inputs_4x4_2,midpoint,2,single_sp_build_time_s,0.031407833099365234
20260915_063846,C0+C0p+C3+FLOW+MTC+S11+WARM+PRE+K5+K7+FILT+MD+SEED+SEEDLS,inputs_4x4_2,midpoint,2,single_sp_solve_time_s,0.034635066986083984
20260915_063846,C0+C0p+C3+FLOW+MTC+S11+WARM+PRE+K5+K7+FILT+MD+SEED+SEEDLS,inputs_4x4_2,midpoint,2,single_sp_time_s,0.06604290008544922
20260915_063846,C0+C0p+C3+FLOW+MTC+S11+WARM+PRE+K5+K7+FILT+MD+SEED+SEEDLS,inputs_4x4_2,midpoint,2,cache_lookup_time_s,0.00014940928667783737
20260915_063846,C0+C0p+C3+FLOW+MTC+S11+WARM+PRE+K5+K7+FILT+MD+SEED+SEEDLS,inputs_4x4_2,midpoint,2,est_prevented_solve_time_s,0.13030481338500977
20260915_063846,C0+C0p+C3+FLOW+MTC+S11+WARM+PRE+K5+K7+FILT+MD+SEED+SEEDLS,inputs_4x4_2,midpoint,2,single_sp_status_FEASIBLE_VERIFIED,15
20260915_063846,C0+C0p+C3+FLOW+MTC+S11+WARM+PRE+K5+K7+FILT+MD+SEED+SEEDLS,inputs_4x4_2,midpoint,2,single_sp_status_INFEASIBLE_PROVEN,2
20260915_063846,C0+C0p+C3+FLOW+MTC+S11+WARM+PRE+K5+K7+FILT+MD+SEED+SEEDLS,inputs_4x4_2,midpoint,2,single_sp_status_UNKNOWN,0
20260915_063846,C0+C0p+C3+FLOW+MTC+S11+WARM+PRE+K5+K7+FILT+MD+SEED+SEEDLS,inputs_4x4_2,midpoint,2,dup_cuts_prevented,1
20260915_063846,C0+C0p+C3+FLOW+MTC+S11+WARM+PRE+K5+K7+FILT+MD+SEED+SEEDLS,inputs_4x4_2,midpoint,2,single_sp_distinct,17
20260915_063846,C0+C0p+C3+FLOW+MTC+S11+WARM+PRE+K5+K7+FILT+MD+SEED+SEEDLS,inputs_4x4_2,midpoint,2,master_time_s,0.10928583145141602
20260915_063846,C0+C0p+C3+FLOW+MTC+S11+WARM+PRE+K5+K7+FILT+MD+SEED+SEEDLS,inputs_4x4_2,midpoint,2,sp_time_s,1183.6486852169037
20260915_063846,C0+C0p+C3+FLOW+MTC+S11+WARM+PRE+K5+K7+FILT+MD+SEED+SEEDLS,inputs_4x4_2,midpoint,2,master_time_share,9.232109445027071e-05
20260915_063846,C0+C0p+C3+FLOW+MTC+S11+WARM+PRE+K5+K7+FILT+MD+SEED+SEEDLS,inputs_4x4_2,midpoint,2,sp_time_share,0.9999076789055498
20260915_063846,C0+C0p+C3+FLOW+MTC+S11+WARM+PRE+K5+K7+FILT+MD+SEED+SEEDLS,inputs_4x4_2,midpoint,2,t_to_gap_10pct,364.5094609260559
20260915_063846,C0+C0p+C3+FLOW+MTC+S11+WARM+PRE+K5+K7+FILT+MD+SEED+SEEDLS,inputs_4x4_2,midpoint,2,t_to_gap_5pct,720.6767113208771
20260915_063846,C0+C0p+C3+FLOW+MTC+S11+WARM+PRE+K5+K7+FILT+MD+SEED+SEEDLS,inputs_4x4_2,midpoint,2,t_to_gap_3pct,820.1299319267273
20260915_063846,C0+C0p+C3+FLOW+MTC+S11+WARM+PRE+K5+K7+FILT+MD+SEED+SEEDLS,inputs_4x4_2,midpoint,2,t_to_gap_1pct,1248.290976524353
20260915_063921,C0+C0p+C3+FLOW+MTC+S11+WARM+PRE+K5+K7+FILT+MD+SEED+SEEDLS,inputs_10x10_v_full,midpoint,1,status,TIME_LIMIT
20260915_063921,C0+C0p+C3+FLOW+MTC+S11+WARM+PRE+K5+K7+FILT+MD+SEED+SEEDLS,inputs_10x10_v_full,midpoint,1,LB,1322.3831993243741
20260915_063921,C0+C0p+C3+FLOW+MTC+S11+WARM+PRE+K5+K7+FILT+MD+SEED+SEEDLS,inputs_10x10_v_full,midpoint,1,UB,5334.676801481468
20260915_063921,C0+C0p+C3+FLOW+MTC+S11+WARM+PRE+K5+K7+FILT+MD+SEED+SEEDLS,inputs_10x10_v_full,midpoint,1,gap,0.7521155922778413
20260915_063921,C0+C0p+C3+FLOW+MTC+S11+WARM+PRE+K5+K7+FILT+MD+SEED+SEEDLS,inputs_10x10_v_full,midpoint,1,iterations,162
20260915_063921,C0+C0p+C3+FLOW+MTC+S11+WARM+PRE+K5+K7+FILT+MD+SEED+SEEDLS,inputs_10x10_v_full,midpoint,1,runtime_s,1800.0357954502106
20260915_063921,C0+C0p+C3+FLOW+MTC+S11+WARM+PRE+K5+K7+FILT+MD+SEED+SEEDLS,inputs_10x10_v_full,midpoint,1,wall_s,1800.039724111557
20260915_063921,C0+C0p+C3+FLOW+MTC+S11+WARM+PRE+K5+K7+FILT+MD+SEED+SEEDLS,inputs_10x10_v_full,midpoint,1,n_sp_calls,1
20260915_063921,C0+C0p+C3+FLOW+MTC+S11+WARM+PRE+K5+K7+FILT+MD+SEED+SEEDLS,inputs_10x10_v_full,midpoint,1,incumbent_value,1322.3831993243741
20260915_063921,C0+C0p+C3+FLOW+MTC+S11+WARM+PRE+K5+K7+FILT+MD+SEED+SEEDLS,inputs_10x10_v_full,midpoint,1,certified,0
20260915_063921,C0+C0p+C3+FLOW+MTC+S11+WARM+PRE+K5+K7+FILT+MD+SEED+SEEDLS,inputs_10x10_v_full,midpoint,1,n_Nf,90
20260915_063921,C0+C0p+C3+FLOW+MTC+S11+WARM+PRE+K5+K7+FILT+MD+SEED+SEEDLS,inputs_10x10_v_full,midpoint,1,n_K,42
20260915_063921,C0+C0p+C3+FLOW+MTC+S11+WARM+PRE+K5+K7+FILT+MD+SEED+SEEDLS,inputs_10x10_v_full,midpoint,1,sp_engine,strong_resource
20260915_063921,C0+C0p+C3+FLOW+MTC+S11+WARM+PRE+K5+K7+FILT+MD+SEED+SEEDLS,inputs_10x10_v_full,midpoint,1,sp_mip_gap,0.0
20260915_063921,C0+C0p+C3+FLOW+MTC+S11+WARM+PRE+K5+K7+FILT+MD+SEED+SEEDLS,inputs_10x10_v_full,midpoint,1,sp_tighten,0
20260915_063921,C0+C0p+C3+FLOW+MTC+S11+WARM+PRE+K5+K7+FILT+MD+SEED+SEEDLS,inputs_10x10_v_full,midpoint,1,sp_tight_gap,0.0
20260915_063921,C0+C0p+C3+FLOW+MTC+S11+WARM+PRE+K5+K7+FILT+MD+SEED+SEEDLS,inputs_10x10_v_full,midpoint,1,seed_localsearch,1
20260915_063921,C0+C0p+C3+FLOW+MTC+S11+WARM+PRE+K5+K7+FILT+MD+SEED+SEEDLS,inputs_10x10_v_full,midpoint,1,seed_budget_s,120.0
20260915_063921,C0+C0p+C3+FLOW+MTC+S11+WARM+PRE+K5+K7+FILT+MD+SEED+SEEDLS,inputs_10x10_v_full,midpoint,1,bigm_threshold,18
20260915_063921,C0+C0p+C3+FLOW+MTC+S11+WARM+PRE+K5+K7+FILT+MD+SEED+SEEDLS,inputs_10x10_v_full,midpoint,1,bigm_margin,1.0
20260915_063921,C0+C0p+C3+FLOW+MTC+S11+WARM+PRE+K5+K7+FILT+MD+SEED+SEEDLS,inputs_10x10_v_full,midpoint,1,bigm_method,global_sum
20260915_063921,C0+C0p+C3+FLOW+MTC+S11+WARM+PRE+K5+K7+FILT+MD+SEED+SEEDLS,inputs_10x10_v_full,midpoint,1,bigm_nodes_in_dp,0
20260915_063921,C0+C0p+C3+FLOW+MTC+S11+WARM+PRE+K5+K7+FILT+MD+SEED+SEEDLS,inputs_10x10_v_full,midpoint,1,bigm_dp_completed,False
20260915_063921,C0+C0p+C3+FLOW+MTC+S11+WARM+PRE+K5+K7+FILT+MD+SEED+SEEDLS,inputs_10x10_v_full,midpoint,1,M_d,603.281698735241
20260915_063921,C0+C0p+C3+FLOW+MTC+S11+WARM+PRE+K5+K7+FILT+MD+SEED+SEEDLS,inputs_10x10_v_full,midpoint,1,ts_ub,550.9369497191532
20260915_063921,C0+C0p+C3+FLOW+MTC+S11+WARM+PRE+K5+K7+FILT+MD+SEED+SEEDLS,inputs_10x10_v_full,midpoint,1,te_ub,580.281698735241
20260915_063921,C0+C0p+C3+FLOW+MTC+S11+WARM+PRE+K5+K7+FILT+MD+SEED+SEEDLS,inputs_10x10_v_full,midpoint,1,seed_LB,1322.3831993243741
20260915_063921,C0+C0p+C3+FLOW+MTC+S11+WARM+PRE+K5+K7+FILT+MD+SEED+SEEDLS,inputs_10x10_v_full,midpoint,1,seed_time_s,120.20019888877869
20260915_063921,C0+C0p+C3+FLOW+MTC+S11+WARM+PRE+K5+K7+FILT+MD+SEED+SEEDLS,inputs_10x10_v_full,midpoint,1,seed_source,localsearch
20260915_063921,C0+C0p+C3+FLOW+MTC+S11+WARM+PRE+K5+K7+FILT+MD+SEED+SEEDLS,inputs_10x10_v_full,midpoint,1,spcall_TIME_LIMIT_WITH_INCUMBENT,1
20260915_063921,C0+C0p+C3+FLOW+MTC+S11+WARM+PRE+K5+K7+FILT+MD+SEED+SEEDLS,inputs_10x10_v_full,midpoint,1,cut_singleton_infeasible,759
20260915_063921,C0+C0p+C3+FLOW+MTC+S11+WARM+PRE+K5+K7+FILT+MD+SEED+SEEDLS,inputs_10x10_v_full,midpoint,1,cut_propagation,1
20260915_063921,C0+C0p+C3+FLOW+MTC+S11+WARM+PRE+K5+K7+FILT+MD+SEED+SEEDLS,inputs_10x10_v_full,midpoint,1,singleton_cache_enabled,1
20260915_063921,C0+C0p+C3+FLOW+MTC+S11+WARM+PRE+K5+K7+FILT+MD+SEED+SEEDLS,inputs_10x10_v_full,midpoint,1,single_sp_requests,7325
20260915_063921,C0+C0p+C3+FLOW+MTC+S11+WARM+PRE+K5+K7+FILT+MD+SEED+SEEDLS,inputs_10x10_v_full,midpoint,1,single_sp_solves,2342
20260915_063921,C0+C0p+C3+FLOW+MTC+S11+WARM+PRE+K5+K7+FILT+MD+SEED+SEEDLS,inputs_10x10_v_full,midpoint,1,single_sp_cache_hits,4983
20260915_063921,C0+C0p+C3+FLOW+MTC+S11+WARM+PRE+K5+K7+FILT+MD+SEED+SEEDLS,inputs_10x10_v_full,midpoint,1,single_sp_build_time_s,3.7722699642181396
20260915_063921,C0+C0p+C3+FLOW+MTC+S11+WARM+PRE+K5+K7+FILT+MD+SEED+SEEDLS,inputs_10x10_v_full,midpoint,1,single_sp_solve_time_s,4.660457134246826
20260915_063921,C0+C0p+C3+FLOW+MTC+S11+WARM+PRE+K5+K7+FILT+MD+SEED+SEEDLS,inputs_10x10_v_full,midpoint,1,single_sp_time_s,8.432727098464966
20260915_063921,C0+C0p+C3+FLOW+MTC+S11+WARM+PRE+K5+K7+FILT+MD+SEED+SEEDLS,inputs_10x10_v_full,midpoint,1,cache_lookup_time_s,0.016174173913896084
20260915_063921,C0+C0p+C3+FLOW+MTC+S11+WARM+PRE+K5+K7+FILT+MD+SEED+SEEDLS,inputs_10x10_v_full,midpoint,1,est_prevented_solve_time_s,19.22179651260376
20260915_063921,C0+C0p+C3+FLOW+MTC+S11+WARM+PRE+K5+K7+FILT+MD+SEED+SEEDLS,inputs_10x10_v_full,midpoint,1,single_sp_status_FEASIBLE_VERIFIED,2158
20260915_063921,C0+C0p+C3+FLOW+MTC+S11+WARM+PRE+K5+K7+FILT+MD+SEED+SEEDLS,inputs_10x10_v_full,midpoint,1,single_sp_status_INFEASIBLE_PROVEN,184
20260915_063921,C0+C0p+C3+FLOW+MTC+S11+WARM+PRE+K5+K7+FILT+MD+SEED+SEEDLS,inputs_10x10_v_full,midpoint,1,single_sp_status_UNKNOWN,0
20260915_063921,C0+C0p+C3+FLOW+MTC+S11+WARM+PRE+K5+K7+FILT+MD+SEED+SEEDLS,inputs_10x10_v_full,midpoint,1,dup_cuts_prevented,0
20260915_063921,C0+C0p+C3+FLOW+MTC+S11+WARM+PRE+K5+K7+FILT+MD+SEED+SEEDLS,inputs_10x10_v_full,midpoint,1,single_sp_distinct,2342
20260915_063921,C0+C0p+C3+FLOW+MTC+S11+WARM+PRE+K5+K7+FILT+MD+SEED+SEEDLS,inputs_10x10_v_full,midpoint,1,master_time_s,1671.1260006427765
20260915_063921,C0+C0p+C3+FLOW+MTC+S11+WARM+PRE+K5+K7+FILT+MD+SEED+SEEDLS,inputs_10x10_v_full,midpoint,1,sp_time_s,0.0
20260915_063921,C0+C0p+C3+FLOW+MTC+S11+WARM+PRE+K5+K7+FILT+MD+SEED+SEEDLS,inputs_10x10_v_full,midpoint,1,master_time_share,1.0
20260915_063921,C0+C0p+C3+FLOW+MTC+S11+WARM+PRE+K5+K7+FILT+MD+SEED+SEEDLS,inputs_10x10_v_full,midpoint,1,sp_time_share,0.0
20260915_063921,C0+C0p+C3+FLOW+MTC+S11+WARM+PRE+K5+K7+FILT+MD+SEED+SEEDLS,inputs_10x10_v_full,midpoint,1,t_to_gap_10pct,
20260915_063921,C0+C0p+C3+FLOW+MTC+S11+WARM+PRE+K5+K7+FILT+MD+SEED+SEEDLS,inputs_10x10_v_full,midpoint,1,t_to_gap_5pct,
20260915_063921,C0+C0p+C3+FLOW+MTC+S11+WARM+PRE+K5+K7+FILT+MD+SEED+SEEDLS,inputs_10x10_v_full,midpoint,1,t_to_gap_3pct,
20260915_063921,C0+C0p+C3+FLOW+MTC+S11+WARM+PRE+K5+K7+FILT+MD+SEED+SEEDLS,inputs_10x10_v_full,midpoint,1,t_to_gap_1pct,
20260915_063931,C0+C0p+C3+FLOW+MTC+S11+WARM+PRE+K5+K7+FILT+MD+SEED+SEEDLS,inputs_4x4_4,midpoint,2,status,OPTIMAL
20260915_063931,C0+C0p+C3+FLOW+MTC+S11+WARM+PRE+K5+K7+FILT+MD+SEED+SEEDLS,inputs_4x4_4,midpoint,2,LB,552.620563936684
20260915_063931,C0+C0p+C3+FLOW+MTC+S11+WARM+PRE+K5+K7+FILT+MD+SEED+SEEDLS,inputs_4x4_4,midpoint,2,UB,552.6205639366835
20260915_063931,C0+C0p+C3+FLOW+MTC+S11+WARM+PRE+K5+K7+FILT+MD+SEED+SEEDLS,inputs_4x4_4,midpoint,2,gap,-8.22892560578992e-16
20260915_063931,C0+C0p+C3+FLOW+MTC+S11+WARM+PRE+K5+K7+FILT+MD+SEED+SEEDLS,inputs_4x4_4,midpoint,2,iterations,5
20260915_063931,C0+C0p+C3+FLOW+MTC+S11+WARM+PRE+K5+K7+FILT+MD+SEED+SEEDLS,inputs_4x4_4,midpoint,2,runtime_s,701.0807604789734
20260915_063931,C0+C0p+C3+FLOW+MTC+S11+WARM+PRE+K5+K7+FILT+MD+SEED+SEEDLS,inputs_4x4_4,midpoint,2,wall_s,701.0810310840607
20260915_063931,C0+C0p+C3+FLOW+MTC+S11+WARM+PRE+K5+K7+FILT+MD+SEED+SEEDLS,inputs_4x4_4,midpoint,2,n_sp_calls,5
20260915_063931,C0+C0p+C3+FLOW+MTC+S11+WARM+PRE+K5+K7+FILT+MD+SEED+SEEDLS,inputs_4x4_4,midpoint,2,incumbent_value,552.620563936684
20260915_063931,C0+C0p+C3+FLOW+MTC+S11+WARM+PRE+K5+K7+FILT+MD+SEED+SEEDLS,inputs_4x4_4,midpoint,2,certified,1
20260915_063931,C0+C0p+C3+FLOW+MTC+S11+WARM+PRE+K5+K7+FILT+MD+SEED+SEEDLS,inputs_4x4_4,midpoint,2,n_Nf,13
20260915_063931,C0+C0p+C3+FLOW+MTC+S11+WARM+PRE+K5+K7+FILT+MD+SEED+SEEDLS,inputs_4x4_4,midpoint,2,n_K,32
20260915_063931,C0+C0p+C3+FLOW+MTC+S11+WARM+PRE+K5+K7+FILT+MD+SEED+SEEDLS,inputs_4x4_4,midpoint,2,sp_engine,strong_resource
20260915_063931,C0+C0p+C3+FLOW+MTC+S11+WARM+PRE+K5+K7+FILT+MD+SEED+SEEDLS,inputs_4x4_4,midpoint,2,sp_mip_gap,0.0
20260915_063931,C0+C0p+C3+FLOW+MTC+S11+WARM+PRE+K5+K7+FILT+MD+SEED+SEEDLS,inputs_4x4_4,midpoint,2,sp_tighten,0
20260915_063931,C0+C0p+C3+FLOW+MTC+S11+WARM+PRE+K5+K7+FILT+MD+SEED+SEEDLS,inputs_4x4_4,midpoint,2,sp_tight_gap,0.0
20260915_063931,C0+C0p+C3+FLOW+MTC+S11+WARM+PRE+K5+K7+FILT+MD+SEED+SEEDLS,inputs_4x4_4,midpoint,2,seed_localsearch,1
20260915_063931,C0+C0p+C3+FLOW+MTC+S11+WARM+PRE+K5+K7+FILT+MD+SEED+SEEDLS,inputs_4x4_4,midpoint,2,seed_budget_s,120.0
20260915_063931,C0+C0p+C3+FLOW+MTC+S11+WARM+PRE+K5+K7+FILT+MD+SEED+SEEDLS,inputs_4x4_4,midpoint,2,bigm_threshold,18
20260915_063931,C0+C0p+C3+FLOW+MTC+S11+WARM+PRE+K5+K7+FILT+MD+SEED+SEEDLS,inputs_4x4_4,midpoint,2,bigm_margin,1.0
20260915_063931,C0+C0p+C3+FLOW+MTC+S11+WARM+PRE+K5+K7+FILT+MD+SEED+SEEDLS,inputs_4x4_4,midpoint,2,bigm_method,exact_dp
20260915_063931,C0+C0p+C3+FLOW+MTC+S11+WARM+PRE+K5+K7+FILT+MD+SEED+SEEDLS,inputs_4x4_4,midpoint,2,bigm_nodes_in_dp,13
20260915_063931,C0+C0p+C3+FLOW+MTC+S11+WARM+PRE+K5+K7+FILT+MD+SEED+SEEDLS,inputs_4x4_4,midpoint,2,bigm_dp_completed,True
20260915_063931,C0+C0p+C3+FLOW+MTC+S11+WARM+PRE+K5+K7+FILT+MD+SEED+SEEDLS,inputs_4x4_4,midpoint,2,M_d,105.71477534886262
20260915_063931,C0+C0p+C3+FLOW+MTC+S11+WARM+PRE+K5+K7+FILT+MD+SEED+SEEDLS,inputs_4x4_4,midpoint,2,ts_ub,65.3700263327748
20260915_063931,C0+C0p+C3+FLOW+MTC+S11+WARM+PRE+K5+K7+FILT+MD+SEED+SEEDLS,inputs_4x4_4,midpoint,2,te_ub,94.71477534886262
20260915_063931,C0+C0p+C3+FLOW+MTC+S11+WARM+PRE+K5+K7+FILT+MD+SEED+SEEDLS,inputs_4x4_4,midpoint,2,seed_LB,552.620563936684
20260915_063931,C0+C0p+C3+FLOW+MTC+S11+WARM+PRE+K5+K7+FILT+MD+SEED+SEEDLS,inputs_4x4_4,midpoint,2,seed_time_s,58.927088022232056
20260915_063931,C0+C0p+C3+FLOW+MTC+S11+WARM+PRE+K5+K7+FILT+MD+SEED+SEEDLS,inputs_4x4_4,midpoint,2,seed_source,containment
20260915_063931,C0+C0p+C3+FLOW+MTC+S11+WARM+PRE+K5+K7+FILT+MD+SEED+SEEDLS,inputs_4x4_4,midpoint,2,spcall_OPTIMAL,2
20260915_063931,C0+C0p+C3+FLOW+MTC+S11+WARM+PRE+K5+K7+FILT+MD+SEED+SEEDLS,inputs_4x4_4,midpoint,2,spcall_TIME_LIMIT_WITH_INCUMBENT,3
20260915_063931,C0+C0p+C3+FLOW+MTC+S11+WARM+PRE+K5+K7+FILT+MD+SEED+SEEDLS,inputs_4x4_4,midpoint,2,cut_singleton_infeasible,1
20260915_063931,C0+C0p+C3+FLOW+MTC+S11+WARM+PRE+K5+K7+FILT+MD+SEED+SEEDLS,inputs_4x4_4,midpoint,2,cut_cell_optimality,12
20260915_063931,C0+C0p+C3+FLOW+MTC+S11+WARM+PRE+K5+K7+FILT+MD+SEED+SEEDLS,inputs_4x4_4,midpoint,2,cut_aggregate_optimality,1
20260915_063931,C0+C0p+C3+FLOW+MTC+S11+WARM+PRE+K5+K7+FILT+MD+SEED+SEEDLS,inputs_4x4_4,midpoint,2,cut_dual_bound,2
20260915_063931,C0+C0p+C3+FLOW+MTC+S11+WARM+PRE+K5+K7+FILT+MD+SEED+SEEDLS,inputs_4x4_4,midpoint,2,singleton_cache_enabled,1
20260915_063931,C0+C0p+C3+FLOW+MTC+S11+WARM+PRE+K5+K7+FILT+MD+SEED+SEEDLS,inputs_4x4_4,midpoint,2,single_sp_requests,15
20260915_063931,C0+C0p+C3+FLOW+MTC+S11+WARM+PRE+K5+K7+FILT+MD+SEED+SEEDLS,inputs_4x4_4,midpoint,2,single_sp_solves,11
20260915_063931,C0+C0p+C3+FLOW+MTC+S11+WARM+PRE+K5+K7+FILT+MD+SEED+SEEDLS,inputs_4x4_4,midpoint,2,single_sp_cache_hits,4
20260915_063931,C0+C0p+C3+FLOW+MTC+S11+WARM+PRE+K5+K7+FILT+MD+SEED+SEEDLS,inputs_4x4_4,midpoint,2,single_sp_build_time_s,0.013936758041381836
20260915_063931,C0+C0p+C3+FLOW+MTC+S11+WARM+PRE+K5+K7+FILT+MD+SEED+SEEDLS,inputs_4x4_4,midpoint,2,single_sp_solve_time_s,0.023659944534301758
20260915_063931,C0+C0p+C3+FLOW+MTC+S11+WARM+PRE+K5+K7+FILT+MD+SEED+SEEDLS,inputs_4x4_4,midpoint,2,single_sp_time_s,0.037596702575683594
20260915_063931,C0+C0p+C3+FLOW+MTC+S11+WARM+PRE+K5+K7+FILT+MD+SEED+SEEDLS,inputs_4x4_4,midpoint,2,cache_lookup_time_s,4.667695611715317e-05
20260915_063931,C0+C0p+C3+FLOW+MTC+S11+WARM+PRE+K5+K7+FILT+MD+SEED+SEEDLS,inputs_4x4_4,midpoint,2,est_prevented_solve_time_s,0.02295851707458496
20260915_063931,C0+C0p+C3+FLOW+MTC+S11+WARM+PRE+K5+K7+FILT+MD+SEED+SEEDLS,inputs_4x4_4,midpoint,2,single_sp_status_FEASIBLE_VERIFIED,10
20260915_063931,C0+C0p+C3+FLOW+MTC+S11+WARM+PRE+K5+K7+FILT+MD+SEED+SEEDLS,inputs_4x4_4,midpoint,2,single_sp_status_INFEASIBLE_PROVEN,1
20260915_063931,C0+C0p+C3+FLOW+MTC+S11+WARM+PRE+K5+K7+FILT+MD+SEED+SEEDLS,inputs_4x4_4,midpoint,2,single_sp_status_UNKNOWN,0
20260915_063931,C0+C0p+C3+FLOW+MTC+S11+WARM+PRE+K5+K7+FILT+MD+SEED+SEEDLS,inputs_4x4_4,midpoint,2,dup_cuts_prevented,0
20260915_063931,C0+C0p+C3+FLOW+MTC+S11+WARM+PRE+K5+K7+FILT+MD+SEED+SEEDLS,inputs_4x4_4,midpoint,2,single_sp_distinct,11
20260915_063931,C0+C0p+C3+FLOW+MTC+S11+WARM+PRE+K5+K7+FILT+MD+SEED+SEEDLS,inputs_4x4_4,midpoint,2,master_time_s,0.0249326229095459
20260915_063931,C0+C0p+C3+FLOW+MTC+S11+WARM+PRE+K5+K7+FILT+MD+SEED+SEEDLS,inputs_4x4_4,midpoint,2,sp_time_s,641.839467048645
20260915_063931,C0+C0p+C3+FLOW+MTC+S11+WARM+PRE+K5+K7+FILT+MD+SEED+SEEDLS,inputs_4x4_4,midpoint,2,master_time_share,3.8844065697215886e-05
20260915_063931,C0+C0p+C3+FLOW+MTC+S11+WARM+PRE+K5+K7+FILT+MD+SEED+SEEDLS,inputs_4x4_4,midpoint,2,sp_time_share,0.9999611559343028
20260915_063931,C0+C0p+C3+FLOW+MTC+S11+WARM+PRE+K5+K7+FILT+MD+SEED+SEEDLS,inputs_4x4_4,midpoint,2,t_to_gap_10pct,58.92822623252869
20260915_063931,C0+C0p+C3+FLOW+MTC+S11+WARM+PRE+K5+K7+FILT+MD+SEED+SEEDLS,inputs_4x4_4,midpoint,2,t_to_gap_5pct,400.96667861938477
20260915_063931,C0+C0p+C3+FLOW+MTC+S11+WARM+PRE+K5+K7+FILT+MD+SEED+SEEDLS,inputs_4x4_4,midpoint,2,t_to_gap_3pct,701.0721015930176
20260915_063931,C0+C0p+C3+FLOW+MTC+S11+WARM+PRE+K5+K7+FILT+MD+SEED+SEEDLS,inputs_4x4_4,midpoint,2,t_to_gap_1pct,701.0807535648346
20260915_065348,C0+C0p+C3+FLOW+MTC+S11+WARM+PRE+K5+K7+FILT+MD+SEED+SEEDLS,inputs_4x4_3,midpoint,2,status,TIME_LIMIT
20260915_065348,C0+C0p+C3+FLOW+MTC+S11+WARM+PRE+K5+K7+FILT+MD+SEED+SEEDLS,inputs_4x4_3,midpoint,2,LB,345.6349207635623
20260915_065348,C0+C0p+C3+FLOW+MTC+S11+WARM+PRE+K5+K7+FILT+MD+SEED+SEEDLS,inputs_4x4_3,midpoint,2,UB,349.6224334118706
20260915_065348,C0+C0p+C3+FLOW+MTC+S11+WARM+PRE+K5+K7+FILT+MD+SEED+SEEDLS,inputs_4x4_3,midpoint,2,gap,0.011405196770113441
20260915_065348,C0+C0p+C3+FLOW+MTC+S11+WARM+PRE+K5+K7+FILT+MD+SEED+SEEDLS,inputs_4x4_3,midpoint,2,iterations,14
20260915_065348,C0+C0p+C3+FLOW+MTC+S11+WARM+PRE+K5+K7+FILT+MD+SEED+SEEDLS,inputs_4x4_3,midpoint,2,runtime_s,1800.0225450992584
20260915_065348,C0+C0p+C3+FLOW+MTC+S11+WARM+PRE+K5+K7+FILT+MD+SEED+SEEDLS,inputs_4x4_3,midpoint,2,wall_s,1800.02281832695
20260915_065348,C0+C0p+C3+FLOW+MTC+S11+WARM+PRE+K5+K7+FILT+MD+SEED+SEEDLS,inputs_4x4_3,midpoint,2,n_sp_calls,14
20260915_065348,C0+C0p+C3+FLOW+MTC+S11+WARM+PRE+K5+K7+FILT+MD+SEED+SEEDLS,inputs_4x4_3,midpoint,2,incumbent_value,345.6349207635623
20260915_065348,C0+C0p+C3+FLOW+MTC+S11+WARM+PRE+K5+K7+FILT+MD+SEED+SEEDLS,inputs_4x4_3,midpoint,2,certified,0
20260915_065348,C0+C0p+C3+FLOW+MTC+S11+WARM+PRE+K5+K7+FILT+MD+SEED+SEEDLS,inputs_4x4_3,midpoint,2,n_Nf,12
20260915_065348,C0+C0p+C3+FLOW+MTC+S11+WARM+PRE+K5+K7+FILT+MD+SEED+SEEDLS,inputs_4x4_3,midpoint,2,n_K,32
20260915_065348,C0+C0p+C3+FLOW+MTC+S11+WARM+PRE+K5+K7+FILT+MD+SEED+SEEDLS,inputs_4x4_3,midpoint,2,sp_engine,strong_resource
20260915_065348,C0+C0p+C3+FLOW+MTC+S11+WARM+PRE+K5+K7+FILT+MD+SEED+SEEDLS,inputs_4x4_3,midpoint,2,sp_mip_gap,0.0
20260915_065348,C0+C0p+C3+FLOW+MTC+S11+WARM+PRE+K5+K7+FILT+MD+SEED+SEEDLS,inputs_4x4_3,midpoint,2,sp_tighten,0
20260915_065348,C0+C0p+C3+FLOW+MTC+S11+WARM+PRE+K5+K7+FILT+MD+SEED+SEEDLS,inputs_4x4_3,midpoint,2,sp_tight_gap,0.0
20260915_065348,C0+C0p+C3+FLOW+MTC+S11+WARM+PRE+K5+K7+FILT+MD+SEED+SEEDLS,inputs_4x4_3,midpoint,2,seed_localsearch,1
20260915_065348,C0+C0p+C3+FLOW+MTC+S11+WARM+PRE+K5+K7+FILT+MD+SEED+SEEDLS,inputs_4x4_3,midpoint,2,seed_budget_s,120.0
20260915_065348,C0+C0p+C3+FLOW+MTC+S11+WARM+PRE+K5+K7+FILT+MD+SEED+SEEDLS,inputs_4x4_3,midpoint,2,bigm_threshold,18
20260915_065348,C0+C0p+C3+FLOW+MTC+S11+WARM+PRE+K5+K7+FILT+MD+SEED+SEEDLS,inputs_4x4_3,midpoint,2,bigm_margin,1.0
20260915_065348,C0+C0p+C3+FLOW+MTC+S11+WARM+PRE+K5+K7+FILT+MD+SEED+SEEDLS,inputs_4x4_3,midpoint,2,bigm_method,exact_dp
20260915_065348,C0+C0p+C3+FLOW+MTC+S11+WARM+PRE+K5+K7+FILT+MD+SEED+SEEDLS,inputs_4x4_3,midpoint,2,bigm_nodes_in_dp,12
20260915_065348,C0+C0p+C3+FLOW+MTC+S11+WARM+PRE+K5+K7+FILT+MD+SEED+SEEDLS,inputs_4x4_3,midpoint,2,bigm_dp_completed,True
20260915_065348,C0+C0p+C3+FLOW+MTC+S11+WARM+PRE+K5+K7+FILT+MD+SEED+SEEDLS,inputs_4x4_3,midpoint,2,M_d,85.3179583329078
20260915_065348,C0+C0p+C3+FLOW+MTC+S11+WARM+PRE+K5+K7+FILT+MD+SEED+SEEDLS,inputs_4x4_3,midpoint,2,ts_ub,44.973209316819975
20260915_065348,C0+C0p+C3+FLOW+MTC+S11+WARM+PRE+K5+K7+FILT+MD+SEED+SEEDLS,inputs_4x4_3,midpoint,2,te_ub,74.3179583329078
20260915_065348,C0+C0p+C3+FLOW+MTC+S11+WARM+PRE+K5+K7+FILT+MD+SEED+SEEDLS,inputs_4x4_3,midpoint,2,seed_LB,345.63492076356226
20260915_065348,C0+C0p+C3+FLOW+MTC+S11+WARM+PRE+K5+K7+FILT+MD+SEED+SEEDLS,inputs_4x4_3,midpoint,2,seed_time_s,86.84766244888306
20260915_065348,C0+C0p+C3+FLOW+MTC+S11+WARM+PRE+K5+K7+FILT+MD+SEED+SEEDLS,inputs_4x4_3,midpoint,2,seed_source,localsearch
20260915_065348,C0+C0p+C3+FLOW+MTC+S11+WARM+PRE+K5+K7+FILT+MD+SEED+SEEDLS,inputs_4x4_3,midpoint,2,spcall_OPTIMAL,5
20260915_065348,C0+C0p+C3+FLOW+MTC+S11+WARM+PRE+K5+K7+FILT+MD+SEED+SEEDLS,inputs_4x4_3,midpoint,2,spcall_INFEASIBLE_PROVEN,3
20260915_065348,C0+C0p+C3+FLOW+MTC+S11+WARM+PRE+K5+K7+FILT+MD+SEED+SEEDLS,inputs_4x4_3,midpoint,2,spcall_TIME_LIMIT_WITH_INCUMBENT,6
20260915_065348,C0+C0p+C3+FLOW+MTC+S11+WARM+PRE+K5+K7+FILT+MD+SEED+SEEDLS,inputs_4x4_3,midpoint,2,cut_singleton_infeasible,2
20260915_065348,C0+C0p+C3+FLOW+MTC+S11+WARM+PRE+K5+K7+FILT+MD+SEED+SEEDLS,inputs_4x4_3,midpoint,2,cut_cell_optimality,15
20260915_065348,C0+C0p+C3+FLOW+MTC+S11+WARM+PRE+K5+K7+FILT+MD+SEED+SEEDLS,inputs_4x4_3,midpoint,2,cut_conflict_infeasible,3
20260915_065348,C0+C0p+C3+FLOW+MTC+S11+WARM+PRE+K5+K7+FILT+MD+SEED+SEEDLS,inputs_4x4_3,midpoint,2,cut_dual_bound,5
20260915_065348,C0+C0p+C3+FLOW+MTC+S11+WARM+PRE+K5+K7+FILT+MD+SEED+SEEDLS,inputs_4x4_3,midpoint,2,cut_aggregate_optimality,4
20260915_065348,C0+C0p+C3+FLOW+MTC+S11+WARM+PRE+K5+K7+FILT+MD+SEED+SEEDLS,inputs_4x4_3,midpoint,2,singleton_cache_enabled,1
20260915_065348,C0+C0p+C3+FLOW+MTC+S11+WARM+PRE+K5+K7+FILT+MD+SEED+SEEDLS,inputs_4x4_3,midpoint,2,single_sp_requests,94
20260915_065348,C0+C0p+C3+FLOW+MTC+S11+WARM+PRE+K5+K7+FILT+MD+SEED+SEEDLS,inputs_4x4_3,midpoint,2,single_sp_solves,17
20260915_065348,C0+C0p+C3+FLOW+MTC+S11+WARM+PRE+K5+K7+FILT+MD+SEED+SEEDLS,inputs_4x4_3,midpoint,2,single_sp_cache_hits,77
20260915_065348,C0+C0p+C3+FLOW+MTC+S11+WARM+PRE+K5+K7+FILT+MD+SEED+SEEDLS,inputs_4x4_3,midpoint,2,single_sp_build_time_s,0.02134251594543457
20260915_065348,C0+C0p+C3+FLOW+MTC+S11+WARM+PRE+K5+K7+FILT+MD+SEED+SEEDLS,inputs_4x4_3,midpoint,2,single_sp_solve_time_s,0.03965926170349121
20260915_065348,C0+C0p+C3+FLOW+MTC+S11+WARM+PRE+K5+K7+FILT+MD+SEED+SEEDLS,inputs_4x4_3,midpoint,2,single_sp_time_s,0.06100177764892578
20260915_065348,C0+C0p+C3+FLOW+MTC+S11+WARM+PRE+K5+K7+FILT+MD+SEED+SEEDLS,inputs_4x4_3,midpoint,2,cache_lookup_time_s,0.0002066437155008316
20260915_065348,C0+C0p+C3+FLOW+MTC+S11+WARM+PRE+K5+K7+FILT+MD+SEED+SEEDLS,inputs_4x4_3,midpoint,2,est_prevented_solve_time_s,0.22029399871826172
20260915_065348,C0+C0p+C3+FLOW+MTC+S11+WARM+PRE+K5+K7+FILT+MD+SEED+SEEDLS,inputs_4x4_3,midpoint,2,single_sp_status_FEASIBLE_VERIFIED,15
20260915_065348,C0+C0p+C3+FLOW+MTC+S11+WARM+PRE+K5+K7+FILT+MD+SEED+SEEDLS,inputs_4x4_3,midpoint,2,single_sp_status_INFEASIBLE_PROVEN,2
20260915_065348,C0+C0p+C3+FLOW+MTC+S11+WARM+PRE+K5+K7+FILT+MD+SEED+SEEDLS,inputs_4x4_3,midpoint,2,single_sp_status_UNKNOWN,0
20260915_065348,C0+C0p+C3+FLOW+MTC+S11+WARM+PRE+K5+K7+FILT+MD+SEED+SEEDLS,inputs_4x4_3,midpoint,2,dup_cuts_prevented,0
20260915_065348,C0+C0p+C3+FLOW+MTC+S11+WARM+PRE+K5+K7+FILT+MD+SEED+SEEDLS,inputs_4x4_3,midpoint,2,single_sp_distinct,17
20260915_065348,C0+C0p+C3+FLOW+MTC+S11+WARM+PRE+K5+K7+FILT+MD+SEED+SEEDLS,inputs_4x4_3,midpoint,2,master_time_s,0.05536818504333496
20260915_065348,C0+C0p+C3+FLOW+MTC+S11+WARM+PRE+K5+K7+FILT+MD+SEED+SEEDLS,inputs_4x4_3,midpoint,2,sp_time_s,1643.0530667304993
20260915_065348,C0+C0p+C3+FLOW+MTC+S11+WARM+PRE+K5+K7+FILT+MD+SEED+SEEDLS,inputs_4x4_3,midpoint,2,master_time_share,3.3697219165076555e-05
20260915_065348,C0+C0p+C3+FLOW+MTC+S11+WARM+PRE+K5+K7+FILT+MD+SEED+SEEDLS,inputs_4x4_3,midpoint,2,sp_time_share,0.9999663027808349
20260915_065348,C0+C0p+C3+FLOW+MTC+S11+WARM+PRE+K5+K7+FILT+MD+SEED+SEEDLS,inputs_4x4_3,midpoint,2,t_to_gap_10pct,124.28909039497375
20260915_065348,C0+C0p+C3+FLOW+MTC+S11+WARM+PRE+K5+K7+FILT+MD+SEED+SEEDLS,inputs_4x4_3,midpoint,2,t_to_gap_5pct,859.707065820694
20260915_065348,C0+C0p+C3+FLOW+MTC+S11+WARM+PRE+K5+K7+FILT+MD+SEED+SEEDLS,inputs_4x4_3,midpoint,2,t_to_gap_3pct,1678.9564173221588
20260915_065348,C0+C0p+C3+FLOW+MTC+S11+WARM+PRE+K5+K7+FILT+MD+SEED+SEEDLS,inputs_4x4_3,midpoint,2,t_to_gap_1pct,
20260915_065848,C0+C0p+C3+FLOW+MTC+S11+WARM+PRE+K5+K7+FILT+MD+SEED+SEEDLS,inputs_5x5,midpoint,2,status,TIME_LIMIT
20260915_065848,C0+C0p+C3+FLOW+MTC+S11+WARM+PRE+K5+K7+FILT+MD+SEED+SEEDLS,inputs_5x5,midpoint,2,LB,1345.0942354836434
20260915_065848,C0+C0p+C3+FLOW+MTC+S11+WARM+PRE+K5+K7+FILT+MD+SEED+SEEDLS,inputs_5x5,midpoint,2,UB,1355.9572820027433
20260915_065848,C0+C0p+C3+FLOW+MTC+S11+WARM+PRE+K5+K7+FILT+MD+SEED+SEEDLS,inputs_5x5,midpoint,2,gap,0.008011348634121628
20260915_065848,C0+C0p+C3+FLOW+MTC+S11+WARM+PRE+K5+K7+FILT+MD+SEED+SEEDLS,inputs_5x5,midpoint,2,iterations,7
20260915_065848,C0+C0p+C3+FLOW+MTC+S11+WARM+PRE+K5+K7+FILT+MD+SEED+SEEDLS,inputs_5x5,midpoint,2,runtime_s,1800.0675475597382
20260915_065848,C0+C0p+C3+FLOW+MTC+S11+WARM+PRE+K5+K7+FILT+MD+SEED+SEEDLS,inputs_5x5,midpoint,2,wall_s,1800.0684452056885
20260915_065848,C0+C0p+C3+FLOW+MTC+S11+WARM+PRE+K5+K7+FILT+MD+SEED+SEEDLS,inputs_5x5,midpoint,2,n_sp_calls,8
20260915_065848,C0+C0p+C3+FLOW+MTC+S11+WARM+PRE+K5+K7+FILT+MD+SEED+SEEDLS,inputs_5x5,midpoint,2,incumbent_value,1345.0942354836434
20260915_065848,C0+C0p+C3+FLOW+MTC+S11+WARM+PRE+K5+K7+FILT+MD+SEED+SEEDLS,inputs_5x5,midpoint,2,certified,0
20260915_065848,C0+C0p+C3+FLOW+MTC+S11+WARM+PRE+K5+K7+FILT+MD+SEED+SEEDLS,inputs_5x5,midpoint,2,n_Nf,22
20260915_065848,C0+C0p+C3+FLOW+MTC+S11+WARM+PRE+K5+K7+FILT+MD+SEED+SEEDLS,inputs_5x5,midpoint,2,n_K,150
20260915_065848,C0+C0p+C3+FLOW+MTC+S11+WARM+PRE+K5+K7+FILT+MD+SEED+SEEDLS,inputs_5x5,midpoint,2,sp_engine,strong_resource
20260915_065848,C0+C0p+C3+FLOW+MTC+S11+WARM+PRE+K5+K7+FILT+MD+SEED+SEEDLS,inputs_5x5,midpoint,2,sp_mip_gap,0.0
20260915_065848,C0+C0p+C3+FLOW+MTC+S11+WARM+PRE+K5+K7+FILT+MD+SEED+SEEDLS,inputs_5x5,midpoint,2,sp_tighten,0
20260915_065848,C0+C0p+C3+FLOW+MTC+S11+WARM+PRE+K5+K7+FILT+MD+SEED+SEEDLS,inputs_5x5,midpoint,2,sp_tight_gap,0.0
20260915_065848,C0+C0p+C3+FLOW+MTC+S11+WARM+PRE+K5+K7+FILT+MD+SEED+SEEDLS,inputs_5x5,midpoint,2,seed_localsearch,1
20260915_065848,C0+C0p+C3+FLOW+MTC+S11+WARM+PRE+K5+K7+FILT+MD+SEED+SEEDLS,inputs_5x5,midpoint,2,seed_budget_s,120.0
20260915_065848,C0+C0p+C3+FLOW+MTC+S11+WARM+PRE+K5+K7+FILT+MD+SEED+SEEDLS,inputs_5x5,midpoint,2,bigm_threshold,18
20260915_065848,C0+C0p+C3+FLOW+MTC+S11+WARM+PRE+K5+K7+FILT+MD+SEED+SEEDLS,inputs_5x5,midpoint,2,bigm_margin,1.0
20260915_065848,C0+C0p+C3+FLOW+MTC+S11+WARM+PRE+K5+K7+FILT+MD+SEED+SEEDLS,inputs_5x5,midpoint,2,bigm_method,global_sum
20260915_065848,C0+C0p+C3+FLOW+MTC+S11+WARM+PRE+K5+K7+FILT+MD+SEED+SEEDLS,inputs_5x5,midpoint,2,bigm_nodes_in_dp,0
20260915_065848,C0+C0p+C3+FLOW+MTC+S11+WARM+PRE+K5+K7+FILT+MD+SEED+SEEDLS,inputs_5x5,midpoint,2,bigm_dp_completed,False
20260915_065848,C0+C0p+C3+FLOW+MTC+S11+WARM+PRE+K5+K7+FILT+MD+SEED+SEEDLS,inputs_5x5,midpoint,2,M_d,220.11742592586324
20260915_065848,C0+C0p+C3+FLOW+MTC+S11+WARM+PRE+K5+K7+FILT+MD+SEED+SEEDLS,inputs_5x5,midpoint,2,ts_ub,177.7726769097754
20260915_065848,C0+C0p+C3+FLOW+MTC+S11+WARM+PRE+K5+K7+FILT+MD+SEED+SEEDLS,inputs_5x5,midpoint,2,te_ub,207.11742592586324
20260915_065848,C0+C0p+C3+FLOW+MTC+S11+WARM+PRE+K5+K7+FILT+MD+SEED+SEEDLS,inputs_5x5,midpoint,2,seed_LB,1345.0942346371855
20260915_065848,C0+C0p+C3+FLOW+MTC+S11+WARM+PRE+K5+K7+FILT+MD+SEED+SEEDLS,inputs_5x5,midpoint,2,seed_time_s,120.02794170379639
20260915_065848,C0+C0p+C3+FLOW+MTC+S11+WARM+PRE+K5+K7+FILT+MD+SEED+SEEDLS,inputs_5x5,midpoint,2,seed_source,containment
20260915_065848,C0+C0p+C3+FLOW+MTC+S11+WARM+PRE+K5+K7+FILT+MD+SEED+SEEDLS,inputs_5x5,midpoint,2,spcall_OPTIMAL,1
20260915_065848,C0+C0p+C3+FLOW+MTC+S11+WARM+PRE+K5+K7+FILT+MD+SEED+SEEDLS,inputs_5x5,midpoint,2,spcall_TIME_LIMIT_WITH_INCUMBENT,7
20260915_065848,C0+C0p+C3+FLOW+MTC+S11+WARM+PRE+K5+K7+FILT+MD+SEED+SEEDLS,inputs_5x5,midpoint,2,cut_singleton_infeasible,1
20260915_065848,C0+C0p+C3+FLOW+MTC+S11+WARM+PRE+K5+K7+FILT+MD+SEED+SEEDLS,inputs_5x5,midpoint,2,cut_cell_optimality,53
20260915_065848,C0+C0p+C3+FLOW+MTC+S11+WARM+PRE+K5+K7+FILT+MD+SEED+SEEDLS,inputs_5x5,midpoint,2,cut_dual_bound,6
20260915_065848,C0+C0p+C3+FLOW+MTC+S11+WARM+PRE+K5+K7+FILT+MD+SEED+SEEDLS,inputs_5x5,midpoint,2,singleton_cache_enabled,1
20260915_065848,C0+C0p+C3+FLOW+MTC+S11+WARM+PRE+K5+K7+FILT+MD+SEED+SEEDLS,inputs_5x5,midpoint,2,single_sp_requests,77
20260915_065848,C0+C0p+C3+FLOW+MTC+S11+WARM+PRE+K5+K7+FILT+MD+SEED+SEEDLS,inputs_5x5,midpoint,2,single_sp_solves,59
20260915_065848,C0+C0p+C3+FLOW+MTC+S11+WARM+PRE+K5+K7+FILT+MD+SEED+SEEDLS,inputs_5x5,midpoint,2,single_sp_cache_hits,18
20260915_065848,C0+C0p+C3+FLOW+MTC+S11+WARM+PRE+K5+K7+FILT+MD+SEED+SEEDLS,inputs_5x5,midpoint,2,single_sp_build_time_s,0.3524360656738281
20260915_065848,C0+C0p+C3+FLOW+MTC+S11+WARM+PRE+K5+K7+FILT+MD+SEED+SEEDLS,inputs_5x5,midpoint,2,single_sp_solve_time_s,0.48171043395996094
20260915_065848,C0+C0p+C3+FLOW+MTC+S11+WARM+PRE+K5+K7+FILT+MD+SEED+SEEDLS,inputs_5x5,midpoint,2,single_sp_time_s,0.8341464996337891
20260915_065848,C0+C0p+C3+FLOW+MTC+S11+WARM+PRE+K5+K7+FILT+MD+SEED+SEEDLS,inputs_5x5,midpoint,2,cache_lookup_time_s,0.0003135921433568001
20260915_065848,C0+C0p+C3+FLOW+MTC+S11+WARM+PRE+K5+K7+FILT+MD+SEED+SEEDLS,inputs_5x5,midpoint,2,est_prevented_solve_time_s,1.156118631362915
20260915_065848,C0+C0p+C3+FLOW+MTC+S11+WARM+PRE+K5+K7+FILT+MD+SEED+SEEDLS,inputs_5x5,midpoint,2,single_sp_status_FEASIBLE_VERIFIED,58
20260915_065848,C0+C0p+C3+FLOW+MTC+S11+WARM+PRE+K5+K7+FILT+MD+SEED+SEEDLS,inputs_5x5,midpoint,2,single_sp_status_INFEASIBLE_PROVEN,1
20260915_065848,C0+C0p+C3+FLOW+MTC+S11+WARM+PRE+K5+K7+FILT+MD+SEED+SEEDLS,inputs_5x5,midpoint,2,single_sp_status_UNKNOWN,0
20260915_065848,C0+C0p+C3+FLOW+MTC+S11+WARM+PRE+K5+K7+FILT+MD+SEED+SEEDLS,inputs_5x5,midpoint,2,dup_cuts_prevented,0
20260915_065848,C0+C0p+C3+FLOW+MTC+S11+WARM+PRE+K5+K7+FILT+MD+SEED+SEEDLS,inputs_5x5,midpoint,2,single_sp_distinct,59
20260915_065848,C0+C0p+C3+FLOW+MTC+S11+WARM+PRE+K5+K7+FILT+MD+SEED+SEEDLS,inputs_5x5,midpoint,2,master_time_s,0.27634286880493164
20260915_065848,C0+C0p+C3+FLOW+MTC+S11+WARM+PRE+K5+K7+FILT+MD+SEED+SEEDLS,inputs_5x5,midpoint,2,sp_time_s,1678.502623796463
20260915_065848,C0+C0p+C3+FLOW+MTC+S11+WARM+PRE+K5+K7+FILT+MD+SEED+SEEDLS,inputs_5x5,midpoint,2,master_time_share,0.00016460944191709766
20260915_065848,C0+C0p+C3+FLOW+MTC+S11+WARM+PRE+K5+K7+FILT+MD+SEED+SEEDLS,inputs_5x5,midpoint,2,sp_time_share,0.9998353905580829
20260915_065848,C0+C0p+C3+FLOW+MTC+S11+WARM+PRE+K5+K7+FILT+MD+SEED+SEEDLS,inputs_5x5,midpoint,2,t_to_gap_10pct,120.0320074558258
20260915_065848,C0+C0p+C3+FLOW+MTC+S11+WARM+PRE+K5+K7+FILT+MD+SEED+SEEDLS,inputs_5x5,midpoint,2,t_to_gap_5pct,120.0320074558258
20260915_065848,C0+C0p+C3+FLOW+MTC+S11+WARM+PRE+K5+K7+FILT+MD+SEED+SEEDLS,inputs_5x5,midpoint,2,t_to_gap_3pct,420.40876603126526
20260915_065848,C0+C0p+C3+FLOW+MTC+S11+WARM+PRE+K5+K7+FILT+MD+SEED+SEEDLS,inputs_5x5,midpoint,2,t_to_gap_1pct,1621.2979681491852
20260915_070847,C0+C0p+C3+FLOW+MTC+S11+WARM+PRE+K5+K7+FILT+MD+SEED+SEEDLS,inputs_5x5_2,midpoint,2,status,TIME_LIMIT
20260915_070847,C0+C0p+C3+FLOW+MTC+S11+WARM+PRE+K5+K7+FILT+MD+SEED+SEEDLS,inputs_5x5_2,midpoint,2,LB,1382.2510291923177
20260915_070847,C0+C0p+C3+FLOW+MTC+S11+WARM+PRE+K5+K7+FILT+MD+SEED+SEEDLS,inputs_5x5_2,midpoint,2,UB,1390.5903967531863
20260915_070847,C0+C0p+C3+FLOW+MTC+S11+WARM+PRE+K5+K7+FILT+MD+SEED+SEEDLS,inputs_5x5_2,midpoint,2,gap,0.00599699780779425
20260915_070847,C0+C0p+C3+FLOW+MTC+S11+WARM+PRE+K5+K7+FILT+MD+SEED+SEEDLS,inputs_5x5_2,midpoint,2,iterations,6
20260915_070847,C0+C0p+C3+FLOW+MTC+S11+WARM+PRE+K5+K7+FILT+MD+SEED+SEEDLS,inputs_5x5_2,midpoint,2,runtime_s,1800.0593147277832
20260915_070847,C0+C0p+C3+FLOW+MTC+S11+WARM+PRE+K5+K7+FILT+MD+SEED+SEEDLS,inputs_5x5_2,midpoint,2,wall_s,1800.060367822647
20260915_070847,C0+C0p+C3+FLOW+MTC+S11+WARM+PRE+K5+K7+FILT+MD+SEED+SEEDLS,inputs_5x5_2,midpoint,2,n_sp_calls,8
20260915_070847,C0+C0p+C3+FLOW+MTC+S11+WARM+PRE+K5+K7+FILT+MD+SEED+SEEDLS,inputs_5x5_2,midpoint,2,incumbent_value,1382.2510291923177
20260915_070847,C0+C0p+C3+FLOW+MTC+S11+WARM+PRE+K5+K7+FILT+MD+SEED+SEEDLS,inputs_5x5_2,midpoint,2,certified,0
20260915_070847,C0+C0p+C3+FLOW+MTC+S11+WARM+PRE+K5+K7+FILT+MD+SEED+SEEDLS,inputs_5x5_2,midpoint,2,n_Nf,22
20260915_070847,C0+C0p+C3+FLOW+MTC+S11+WARM+PRE+K5+K7+FILT+MD+SEED+SEEDLS,inputs_5x5_2,midpoint,2,n_K,150
20260915_070847,C0+C0p+C3+FLOW+MTC+S11+WARM+PRE+K5+K7+FILT+MD+SEED+SEEDLS,inputs_5x5_2,midpoint,2,sp_engine,strong_resource
20260915_070847,C0+C0p+C3+FLOW+MTC+S11+WARM+PRE+K5+K7+FILT+MD+SEED+SEEDLS,inputs_5x5_2,midpoint,2,sp_mip_gap,0.0
20260915_070847,C0+C0p+C3+FLOW+MTC+S11+WARM+PRE+K5+K7+FILT+MD+SEED+SEEDLS,inputs_5x5_2,midpoint,2,sp_tighten,0
20260915_070847,C0+C0p+C3+FLOW+MTC+S11+WARM+PRE+K5+K7+FILT+MD+SEED+SEEDLS,inputs_5x5_2,midpoint,2,sp_tight_gap,0.0
20260915_070847,C0+C0p+C3+FLOW+MTC+S11+WARM+PRE+K5+K7+FILT+MD+SEED+SEEDLS,inputs_5x5_2,midpoint,2,seed_localsearch,1
20260915_070847,C0+C0p+C3+FLOW+MTC+S11+WARM+PRE+K5+K7+FILT+MD+SEED+SEEDLS,inputs_5x5_2,midpoint,2,seed_budget_s,120.0
20260915_070847,C0+C0p+C3+FLOW+MTC+S11+WARM+PRE+K5+K7+FILT+MD+SEED+SEEDLS,inputs_5x5_2,midpoint,2,bigm_threshold,18
20260915_070847,C0+C0p+C3+FLOW+MTC+S11+WARM+PRE+K5+K7+FILT+MD+SEED+SEEDLS,inputs_5x5_2,midpoint,2,bigm_margin,1.0
20260915_070847,C0+C0p+C3+FLOW+MTC+S11+WARM+PRE+K5+K7+FILT+MD+SEED+SEEDLS,inputs_5x5_2,midpoint,2,bigm_method,global_sum
20260915_070847,C0+C0p+C3+FLOW+MTC+S11+WARM+PRE+K5+K7+FILT+MD+SEED+SEEDLS,inputs_5x5_2,midpoint,2,bigm_nodes_in_dp,0
20260915_070847,C0+C0p+C3+FLOW+MTC+S11+WARM+PRE+K5+K7+FILT+MD+SEED+SEEDLS,inputs_5x5_2,midpoint,2,bigm_dp_completed,False
20260915_070847,C0+C0p+C3+FLOW+MTC+S11+WARM+PRE+K5+K7+FILT+MD+SEED+SEEDLS,inputs_5x5_2,midpoint,2,M_d,220.11742592586324
20260915_070847,C0+C0p+C3+FLOW+MTC+S11+WARM+PRE+K5+K7+FILT+MD+SEED+SEEDLS,inputs_5x5_2,midpoint,2,ts_ub,177.7726769097754
20260915_070847,C0+C0p+C3+FLOW+MTC+S11+WARM+PRE+K5+K7+FILT+MD+SEED+SEEDLS,inputs_5x5_2,midpoint,2,te_ub,207.11742592586324
20260915_070847,C0+C0p+C3+FLOW+MTC+S11+WARM+PRE+K5+K7+FILT+MD+SEED+SEEDLS,inputs_5x5_2,midpoint,2,seed_LB,1382.2510291923177
20260915_070847,C0+C0p+C3+FLOW+MTC+S11+WARM+PRE+K5+K7+FILT+MD+SEED+SEEDLS,inputs_5x5_2,midpoint,2,seed_time_s,120.02334928512573
20260915_070847,C0+C0p+C3+FLOW+MTC+S11+WARM+PRE+K5+K7+FILT+MD+SEED+SEEDLS,inputs_5x5_2,midpoint,2,seed_source,localsearch
20260915_070847,C0+C0p+C3+FLOW+MTC+S11+WARM+PRE+K5+K7+FILT+MD+SEED+SEEDLS,inputs_5x5_2,midpoint,2,spcall_OPTIMAL,1
20260915_070847,C0+C0p+C3+FLOW+MTC+S11+WARM+PRE+K5+K7+FILT+MD+SEED+SEEDLS,inputs_5x5_2,midpoint,2,spcall_TIME_LIMIT_WITH_INCUMBENT,7
20260915_070847,C0+C0p+C3+FLOW+MTC+S11+WARM+PRE+K5+K7+FILT+MD+SEED+SEEDLS,inputs_5x5_2,midpoint,2,cut_cell_optimality,13
20260915_070847,C0+C0p+C3+FLOW+MTC+S11+WARM+PRE+K5+K7+FILT+MD+SEED+SEEDLS,inputs_5x5_2,midpoint,2,cut_dual_bound,4
20260915_070847,C0+C0p+C3+FLOW+MTC+S11+WARM+PRE+K5+K7+FILT+MD+SEED+SEEDLS,inputs_5x5_2,midpoint,2,singleton_cache_enabled,1
20260915_070847,C0+C0p+C3+FLOW+MTC+S11+WARM+PRE+K5+K7+FILT+MD+SEED+SEEDLS,inputs_5x5_2,midpoint,2,single_sp_requests,29
20260915_070847,C0+C0p+C3+FLOW+MTC+S11+WARM+PRE+K5+K7+FILT+MD+SEED+SEEDLS,inputs_5x5_2,midpoint,2,single_sp_solves,17
20260915_070847,C0+C0p+C3+FLOW+MTC+S11+WARM+PRE+K5+K7+FILT+MD+SEED+SEEDLS,inputs_5x5_2,midpoint,2,single_sp_cache_hits,12
20260915_070847,C0+C0p+C3+FLOW+MTC+S11+WARM+PRE+K5+K7+FILT+MD+SEED+SEEDLS,inputs_5x5_2,midpoint,2,single_sp_build_time_s,0.09618282318115234
20260915_070847,C0+C0p+C3+FLOW+MTC+S11+WARM+PRE+K5+K7+FILT+MD+SEED+SEEDLS,inputs_5x5_2,midpoint,2,single_sp_solve_time_s,0.2396087646484375
20260915_070847,C0+C0p+C3+FLOW+MTC+S11+WARM+PRE+K5+K7+FILT+MD+SEED+SEEDLS,inputs_5x5_2,midpoint,2,single_sp_time_s,0.33579158782958984
20260915_070847,C0+C0p+C3+FLOW+MTC+S11+WARM+PRE+K5+K7+FILT+MD+SEED+SEEDLS,inputs_5x5_2,midpoint,2,cache_lookup_time_s,0.00010695960372686386
20260915_070847,C0+C0p+C3+FLOW+MTC+S11+WARM+PRE+K5+K7+FILT+MD+SEED+SEEDLS,inputs_5x5_2,midpoint,2,est_prevented_solve_time_s,0.8331823348999023
20260915_070847,C0+C0p+C3+FLOW+MTC+S11+WARM+PRE+K5+K7+FILT+MD+SEED+SEEDLS,inputs_5x5_2,midpoint,2,single_sp_status_FEASIBLE_VERIFIED,17
20260915_070847,C0+C0p+C3+FLOW+MTC+S11+WARM+PRE+K5+K7+FILT+MD+SEED+SEEDLS,inputs_5x5_2,midpoint,2,single_sp_status_INFEASIBLE_PROVEN,0
20260915_070847,C0+C0p+C3+FLOW+MTC+S11+WARM+PRE+K5+K7+FILT+MD+SEED+SEEDLS,inputs_5x5_2,midpoint,2,single_sp_status_UNKNOWN,0
20260915_070847,C0+C0p+C3+FLOW+MTC+S11+WARM+PRE+K5+K7+FILT+MD+SEED+SEEDLS,inputs_5x5_2,midpoint,2,dup_cuts_prevented,2
20260915_070847,C0+C0p+C3+FLOW+MTC+S11+WARM+PRE+K5+K7+FILT+MD+SEED+SEEDLS,inputs_5x5_2,midpoint,2,single_sp_distinct,17
20260915_070847,C0+C0p+C3+FLOW+MTC+S11+WARM+PRE+K5+K7+FILT+MD+SEED+SEEDLS,inputs_5x5_2,midpoint,2,master_time_s,0.08104252815246582
20260915_070847,C0+C0p+C3+FLOW+MTC+S11+WARM+PRE+K5+K7+FILT+MD+SEED+SEEDLS,inputs_5x5_2,midpoint,2,sp_time_s,1679.1463928222656
20260915_070847,C0+C0p+C3+FLOW+MTC+S11+WARM+PRE+K5+K7+FILT+MD+SEED+SEEDLS,inputs_5x5_2,midpoint,2,master_time_share,4.82617937549085e-05
20260915_070847,C0+C0p+C3+FLOW+MTC+S11+WARM+PRE+K5+K7+FILT+MD+SEED+SEEDLS,inputs_5x5_2,midpoint,2,sp_time_share,0.999951738206245
20260915_070847,C0+C0p+C3+FLOW+MTC+S11+WARM+PRE+K5+K7+FILT+MD+SEED+SEEDLS,inputs_5x5_2,midpoint,2,t_to_gap_10pct,420.3514938354492
20260915_070847,C0+C0p+C3+FLOW+MTC+S11+WARM+PRE+K5+K7+FILT+MD+SEED+SEEDLS,inputs_5x5_2,midpoint,2,t_to_gap_5pct,420.3514938354492
20260915_070847,C0+C0p+C3+FLOW+MTC+S11+WARM+PRE+K5+K7+FILT+MD+SEED+SEEDLS,inputs_5x5_2,midpoint,2,t_to_gap_3pct,420.3514938354492
20260915_070847,C0+C0p+C3+FLOW+MTC+S11+WARM+PRE+K5+K7+FILT+MD+SEED+SEEDLS,inputs_5x5_2,midpoint,2,t_to_gap_1pct,1320.7541689872742
20260915_070922,C0+C0p+C3+FLOW+MTC+S11+WARM+PRE+K5+K7+FILT+MD+SEED+SEEDLS,inputs_5x5_3,midpoint,2,status,TIME_LIMIT
20260915_070922,C0+C0p+C3+FLOW+MTC+S11+WARM+PRE+K5+K7+FILT+MD+SEED+SEEDLS,inputs_5x5_3,midpoint,2,LB,1275.7705740974905
20260915_070922,C0+C0p+C3+FLOW+MTC+S11+WARM+PRE+K5+K7+FILT+MD+SEED+SEEDLS,inputs_5x5_3,midpoint,2,UB,1307.2820363655414
20260915_070922,C0+C0p+C3+FLOW+MTC+S11+WARM+PRE+K5+K7+FILT+MD+SEED+SEEDLS,inputs_5x5_3,midpoint,2,gap,0.024104563048734325
20260915_070922,C0+C0p+C3+FLOW+MTC+S11+WARM+PRE+K5+K7+FILT+MD+SEED+SEEDLS,inputs_5x5_3,midpoint,2,iterations,6
20260915_070922,C0+C0p+C3+FLOW+MTC+S11+WARM+PRE+K5+K7+FILT+MD+SEED+SEEDLS,inputs_5x5_3,midpoint,2,runtime_s,1800.0414876937866
20260915_070922,C0+C0p+C3+FLOW+MTC+S11+WARM+PRE+K5+K7+FILT+MD+SEED+SEEDLS,inputs_5x5_3,midpoint,2,wall_s,1800.0426251888275
20260915_070922,C0+C0p+C3+FLOW+MTC+S11+WARM+PRE+K5+K7+FILT+MD+SEED+SEEDLS,inputs_5x5_3,midpoint,2,n_sp_calls,8
20260915_070922,C0+C0p+C3+FLOW+MTC+S11+WARM+PRE+K5+K7+FILT+MD+SEED+SEEDLS,inputs_5x5_3,midpoint,2,incumbent_value,1275.7705740974905
20260915_070922,C0+C0p+C3+FLOW+MTC+S11+WARM+PRE+K5+K7+FILT+MD+SEED+SEEDLS,inputs_5x5_3,midpoint,2,certified,0
20260915_070922,C0+C0p+C3+FLOW+MTC+S11+WARM+PRE+K5+K7+FILT+MD+SEED+SEEDLS,inputs_5x5_3,midpoint,2,n_Nf,22
20260915_070922,C0+C0p+C3+FLOW+MTC+S11+WARM+PRE+K5+K7+FILT+MD+SEED+SEEDLS,inputs_5x5_3,midpoint,2,n_K,225
20260915_070922,C0+C0p+C3+FLOW+MTC+S11+WARM+PRE+K5+K7+FILT+MD+SEED+SEEDLS,inputs_5x5_3,midpoint,2,sp_engine,strong_resource
20260915_070922,C0+C0p+C3+FLOW+MTC+S11+WARM+PRE+K5+K7+FILT+MD+SEED+SEEDLS,inputs_5x5_3,midpoint,2,sp_mip_gap,0.0
20260915_070922,C0+C0p+C3+FLOW+MTC+S11+WARM+PRE+K5+K7+FILT+MD+SEED+SEEDLS,inputs_5x5_3,midpoint,2,sp_tighten,0
20260915_070922,C0+C0p+C3+FLOW+MTC+S11+WARM+PRE+K5+K7+FILT+MD+SEED+SEEDLS,inputs_5x5_3,midpoint,2,sp_tight_gap,0.0
20260915_070922,C0+C0p+C3+FLOW+MTC+S11+WARM+PRE+K5+K7+FILT+MD+SEED+SEEDLS,inputs_5x5_3,midpoint,2,seed_localsearch,1
20260915_070922,C0+C0p+C3+FLOW+MTC+S11+WARM+PRE+K5+K7+FILT+MD+SEED+SEEDLS,inputs_5x5_3,midpoint,2,seed_budget_s,120.0
20260915_070922,C0+C0p+C3+FLOW+MTC+S11+WARM+PRE+K5+K7+FILT+MD+SEED+SEEDLS,inputs_5x5_3,midpoint,2,bigm_threshold,18
20260915_070922,C0+C0p+C3+FLOW+MTC+S11+WARM+PRE+K5+K7+FILT+MD+SEED+SEEDLS,inputs_5x5_3,midpoint,2,bigm_margin,1.0
20260915_070922,C0+C0p+C3+FLOW+MTC+S11+WARM+PRE+K5+K7+FILT+MD+SEED+SEEDLS,inputs_5x5_3,midpoint,2,bigm_method,global_sum
20260915_070922,C0+C0p+C3+FLOW+MTC+S11+WARM+PRE+K5+K7+FILT+MD+SEED+SEEDLS,inputs_5x5_3,midpoint,2,bigm_nodes_in_dp,0
20260915_070922,C0+C0p+C3+FLOW+MTC+S11+WARM+PRE+K5+K7+FILT+MD+SEED+SEEDLS,inputs_5x5_3,midpoint,2,bigm_dp_completed,False
20260915_070922,C0+C0p+C3+FLOW+MTC+S11+WARM+PRE+K5+K7+FILT+MD+SEED+SEEDLS,inputs_5x5_3,midpoint,2,M_d,220.11742592586324
20260915_070922,C0+C0p+C3+FLOW+MTC+S11+WARM+PRE+K5+K7+FILT+MD+SEED+SEEDLS,inputs_5x5_3,midpoint,2,ts_ub,177.7726769097754
20260915_070922,C0+C0p+C3+FLOW+MTC+S11+WARM+PRE+K5+K7+FILT+MD+SEED+SEEDLS,inputs_5x5_3,midpoint,2,te_ub,207.11742592586324
20260915_070922,C0+C0p+C3+FLOW+MTC+S11+WARM+PRE+K5+K7+FILT+MD+SEED+SEEDLS,inputs_5x5_3,midpoint,2,seed_LB,1268.6744440106315
20260915_070922,C0+C0p+C3+FLOW+MTC+S11+WARM+PRE+K5+K7+FILT+MD+SEED+SEEDLS,inputs_5x5_3,midpoint,2,seed_time_s,120.04065895080566
20260915_070922,C0+C0p+C3+FLOW+MTC+S11+WARM+PRE+K5+K7+FILT+MD+SEED+SEEDLS,inputs_5x5_3,midpoint,2,seed_source,containment
20260915_070922,C0+C0p+C3+FLOW+MTC+S11+WARM+PRE+K5+K7+FILT+MD+SEED+SEEDLS,inputs_5x5_3,midpoint,2,spcall_OPTIMAL,1
20260915_070922,C0+C0p+C3+FLOW+MTC+S11+WARM+PRE+K5+K7+FILT+MD+SEED+SEEDLS,inputs_5x5_3,midpoint,2,spcall_TIME_LIMIT_WITH_INCUMBENT,7
20260915_070922,C0+C0p+C3+FLOW+MTC+S11+WARM+PRE+K5+K7+FILT+MD+SEED+SEEDLS,inputs_5x5_3,midpoint,2,cut_cell_optimality,33
20260915_070922,C0+C0p+C3+FLOW+MTC+S11+WARM+PRE+K5+K7+FILT+MD+SEED+SEEDLS,inputs_5x5_3,midpoint,2,cut_dual_bound,6
20260915_070922,C0+C0p+C3+FLOW+MTC+S11+WARM+PRE+K5+K7+FILT+MD+SEED+SEEDLS,inputs_5x5_3,midpoint,2,singleton_cache_enabled,1
20260915_070922,C0+C0p+C3+FLOW+MTC+S11+WARM+PRE+K5+K7+FILT+MD+SEED+SEEDLS,inputs_5x5_3,midpoint,2,single_sp_requests,58
20260915_070922,C0+C0p+C3+FLOW+MTC+S11+WARM+PRE+K5+K7+FILT+MD+SEED+SEEDLS,inputs_5x5_3,midpoint,2,single_sp_solves,33
20260915_070922,C0+C0p+C3+FLOW+MTC+S11+WARM+PRE+K5+K7+FILT+MD+SEED+SEEDLS,inputs_5x5_3,midpoint,2,single_sp_cache_hits,25
20260915_070922,C0+C0p+C3+FLOW+MTC+S11+WARM+PRE+K5+K7+FILT+MD+SEED+SEEDLS,inputs_5x5_3,midpoint,2,single_sp_build_time_s,0.290299654006958
20260915_070922,C0+C0p+C3+FLOW+MTC+S11+WARM+PRE+K5+K7+FILT+MD+SEED+SEEDLS,inputs_5x5_3,midpoint,2,single_sp_solve_time_s,0.6370494365692139
20260915_070922,C0+C0p+C3+FLOW+MTC+S11+WARM+PRE+K5+K7+FILT+MD+SEED+SEEDLS,inputs_5x5_3,midpoint,2,single_sp_time_s,0.9273490905761719
20260915_070922,C0+C0p+C3+FLOW+MTC+S11+WARM+PRE+K5+K7+FILT+MD+SEED+SEEDLS,inputs_5x5_3,midpoint,2,cache_lookup_time_s,0.00023482367396354675
20260915_070922,C0+C0p+C3+FLOW+MTC+S11+WARM+PRE+K5+K7+FILT+MD+SEED+SEEDLS,inputs_5x5_3,midpoint,2,est_prevented_solve_time_s,1.5940845012664795
20260915_070922,C0+C0p+C3+FLOW+MTC+S11+WARM+PRE+K5+K7+FILT+MD+SEED+SEEDLS,inputs_5x5_3,midpoint,2,single_sp_status_FEASIBLE_VERIFIED,33
20260915_070922,C0+C0p+C3+FLOW+MTC+S11+WARM+PRE+K5+K7+FILT+MD+SEED+SEEDLS,inputs_5x5_3,midpoint,2,single_sp_status_INFEASIBLE_PROVEN,0
20260915_070922,C0+C0p+C3+FLOW+MTC+S11+WARM+PRE+K5+K7+FILT+MD+SEED+SEEDLS,inputs_5x5_3,midpoint,2,single_sp_status_UNKNOWN,0
20260915_070922,C0+C0p+C3+FLOW+MTC+S11+WARM+PRE+K5+K7+FILT+MD+SEED+SEEDLS,inputs_5x5_3,midpoint,2,dup_cuts_prevented,0
20260915_070922,C0+C0p+C3+FLOW+MTC+S11+WARM+PRE+K5+K7+FILT+MD+SEED+SEEDLS,inputs_5x5_3,midpoint,2,single_sp_distinct,33
20260915_070922,C0+C0p+C3+FLOW+MTC+S11+WARM+PRE+K5+K7+FILT+MD+SEED+SEEDLS,inputs_5x5_3,midpoint,2,master_time_s,0.16088318824768066
20260915_070922,C0+C0p+C3+FLOW+MTC+S11+WARM+PRE+K5+K7+FILT+MD+SEED+SEEDLS,inputs_5x5_3,midpoint,2,sp_time_s,1678.5094785690308
20260915_070922,C0+C0p+C3+FLOW+MTC+S11+WARM+PRE+K5+K7+FILT+MD+SEED+SEEDLS,inputs_5x5_3,midpoint,2,master_time_share,9.583965495123397e-05
20260915_070922,C0+C0p+C3+FLOW+MTC+S11+WARM+PRE+K5+K7+FILT+MD+SEED+SEEDLS,inputs_5x5_3,midpoint,2,sp_time_share,0.9999041603450488
20260915_070922,C0+C0p+C3+FLOW+MTC+S11+WARM+PRE+K5+K7+FILT+MD+SEED+SEEDLS,inputs_5x5_3,midpoint,2,t_to_gap_10pct,420.527752161026
20260915_070922,C0+C0p+C3+FLOW+MTC+S11+WARM+PRE+K5+K7+FILT+MD+SEED+SEEDLS,inputs_5x5_3,midpoint,2,t_to_gap_5pct,720.7287039756775
20260915_070922,C0+C0p+C3+FLOW+MTC+S11+WARM+PRE+K5+K7+FILT+MD+SEED+SEEDLS,inputs_5x5_3,midpoint,2,t_to_gap_3pct,1621.4539835453033
20260915_070922,C0+C0p+C3+FLOW+MTC+S11+WARM+PRE+K5+K7+FILT+MD+SEED+SEEDLS,inputs_5x5_3,midpoint,2,t_to_gap_1pct,
20260915_070933,C0+C0p+C3+FLOW+MTC+S11+WARM+PRE+K5+K7+FILT+MD+SEED+SEEDLS,inputs_6x6,midpoint,2,status,TIME_LIMIT
20260915_070933,C0+C0p+C3+FLOW+MTC+S11+WARM+PRE+K5+K7+FILT+MD+SEED+SEEDLS,inputs_6x6,midpoint,2,LB,1759.6249158065518
20260915_070933,C0+C0p+C3+FLOW+MTC+S11+WARM+PRE+K5+K7+FILT+MD+SEED+SEEDLS,inputs_6x6,midpoint,2,UB,1778.1091549704884
20260915_070933,C0+C0p+C3+FLOW+MTC+S11+WARM+PRE+K5+K7+FILT+MD+SEED+SEEDLS,inputs_6x6,midpoint,2,gap,0.010395446821847853
20260915_070933,C0+C0p+C3+FLOW+MTC+S11+WARM+PRE+K5+K7+FILT+MD+SEED+SEEDLS,inputs_6x6,midpoint,2,iterations,34
20260915_070933,C0+C0p+C3+FLOW+MTC+S11+WARM+PRE+K5+K7+FILT+MD+SEED+SEEDLS,inputs_6x6,midpoint,2,runtime_s,1800.103792667389
20260915_070933,C0+C0p+C3+FLOW+MTC+S11+WARM+PRE+K5+K7+FILT+MD+SEED+SEEDLS,inputs_6x6,midpoint,2,wall_s,1800.1052865982056
20260915_070933,C0+C0p+C3+FLOW+MTC+S11+WARM+PRE+K5+K7+FILT+MD+SEED+SEEDLS,inputs_6x6,midpoint,2,n_sp_calls,8
20260915_070933,C0+C0p+C3+FLOW+MTC+S11+WARM+PRE+K5+K7+FILT+MD+SEED+SEEDLS,inputs_6x6,midpoint,2,incumbent_value,1759.6249158065518
20260915_070933,C0+C0p+C3+FLOW+MTC+S11+WARM+PRE+K5+K7+FILT+MD+SEED+SEEDLS,inputs_6x6,midpoint,2,certified,0
20260915_070933,C0+C0p+C3+FLOW+MTC+S11+WARM+PRE+K5+K7+FILT+MD+SEED+SEEDLS,inputs_6x6,midpoint,2,n_Nf,31
20260915_070933,C0+C0p+C3+FLOW+MTC+S11+WARM+PRE+K5+K7+FILT+MD+SEED+SEEDLS,inputs_6x6,midpoint,2,n_K,150
20260915_070933,C0+C0p+C3+FLOW+MTC+S11+WARM+PRE+K5+K7+FILT+MD+SEED+SEEDLS,inputs_6x6,midpoint,2,sp_engine,strong_resource
20260915_070933,C0+C0p+C3+FLOW+MTC+S11+WARM+PRE+K5+K7+FILT+MD+SEED+SEEDLS,inputs_6x6,midpoint,2,sp_mip_gap,0.0
20260915_070933,C0+C0p+C3+FLOW+MTC+S11+WARM+PRE+K5+K7+FILT+MD+SEED+SEEDLS,inputs_6x6,midpoint,2,sp_tighten,0
20260915_070933,C0+C0p+C3+FLOW+MTC+S11+WARM+PRE+K5+K7+FILT+MD+SEED+SEEDLS,inputs_6x6,midpoint,2,sp_tight_gap,0.0
20260915_070933,C0+C0p+C3+FLOW+MTC+S11+WARM+PRE+K5+K7+FILT+MD+SEED+SEEDLS,inputs_6x6,midpoint,2,seed_localsearch,1
20260915_070933,C0+C0p+C3+FLOW+MTC+S11+WARM+PRE+K5+K7+FILT+MD+SEED+SEEDLS,inputs_6x6,midpoint,2,seed_budget_s,120.0
20260915_070933,C0+C0p+C3+FLOW+MTC+S11+WARM+PRE+K5+K7+FILT+MD+SEED+SEEDLS,inputs_6x6,midpoint,2,bigm_threshold,18
20260915_070933,C0+C0p+C3+FLOW+MTC+S11+WARM+PRE+K5+K7+FILT+MD+SEED+SEEDLS,inputs_6x6,midpoint,2,bigm_margin,1.0
20260915_070933,C0+C0p+C3+FLOW+MTC+S11+WARM+PRE+K5+K7+FILT+MD+SEED+SEEDLS,inputs_6x6,midpoint,2,bigm_method,global_sum
20260915_070933,C0+C0p+C3+FLOW+MTC+S11+WARM+PRE+K5+K7+FILT+MD+SEED+SEEDLS,inputs_6x6,midpoint,2,bigm_nodes_in_dp,0
20260915_070933,C0+C0p+C3+FLOW+MTC+S11+WARM+PRE+K5+K7+FILT+MD+SEED+SEEDLS,inputs_6x6,midpoint,2,bigm_dp_completed,False
20260915_070933,C0+C0p+C3+FLOW+MTC+S11+WARM+PRE+K5+K7+FILT+MD+SEED+SEEDLS,inputs_6x6,midpoint,2,M_d,240.3976017717033
20260915_070933,C0+C0p+C3+FLOW+MTC+S11+WARM+PRE+K5+K7+FILT+MD+SEED+SEEDLS,inputs_6x6,midpoint,2,ts_ub,196.05285275561548
20260915_070933,C0+C0p+C3+FLOW+MTC+S11+WARM+PRE+K5+K7+FILT+MD+SEED+SEEDLS,inputs_6x6,midpoint,2,te_ub,225.3976017717033
20260915_070933,C0+C0p+C3+FLOW+MTC+S11+WARM+PRE+K5+K7+FILT+MD+SEED+SEEDLS,inputs_6x6,midpoint,2,seed_LB,1759.6249158065518
20260915_070933,C0+C0p+C3+FLOW+MTC+S11+WARM+PRE+K5+K7+FILT+MD+SEED+SEEDLS,inputs_6x6,midpoint,2,seed_time_s,120.02401876449585
20260915_070933,C0+C0p+C3+FLOW+MTC+S11+WARM+PRE+K5+K7+FILT+MD+SEED+SEEDLS,inputs_6x6,midpoint,2,seed_source,containment
20260915_070933,C0+C0p+C3+FLOW+MTC+S11+WARM+PRE+K5+K7+FILT+MD+SEED+SEEDLS,inputs_6x6,midpoint,2,spcall_TIME_LIMIT_WITH_INCUMBENT,8
20260915_070933,C0+C0p+C3+FLOW+MTC+S11+WARM+PRE+K5+K7+FILT+MD+SEED+SEEDLS,inputs_6x6,midpoint,2,cut_singleton_infeasible,29
20260915_070933,C0+C0p+C3+FLOW+MTC+S11+WARM+PRE+K5+K7+FILT+MD+SEED+SEEDLS,inputs_6x6,midpoint,2,cut_cell_optimality,63
20260915_070933,C0+C0p+C3+FLOW+MTC+S11+WARM+PRE+K5+K7+FILT+MD+SEED+SEEDLS,inputs_6x6,midpoint,2,cut_dual_bound,6
20260915_070933,C0+C0p+C3+FLOW+MTC+S11+WARM+PRE+K5+K7+FILT+MD+SEED+SEEDLS,inputs_6x6,midpoint,2,singleton_cache_enabled,1
20260915_070933,C0+C0p+C3+FLOW+MTC+S11+WARM+PRE+K5+K7+FILT+MD+SEED+SEEDLS,inputs_6x6,midpoint,2,single_sp_requests,599
20260915_070933,C0+C0p+C3+FLOW+MTC+S11+WARM+PRE+K5+K7+FILT+MD+SEED+SEEDLS,inputs_6x6,midpoint,2,single_sp_solves,293
20260915_070933,C0+C0p+C3+FLOW+MTC+S11+WARM+PRE+K5+K7+FILT+MD+SEED+SEEDLS,inputs_6x6,midpoint,2,single_sp_cache_hits,306
20260915_070933,C0+C0p+C3+FLOW+MTC+S11+WARM+PRE+K5+K7+FILT+MD+SEED+SEEDLS,inputs_6x6,midpoint,2,single_sp_build_time_s,1.7091872692108154
20260915_070933,C0+C0p+C3+FLOW+MTC+S11+WARM+PRE+K5+K7+FILT+MD+SEED+SEEDLS,inputs_6x6,midpoint,2,single_sp_solve_time_s,1.6577033996582031
20260915_070933,C0+C0p+C3+FLOW+MTC+S11+WARM+PRE+K5+K7+FILT+MD+SEED+SEEDLS,inputs_6x6,midpoint,2,single_sp_time_s,3.3668906688690186
20260915_070933,C0+C0p+C3+FLOW+MTC+S11+WARM+PRE+K5+K7+FILT+MD+SEED+SEEDLS,inputs_6x6,midpoint,2,cache_lookup_time_s,0.0020490651950240135
20260915_070933,C0+C0p+C3+FLOW+MTC+S11+WARM+PRE+K5+K7+FILT+MD+SEED+SEEDLS,inputs_6x6,midpoint,2,est_prevented_solve_time_s,5.152756214141846
20260915_070933,C0+C0p+C3+FLOW+MTC+S11+WARM+PRE+K5+K7+FILT+MD+SEED+SEEDLS,inputs_6x6,midpoint,2,single_sp_status_FEASIBLE_VERIFIED,291
20260915_070933,C0+C0p+C3+FLOW+MTC+S11+WARM+PRE+K5+K7+FILT+MD+SEED+SEEDLS,inputs_6x6,midpoint,2,single_sp_status_INFEASIBLE_PROVEN,2
20260915_070933,C0+C0p+C3+FLOW+MTC+S11+WARM+PRE+K5+K7+FILT+MD+SEED+SEEDLS,inputs_6x6,midpoint,2,single_sp_status_UNKNOWN,0
20260915_070933,C0+C0p+C3+FLOW+MTC+S11+WARM+PRE+K5+K7+FILT+MD+SEED+SEEDLS,inputs_6x6,midpoint,2,dup_cuts_prevented,0
20260915_070933,C0+C0p+C3+FLOW+MTC+S11+WARM+PRE+K5+K7+FILT+MD+SEED+SEEDLS,inputs_6x6,midpoint,2,single_sp_distinct,293
20260915_070933,C0+C0p+C3+FLOW+MTC+S11+WARM+PRE+K5+K7+FILT+MD+SEED+SEEDLS,inputs_6x6,midpoint,2,master_time_s,6.5882556438446045
20260915_070933,C0+C0p+C3+FLOW+MTC+S11+WARM+PRE+K5+K7+FILT+MD+SEED+SEEDLS,inputs_6x6,midpoint,2,sp_time_s,1669.613737821579
20260915_070933,C0+C0p+C3+FLOW+MTC+S11+WARM+PRE+K5+K7+FILT+MD+SEED+SEEDLS,inputs_6x6,midpoint,2,master_time_share,0.0039304664172507475
20260915_070933,C0+C0p+C3+FLOW+MTC+S11+WARM+PRE+K5+K7+FILT+MD+SEED+SEEDLS,inputs_6x6,midpoint,2,sp_time_share,0.9960695335827493
20260915_070933,C0+C0p+C3+FLOW+MTC+S11+WARM+PRE+K5+K7+FILT+MD+SEED+SEEDLS,inputs_6x6,midpoint,2,t_to_gap_10pct,120.03060150146484
20260915_070933,C0+C0p+C3+FLOW+MTC+S11+WARM+PRE+K5+K7+FILT+MD+SEED+SEEDLS,inputs_6x6,midpoint,2,t_to_gap_5pct,120.03060150146484
20260915_070933,C0+C0p+C3+FLOW+MTC+S11+WARM+PRE+K5+K7+FILT+MD+SEED+SEEDLS,inputs_6x6,midpoint,2,t_to_gap_3pct,420.252801656723
20260915_070933,C0+C0p+C3+FLOW+MTC+S11+WARM+PRE+K5+K7+FILT+MD+SEED+SEEDLS,inputs_6x6,midpoint,2,t_to_gap_1pct,
20260915_071551,C0+C0p+C3+FLOW+MTC+S11+WARM+PRE+K5+K7+FILT+MD+SEED+SEEDLS,inputs_6x6_4,midpoint,2,status,OPTIMAL
20260915_071551,C0+C0p+C3+FLOW+MTC+S11+WARM+PRE+K5+K7+FILT+MD+SEED+SEEDLS,inputs_6x6_4,midpoint,2,LB,1933.538780607245
20260915_071551,C0+C0p+C3+FLOW+MTC+S11+WARM+PRE+K5+K7+FILT+MD+SEED+SEEDLS,inputs_6x6_4,midpoint,2,UB,1933.5387806072451
20260915_071551,C0+C0p+C3+FLOW+MTC+S11+WARM+PRE+K5+K7+FILT+MD+SEED+SEEDLS,inputs_6x6_4,midpoint,2,gap,1.1759457721961146e-16
20260915_071551,C0+C0p+C3+FLOW+MTC+S11+WARM+PRE+K5+K7+FILT+MD+SEED+SEEDLS,inputs_6x6_4,midpoint,2,iterations,4
20260915_071551,C0+C0p+C3+FLOW+MTC+S11+WARM+PRE+K5+K7+FILT+MD+SEED+SEEDLS,inputs_6x6_4,midpoint,2,runtime_s,423.5359969139099
20260915_071551,C0+C0p+C3+FLOW+MTC+S11+WARM+PRE+K5+K7+FILT+MD+SEED+SEEDLS,inputs_6x6_4,midpoint,2,wall_s,423.53796219825745
20260915_071551,C0+C0p+C3+FLOW+MTC+S11+WARM+PRE+K5+K7+FILT+MD+SEED+SEEDLS,inputs_6x6_4,midpoint,2,n_sp_calls,4
20260915_071551,C0+C0p+C3+FLOW+MTC+S11+WARM+PRE+K5+K7+FILT+MD+SEED+SEEDLS,inputs_6x6_4,midpoint,2,incumbent_value,1933.538780607245
20260915_071551,C0+C0p+C3+FLOW+MTC+S11+WARM+PRE+K5+K7+FILT+MD+SEED+SEEDLS,inputs_6x6_4,midpoint,2,certified,1
20260915_071551,C0+C0p+C3+FLOW+MTC+S11+WARM+PRE+K5+K7+FILT+MD+SEED+SEEDLS,inputs_6x6_4,midpoint,2,n_Nf,32
20260915_071551,C0+C0p+C3+FLOW+MTC+S11+WARM+PRE+K5+K7+FILT+MD+SEED+SEEDLS,inputs_6x6_4,midpoint,2,n_K,285
20260915_071551,C0+C0p+C3+FLOW+MTC+S11+WARM+PRE+K5+K7+FILT+MD+SEED+SEEDLS,inputs_6x6_4,midpoint,2,sp_engine,strong_resource
20260915_071551,C0+C0p+C3+FLOW+MTC+S11+WARM+PRE+K5+K7+FILT+MD+SEED+SEEDLS,inputs_6x6_4,midpoint,2,sp_mip_gap,0.0
20260915_071551,C0+C0p+C3+FLOW+MTC+S11+WARM+PRE+K5+K7+FILT+MD+SEED+SEEDLS,inputs_6x6_4,midpoint,2,sp_tighten,0
20260915_071551,C0+C0p+C3+FLOW+MTC+S11+WARM+PRE+K5+K7+FILT+MD+SEED+SEEDLS,inputs_6x6_4,midpoint,2,sp_tight_gap,0.0
20260915_071551,C0+C0p+C3+FLOW+MTC+S11+WARM+PRE+K5+K7+FILT+MD+SEED+SEEDLS,inputs_6x6_4,midpoint,2,seed_localsearch,1
20260915_071551,C0+C0p+C3+FLOW+MTC+S11+WARM+PRE+K5+K7+FILT+MD+SEED+SEEDLS,inputs_6x6_4,midpoint,2,seed_budget_s,120.0
20260915_071551,C0+C0p+C3+FLOW+MTC+S11+WARM+PRE+K5+K7+FILT+MD+SEED+SEEDLS,inputs_6x6_4,midpoint,2,bigm_threshold,18
20260915_071551,C0+C0p+C3+FLOW+MTC+S11+WARM+PRE+K5+K7+FILT+MD+SEED+SEEDLS,inputs_6x6_4,midpoint,2,bigm_margin,1.0
20260915_071551,C0+C0p+C3+FLOW+MTC+S11+WARM+PRE+K5+K7+FILT+MD+SEED+SEEDLS,inputs_6x6_4,midpoint,2,bigm_method,global_sum
20260915_071551,C0+C0p+C3+FLOW+MTC+S11+WARM+PRE+K5+K7+FILT+MD+SEED+SEEDLS,inputs_6x6_4,midpoint,2,bigm_nodes_in_dp,0
20260915_071551,C0+C0p+C3+FLOW+MTC+S11+WARM+PRE+K5+K7+FILT+MD+SEED+SEEDLS,inputs_6x6_4,midpoint,2,bigm_dp_completed,False
20260915_071551,C0+C0p+C3+FLOW+MTC+S11+WARM+PRE+K5+K7+FILT+MD+SEED+SEEDLS,inputs_6x6_4,midpoint,2,M_d,248.80657179055044
20260915_071551,C0+C0p+C3+FLOW+MTC+S11+WARM+PRE+K5+K7+FILT+MD+SEED+SEEDLS,inputs_6x6_4,midpoint,2,ts_ub,204.4618227744626
20260915_071551,C0+C0p+C3+FLOW+MTC+S11+WARM+PRE+K5+K7+FILT+MD+SEED+SEEDLS,inputs_6x6_4,midpoint,2,te_ub,233.80657179055044
20260915_071551,C0+C0p+C3+FLOW+MTC+S11+WARM+PRE+K5+K7+FILT+MD+SEED+SEEDLS,inputs_6x6_4,midpoint,2,seed_LB,1933.538780607245
20260915_071551,C0+C0p+C3+FLOW+MTC+S11+WARM+PRE+K5+K7+FILT+MD+SEED+SEEDLS,inputs_6x6_4,midpoint,2,seed_time_s,120.07651042938232
20260915_071551,C0+C0p+C3+FLOW+MTC+S11+WARM+PRE+K5+K7+FILT+MD+SEED+SEEDLS,inputs_6x6_4,midpoint,2,seed_source,containment
20260915_071551,C0+C0p+C3+FLOW+MTC+S11+WARM+PRE+K5+K7+FILT+MD+SEED+SEEDLS,inputs_6x6_4,midpoint,2,spcall_OPTIMAL,3
20260915_071551,C0+C0p+C3+FLOW+MTC+S11+WARM+PRE+K5+K7+FILT+MD+SEED+SEEDLS,inputs_6x6_4,midpoint,2,spcall_TIME_LIMIT_WITH_INCUMBENT,1
20260915_071551,C0+C0p+C3+FLOW+MTC+S11+WARM+PRE+K5+K7+FILT+MD+SEED+SEEDLS,inputs_6x6_4,midpoint,2,cut_singleton_infeasible,1
20260915_071551,C0+C0p+C3+FLOW+MTC+S11+WARM+PRE+K5+K7+FILT+MD+SEED+SEEDLS,inputs_6x6_4,midpoint,2,cut_cell_optimality,8
20260915_071551,C0+C0p+C3+FLOW+MTC+S11+WARM+PRE+K5+K7+FILT+MD+SEED+SEEDLS,inputs_6x6_4,midpoint,2,cut_aggregate_optimality,1
20260915_071551,C0+C0p+C3+FLOW+MTC+S11+WARM+PRE+K5+K7+FILT+MD+SEED+SEEDLS,inputs_6x6_4,midpoint,2,cut_dual_bound,1
20260915_071551,C0+C0p+C3+FLOW+MTC+S11+WARM+PRE+K5+K7+FILT+MD+SEED+SEEDLS,inputs_6x6_4,midpoint,2,singleton_cache_enabled,1
20260915_071551,C0+C0p+C3+FLOW+MTC+S11+WARM+PRE+K5+K7+FILT+MD+SEED+SEEDLS,inputs_6x6_4,midpoint,2,single_sp_requests,11
20260915_071551,C0+C0p+C3+FLOW+MTC+S11+WARM+PRE+K5+K7+FILT+MD+SEED+SEEDLS,inputs_6x6_4,midpoint,2,single_sp_solves,9
20260915_071551,C0+C0p+C3+FLOW+MTC+S11+WARM+PRE+K5+K7+FILT+MD+SEED+SEEDLS,inputs_6x6_4,midpoint,2,single_sp_cache_hits,2
20260915_071551,C0+C0p+C3+FLOW+MTC+S11+WARM+PRE+K5+K7+FILT+MD+SEED+SEEDLS,inputs_6x6_4,midpoint,2,single_sp_build_time_s,0.10641241073608398
20260915_071551,C0+C0p+C3+FLOW+MTC+S11+WARM+PRE+K5+K7+FILT+MD+SEED+SEEDLS,inputs_6x6_4,midpoint,2,single_sp_solve_time_s,0.3502981662750244
20260915_071551,C0+C0p+C3+FLOW+MTC+S11+WARM+PRE+K5+K7+FILT+MD+SEED+SEEDLS,inputs_6x6_4,midpoint,2,single_sp_time_s,0.4567105770111084
20260915_071551,C0+C0p+C3+FLOW+MTC+S11+WARM+PRE+K5+K7+FILT+MD+SEED+SEEDLS,inputs_6x6_4,midpoint,2,cache_lookup_time_s,7.0253387093544e-05
20260915_071551,C0+C0p+C3+FLOW+MTC+S11+WARM+PRE+K5+K7+FILT+MD+SEED+SEEDLS,inputs_6x6_4,midpoint,2,est_prevented_solve_time_s,0.20592331886291504
20260915_071551,C0+C0p+C3+FLOW+MTC+S11+WARM+PRE+K5+K7+FILT+MD+SEED+SEEDLS,inputs_6x6_4,midpoint,2,single_sp_status_FEASIBLE_VERIFIED,8
20260915_071551,C0+C0p+C3+FLOW+MTC+S11+WARM+PRE+K5+K7+FILT+MD+SEED+SEEDLS,inputs_6x6_4,midpoint,2,single_sp_status_INFEASIBLE_PROVEN,1
20260915_071551,C0+C0p+C3+FLOW+MTC+S11+WARM+PRE+K5+K7+FILT+MD+SEED+SEEDLS,inputs_6x6_4,midpoint,2,single_sp_status_UNKNOWN,0
20260915_071551,C0+C0p+C3+FLOW+MTC+S11+WARM+PRE+K5+K7+FILT+MD+SEED+SEEDLS,inputs_6x6_4,midpoint,2,dup_cuts_prevented,0
20260915_071551,C0+C0p+C3+FLOW+MTC+S11+WARM+PRE+K5+K7+FILT+MD+SEED+SEEDLS,inputs_6x6_4,midpoint,2,single_sp_distinct,9
20260915_071551,C0+C0p+C3+FLOW+MTC+S11+WARM+PRE+K5+K7+FILT+MD+SEED+SEEDLS,inputs_6x6_4,midpoint,2,master_time_s,0.15622711181640625
20260915_071551,C0+C0p+C3+FLOW+MTC+S11+WARM+PRE+K5+K7+FILT+MD+SEED+SEEDLS,inputs_6x6_4,midpoint,2,sp_time_s,302.70113825798035
20260915_071551,C0+C0p+C3+FLOW+MTC+S11+WARM+PRE+K5+K7+FILT+MD+SEED+SEEDLS,inputs_6x6_4,midpoint,2,master_time_share,0.0005158438581331805
20260915_071551,C0+C0p+C3+FLOW+MTC+S11+WARM+PRE+K5+K7+FILT+MD+SEED+SEEDLS,inputs_6x6_4,midpoint,2,sp_time_share,0.9994841561418668
20260915_071551,C0+C0p+C3+FLOW+MTC+S11+WARM+PRE+K5+K7+FILT+MD+SEED+SEEDLS,inputs_6x6_4,midpoint,2,t_to_gap_10pct,120.08208107948303
20260915_071551,C0+C0p+C3+FLOW+MTC+S11+WARM+PRE+K5+K7+FILT+MD+SEED+SEEDLS,inputs_6x6_4,midpoint,2,t_to_gap_5pct,120.08208107948303
20260915_071551,C0+C0p+C3+FLOW+MTC+S11+WARM+PRE+K5+K7+FILT+MD+SEED+SEEDLS,inputs_6x6_4,midpoint,2,t_to_gap_3pct,120.08208107948303
20260915_071551,C0+C0p+C3+FLOW+MTC+S11+WARM+PRE+K5+K7+FILT+MD+SEED+SEEDLS,inputs_6x6_4,midpoint,2,t_to_gap_1pct,120.08208107948303
20260915_072349,C0+C0p+C3+FLOW+MTC+S11+WARM+PRE+K5+K7+FILT+MD+SEED+SEEDLS,inputs_6x6_2,midpoint,2,status,TIME_LIMIT
20260915_072349,C0+C0p+C3+FLOW+MTC+S11+WARM+PRE+K5+K7+FILT+MD+SEED+SEEDLS,inputs_6x6_2,midpoint,2,LB,1746.422620883377
20260915_072349,C0+C0p+C3+FLOW+MTC+S11+WARM+PRE+K5+K7+FILT+MD+SEED+SEEDLS,inputs_6x6_2,midpoint,2,UB,1768.8357135251135
20260915_072349,C0+C0p+C3+FLOW+MTC+S11+WARM+PRE+K5+K7+FILT+MD+SEED+SEEDLS,inputs_6x6_2,midpoint,2,gap,0.012671099113591194
20260915_072349,C0+C0p+C3+FLOW+MTC+S11+WARM+PRE+K5+K7+FILT+MD+SEED+SEEDLS,inputs_6x6_2,midpoint,2,iterations,34
20260915_072349,C0+C0p+C3+FLOW+MTC+S11+WARM+PRE+K5+K7+FILT+MD+SEED+SEEDLS,inputs_6x6_2,midpoint,2,runtime_s,1800.0441405773163
20260915_072349,C0+C0p+C3+FLOW+MTC+S11+WARM+PRE+K5+K7+FILT+MD+SEED+SEEDLS,inputs_6x6_2,midpoint,2,wall_s,1800.0459523200989
20260915_072349,C0+C0p+C3+FLOW+MTC+S11+WARM+PRE+K5+K7+FILT+MD+SEED+SEEDLS,inputs_6x6_2,midpoint,2,n_sp_calls,8
20260915_072349,C0+C0p+C3+FLOW+MTC+S11+WARM+PRE+K5+K7+FILT+MD+SEED+SEEDLS,inputs_6x6_2,midpoint,2,incumbent_value,1746.422620883377
20260915_072349,C0+C0p+C3+FLOW+MTC+S11+WARM+PRE+K5+K7+FILT+MD+SEED+SEEDLS,inputs_6x6_2,midpoint,2,certified,0
20260915_072349,C0+C0p+C3+FLOW+MTC+S11+WARM+PRE+K5+K7+FILT+MD+SEED+SEEDLS,inputs_6x6_2,midpoint,2,n_Nf,31
20260915_072349,C0+C0p+C3+FLOW+MTC+S11+WARM+PRE+K5+K7+FILT+MD+SEED+SEEDLS,inputs_6x6_2,midpoint,2,n_K,225
20260915_072349,C0+C0p+C3+FLOW+MTC+S11+WARM+PRE+K5+K7+FILT+MD+SEED+SEEDLS,inputs_6x6_2,midpoint,2,sp_engine,strong_resource
20260915_072349,C0+C0p+C3+FLOW+MTC+S11+WARM+PRE+K5+K7+FILT+MD+SEED+SEEDLS,inputs_6x6_2,midpoint,2,sp_mip_gap,0.0
20260915_072349,C0+C0p+C3+FLOW+MTC+S11+WARM+PRE+K5+K7+FILT+MD+SEED+SEEDLS,inputs_6x6_2,midpoint,2,sp_tighten,0
20260915_072349,C0+C0p+C3+FLOW+MTC+S11+WARM+PRE+K5+K7+FILT+MD+SEED+SEEDLS,inputs_6x6_2,midpoint,2,sp_tight_gap,0.0
20260915_072349,C0+C0p+C3+FLOW+MTC+S11+WARM+PRE+K5+K7+FILT+MD+SEED+SEEDLS,inputs_6x6_2,midpoint,2,seed_localsearch,1
20260915_072349,C0+C0p+C3+FLOW+MTC+S11+WARM+PRE+K5+K7+FILT+MD+SEED+SEEDLS,inputs_6x6_2,midpoint,2,seed_budget_s,120.0
20260915_072349,C0+C0p+C3+FLOW+MTC+S11+WARM+PRE+K5+K7+FILT+MD+SEED+SEEDLS,inputs_6x6_2,midpoint,2,bigm_threshold,18
20260915_072349,C0+C0p+C3+FLOW+MTC+S11+WARM+PRE+K5+K7+FILT+MD+SEED+SEEDLS,inputs_6x6_2,midpoint,2,bigm_margin,1.0
20260915_072349,C0+C0p+C3+FLOW+MTC+S11+WARM+PRE+K5+K7+FILT+MD+SEED+SEEDLS,inputs_6x6_2,midpoint,2,bigm_method,global_sum
20260915_072349,C0+C0p+C3+FLOW+MTC+S11+WARM+PRE+K5+K7+FILT+MD+SEED+SEEDLS,inputs_6x6_2,midpoint,2,bigm_nodes_in_dp,0
20260915_072349,C0+C0p+C3+FLOW+MTC+S11+WARM+PRE+K5+K7+FILT+MD+SEED+SEEDLS,inputs_6x6_2,midpoint,2,bigm_dp_completed,False
20260915_072349,C0+C0p+C3+FLOW+MTC+S11+WARM+PRE+K5+K7+FILT+MD+SEED+SEEDLS,inputs_6x6_2,midpoint,2,M_d,240.3976017717033
20260915_072349,C0+C0p+C3+FLOW+MTC+S11+WARM+PRE+K5+K7+FILT+MD+SEED+SEEDLS,inputs_6x6_2,midpoint,2,ts_ub,196.05285275561548
20260915_072349,C0+C0p+C3+FLOW+MTC+S11+WARM+PRE+K5+K7+FILT+MD+SEED+SEEDLS,inputs_6x6_2,midpoint,2,te_ub,225.3976017717033
20260915_072349,C0+C0p+C3+FLOW+MTC+S11+WARM+PRE+K5+K7+FILT+MD+SEED+SEEDLS,inputs_6x6_2,midpoint,2,seed_LB,1746.138189928204
20260915_072349,C0+C0p+C3+FLOW+MTC+S11+WARM+PRE+K5+K7+FILT+MD+SEED+SEEDLS,inputs_6x6_2,midpoint,2,seed_time_s,120.04137635231018
20260915_072349,C0+C0p+C3+FLOW+MTC+S11+WARM+PRE+K5+K7+FILT+MD+SEED+SEEDLS,inputs_6x6_2,midpoint,2,seed_source,localsearch
20260915_072349,C0+C0p+C3+FLOW+MTC+S11+WARM+PRE+K5+K7+FILT+MD+SEED+SEEDLS,inputs_6x6_2,midpoint,2,spcall_OPTIMAL,1
20260915_072349,C0+C0p+C3+FLOW+MTC+S11+WARM+PRE+K5+K7+FILT+MD+SEED+SEEDLS,inputs_6x6_2,midpoint,2,spcall_TIME_LIMIT_WITH_INCUMBENT,7
20260915_072349,C0+C0p+C3+FLOW+MTC+S11+WARM+PRE+K5+K7+FILT+MD+SEED+SEEDLS,inputs_6x6_2,midpoint,2,cut_singleton_infeasible,30
20260915_072349,C0+C0p+C3+FLOW+MTC+S11+WARM+PRE+K5+K7+FILT+MD+SEED+SEEDLS,inputs_6x6_2,midpoint,2,cut_cell_optimality,51
20260915_072349,C0+C0p+C3+FLOW+MTC+S11+WARM+PRE+K5+K7+FILT+MD+SEED+SEEDLS,inputs_6x6_2,midpoint,2,cut_dual_bound,6
20260915_072349,C0+C0p+C3+FLOW+MTC+S11+WARM+PRE+K5+K7+FILT+MD+SEED+SEEDLS,inputs_6x6_2,midpoint,2,singleton_cache_enabled,1
20260915_072349,C0+C0p+C3+FLOW+MTC+S11+WARM+PRE+K5+K7+FILT+MD+SEED+SEEDLS,inputs_6x6_2,midpoint,2,single_sp_requests,606
20260915_072349,C0+C0p+C3+FLOW+MTC+S11+WARM+PRE+K5+K7+FILT+MD+SEED+SEEDLS,inputs_6x6_2,midpoint,2,single_sp_solves,258
20260915_072349,C0+C0p+C3+FLOW+MTC+S11+WARM+PRE+K5+K7+FILT+MD+SEED+SEEDLS,inputs_6x6_2,midpoint,2,single_sp_cache_hits,348
20260915_072349,C0+C0p+C3+FLOW+MTC+S11+WARM+PRE+K5+K7+FILT+MD+SEED+SEEDLS,inputs_6x6_2,midpoint,2,single_sp_build_time_s,2.208865165710449
20260915_072349,C0+C0p+C3+FLOW+MTC+S11+WARM+PRE+K5+K7+FILT+MD+SEED+SEEDLS,inputs_6x6_2,midpoint,2,single_sp_solve_time_s,2.58650279045105
20260915_072349,C0+C0p+C3+FLOW+MTC+S11+WARM+PRE+K5+K7+FILT+MD+SEED+SEEDLS,inputs_6x6_2,midpoint,2,single_sp_time_s,4.795367956161499
20260915_072349,C0+C0p+C3+FLOW+MTC+S11+WARM+PRE+K5+K7+FILT+MD+SEED+SEEDLS,inputs_6x6_2,midpoint,2,cache_lookup_time_s,0.002285304479300976
20260915_072349,C0+C0p+C3+FLOW+MTC+S11+WARM+PRE+K5+K7+FILT+MD+SEED+SEEDLS,inputs_6x6_2,midpoint,2,est_prevented_solve_time_s,11.283123016357422
20260915_072349,C0+C0p+C3+FLOW+MTC+S11+WARM+PRE+K5+K7+FILT+MD+SEED+SEEDLS,inputs_6x6_2,midpoint,2,single_sp_status_FEASIBLE_VERIFIED,255
20260915_072349,C0+C0p+C3+FLOW+MTC+S11+WARM+PRE+K5+K7+FILT+MD+SEED+SEEDLS,inputs_6x6_2,midpoint,2,single_sp_status_INFEASIBLE_PROVEN,3
20260915_072349,C0+C0p+C3+FLOW+MTC+S11+WARM+PRE+K5+K7+FILT+MD+SEED+SEEDLS,inputs_6x6_2,midpoint,2,single_sp_status_UNKNOWN,0
20260915_072349,C0+C0p+C3+FLOW+MTC+S11+WARM+PRE+K5+K7+FILT+MD+SEED+SEEDLS,inputs_6x6_2,midpoint,2,dup_cuts_prevented,0
20260915_072349,C0+C0p+C3+FLOW+MTC+S11+WARM+PRE+K5+K7+FILT+MD+SEED+SEEDLS,inputs_6x6_2,midpoint,2,single_sp_distinct,258
20260915_072349,C0+C0p+C3+FLOW+MTC+S11+WARM+PRE+K5+K7+FILT+MD+SEED+SEEDLS,inputs_6x6_2,midpoint,2,master_time_s,6.389260768890381
20260915_072349,C0+C0p+C3+FLOW+MTC+S11+WARM+PRE+K5+K7+FILT+MD+SEED+SEEDLS,inputs_6x6_2,midpoint,2,sp_time_s,1668.1871812343597
20260915_072349,C0+C0p+C3+FLOW+MTC+S11+WARM+PRE+K5+K7+FILT+MD+SEED+SEEDLS,inputs_6x6_2,midpoint,2,master_time_share,0.0038154488553816526
20260915_072349,C0+C0p+C3+FLOW+MTC+S11+WARM+PRE+K5+K7+FILT+MD+SEED+SEEDLS,inputs_6x6_2,midpoint,2,sp_time_share,0.9961845511446183
20260915_072349,C0+C0p+C3+FLOW+MTC+S11+WARM+PRE+K5+K7+FILT+MD+SEED+SEEDLS,inputs_6x6_2,midpoint,2,t_to_gap_10pct,120.0476484298706
20260915_072349,C0+C0p+C3+FLOW+MTC+S11+WARM+PRE+K5+K7+FILT+MD+SEED+SEEDLS,inputs_6x6_2,midpoint,2,t_to_gap_5pct,120.0476484298706
20260915_072349,C0+C0p+C3+FLOW+MTC+S11+WARM+PRE+K5+K7+FILT+MD+SEED+SEEDLS,inputs_6x6_2,midpoint,2,t_to_gap_3pct,420.4512004852295
20260915_072349,C0+C0p+C3+FLOW+MTC+S11+WARM+PRE+K5+K7+FILT+MD+SEED+SEEDLS,inputs_6x6_2,midpoint,2,t_to_gap_1pct,
20260915_072849,C0+C0p+C3+FLOW+MTC+S11+WARM+PRE+K5+K7+FILT+MD+SEED+SEEDLS,inputs_6x6_3,midpoint,2,status,TIME_LIMIT
20260915_072849,C0+C0p+C3+FLOW+MTC+S11+WARM+PRE+K5+K7+FILT+MD+SEED+SEEDLS,inputs_6x6_3,midpoint,2,LB,1765.8487255993264
20260915_072849,C0+C0p+C3+FLOW+MTC+S11+WARM+PRE+K5+K7+FILT+MD+SEED+SEEDLS,inputs_6x6_3,midpoint,2,UB,1789.2277404895917
20260915_072849,C0+C0p+C3+FLOW+MTC+S11+WARM+PRE+K5+K7+FILT+MD+SEED+SEEDLS,inputs_6x6_3,midpoint,2,gap,0.01306653946907177
20260915_072849,C0+C0p+C3+FLOW+MTC+S11+WARM+PRE+K5+K7+FILT+MD+SEED+SEEDLS,inputs_6x6_3,midpoint,2,iterations,7
20260915_072849,C0+C0p+C3+FLOW+MTC+S11+WARM+PRE+K5+K7+FILT+MD+SEED+SEEDLS,inputs_6x6_3,midpoint,2,runtime_s,1800.0554494857788
20260915_072849,C0+C0p+C3+FLOW+MTC+S11+WARM+PRE+K5+K7+FILT+MD+SEED+SEEDLS,inputs_6x6_3,midpoint,2,wall_s,1800.0572531223297
20260915_072849,C0+C0p+C3+FLOW+MTC+S11+WARM+PRE+K5+K7+FILT+MD+SEED+SEEDLS,inputs_6x6_3,midpoint,2,n_sp_calls,8
20260915_072849,C0+C0p+C3+FLOW+MTC+S11+WARM+PRE+K5+K7+FILT+MD+SEED+SEEDLS,inputs_6x6_3,midpoint,2,incumbent_value,1765.8487255993264
20260915_072849,C0+C0p+C3+FLOW+MTC+S11+WARM+PRE+K5+K7+FILT+MD+SEED+SEEDLS,inputs_6x6_3,midpoint,2,certified,0
20260915_072849,C0+C0p+C3+FLOW+MTC+S11+WARM+PRE+K5+K7+FILT+MD+SEED+SEEDLS,inputs_6x6_3,midpoint,2,n_Nf,31
20260915_072849,C0+C0p+C3+FLOW+MTC+S11+WARM+PRE+K5+K7+FILT+MD+SEED+SEEDLS,inputs_6x6_3,midpoint,2,n_K,225
20260915_072849,C0+C0p+C3+FLOW+MTC+S11+WARM+PRE+K5+K7+FILT+MD+SEED+SEEDLS,inputs_6x6_3,midpoint,2,sp_engine,strong_resource
20260915_072849,C0+C0p+C3+FLOW+MTC+S11+WARM+PRE+K5+K7+FILT+MD+SEED+SEEDLS,inputs_6x6_3,midpoint,2,sp_mip_gap,0.0
20260915_072849,C0+C0p+C3+FLOW+MTC+S11+WARM+PRE+K5+K7+FILT+MD+SEED+SEEDLS,inputs_6x6_3,midpoint,2,sp_tighten,0
20260915_072849,C0+C0p+C3+FLOW+MTC+S11+WARM+PRE+K5+K7+FILT+MD+SEED+SEEDLS,inputs_6x6_3,midpoint,2,sp_tight_gap,0.0
20260915_072849,C0+C0p+C3+FLOW+MTC+S11+WARM+PRE+K5+K7+FILT+MD+SEED+SEEDLS,inputs_6x6_3,midpoint,2,seed_localsearch,1
20260915_072849,C0+C0p+C3+FLOW+MTC+S11+WARM+PRE+K5+K7+FILT+MD+SEED+SEEDLS,inputs_6x6_3,midpoint,2,seed_budget_s,120.0
20260915_072849,C0+C0p+C3+FLOW+MTC+S11+WARM+PRE+K5+K7+FILT+MD+SEED+SEEDLS,inputs_6x6_3,midpoint,2,bigm_threshold,18
20260915_072849,C0+C0p+C3+FLOW+MTC+S11+WARM+PRE+K5+K7+FILT+MD+SEED+SEEDLS,inputs_6x6_3,midpoint,2,bigm_margin,1.0
20260915_072849,C0+C0p+C3+FLOW+MTC+S11+WARM+PRE+K5+K7+FILT+MD+SEED+SEEDLS,inputs_6x6_3,midpoint,2,bigm_method,global_sum
20260915_072849,C0+C0p+C3+FLOW+MTC+S11+WARM+PRE+K5+K7+FILT+MD+SEED+SEEDLS,inputs_6x6_3,midpoint,2,bigm_nodes_in_dp,0
20260915_072849,C0+C0p+C3+FLOW+MTC+S11+WARM+PRE+K5+K7+FILT+MD+SEED+SEEDLS,inputs_6x6_3,midpoint,2,bigm_dp_completed,False
20260915_072849,C0+C0p+C3+FLOW+MTC+S11+WARM+PRE+K5+K7+FILT+MD+SEED+SEEDLS,inputs_6x6_3,midpoint,2,M_d,240.24905595624531
20260915_072849,C0+C0p+C3+FLOW+MTC+S11+WARM+PRE+K5+K7+FILT+MD+SEED+SEEDLS,inputs_6x6_3,midpoint,2,ts_ub,195.90430694015748
20260915_072849,C0+C0p+C3+FLOW+MTC+S11+WARM+PRE+K5+K7+FILT+MD+SEED+SEEDLS,inputs_6x6_3,midpoint,2,te_ub,225.24905595624531
20260915_072849,C0+C0p+C3+FLOW+MTC+S11+WARM+PRE+K5+K7+FILT+MD+SEED+SEEDLS,inputs_6x6_3,midpoint,2,seed_LB,1765.4084258163155
20260915_072849,C0+C0p+C3+FLOW+MTC+S11+WARM+PRE+K5+K7+FILT+MD+SEED+SEEDLS,inputs_6x6_3,midpoint,2,seed_time_s,120.03492498397827
20260915_072849,C0+C0p+C3+FLOW+MTC+S11+WARM+PRE+K5+K7+FILT+MD+SEED+SEEDLS,inputs_6x6_3,midpoint,2,seed_source,containment
20260915_072849,C0+C0p+C3+FLOW+MTC+S11+WARM+PRE+K5+K7+FILT+MD+SEED+SEEDLS,inputs_6x6_3,midpoint,2,spcall_OPTIMAL,1
20260915_072849,C0+C0p+C3+FLOW+MTC+S11+WARM+PRE+K5+K7+FILT+MD+SEED+SEEDLS,inputs_6x6_3,midpoint,2,spcall_TIME_LIMIT_WITH_INCUMBENT,7
20260915_072849,C0+C0p+C3+FLOW+MTC+S11+WARM+PRE+K5+K7+FILT+MD+SEED+SEEDLS,inputs_6x6_3,midpoint,2,cut_singleton_infeasible,2
20260915_072849,C0+C0p+C3+FLOW+MTC+S11+WARM+PRE+K5+K7+FILT+MD+SEED+SEEDLS,inputs_6x6_3,midpoint,2,cut_cell_optimality,26
20260915_072849,C0+C0p+C3+FLOW+MTC+S11+WARM+PRE+K5+K7+FILT+MD+SEED+SEEDLS,inputs_6x6_3,midpoint,2,cut_dual_bound,5
20260915_072849,C0+C0p+C3+FLOW+MTC+S11+WARM+PRE+K5+K7+FILT+MD+SEED+SEEDLS,inputs_6x6_3,midpoint,2,singleton_cache_enabled,1
20260915_072849,C0+C0p+C3+FLOW+MTC+S11+WARM+PRE+K5+K7+FILT+MD+SEED+SEEDLS,inputs_6x6_3,midpoint,2,single_sp_requests,57
20260915_072849,C0+C0p+C3+FLOW+MTC+S11+WARM+PRE+K5+K7+FILT+MD+SEED+SEEDLS,inputs_6x6_3,midpoint,2,single_sp_solves,27
20260915_072849,C0+C0p+C3+FLOW+MTC+S11+WARM+PRE+K5+K7+FILT+MD+SEED+SEEDLS,inputs_6x6_3,midpoint,2,single_sp_cache_hits,30
20260915_072849,C0+C0p+C3+FLOW+MTC+S11+WARM+PRE+K5+K7+FILT+MD+SEED+SEEDLS,inputs_6x6_3,midpoint,2,single_sp_build_time_s,0.2384357452392578
20260915_072849,C0+C0p+C3+FLOW+MTC+S11+WARM+PRE+K5+K7+FILT+MD+SEED+SEEDLS,inputs_6x6_3,midpoint,2,single_sp_solve_time_s,0.4902057647705078
20260915_072849,C0+C0p+C3+FLOW+MTC+S11+WARM+PRE+K5+K7+FILT+MD+SEED+SEEDLS,inputs_6x6_3,midpoint,2,single_sp_time_s,0.7286415100097656
20260915_072849,C0+C0p+C3+FLOW+MTC+S11+WARM+PRE+K5+K7+FILT+MD+SEED+SEEDLS,inputs_6x6_3,midpoint,2,cache_lookup_time_s,0.00022035837173461914
20260915_072849,C0+C0p+C3+FLOW+MTC+S11+WARM+PRE+K5+K7+FILT+MD+SEED+SEEDLS,inputs_6x6_3,midpoint,2,est_prevented_solve_time_s,1.747934341430664
20260915_072849,C0+C0p+C3+FLOW+MTC+S11+WARM+PRE+K5+K7+FILT+MD+SEED+SEEDLS,inputs_6x6_3,midpoint,2,single_sp_status_FEASIBLE_VERIFIED,25
20260915_072849,C0+C0p+C3+FLOW+MTC+S11+WARM+PRE+K5+K7+FILT+MD+SEED+SEEDLS,inputs_6x6_3,midpoint,2,single_sp_status_INFEASIBLE_PROVEN,2
20260915_072849,C0+C0p+C3+FLOW+MTC+S11+WARM+PRE+K5+K7+FILT+MD+SEED+SEEDLS,inputs_6x6_3,midpoint,2,single_sp_status_UNKNOWN,0
20260915_072849,C0+C0p+C3+FLOW+MTC+S11+WARM+PRE+K5+K7+FILT+MD+SEED+SEEDLS,inputs_6x6_3,midpoint,2,dup_cuts_prevented,1
20260915_072849,C0+C0p+C3+FLOW+MTC+S11+WARM+PRE+K5+K7+FILT+MD+SEED+SEEDLS,inputs_6x6_3,midpoint,2,single_sp_distinct,27
20260915_072849,C0+C0p+C3+FLOW+MTC+S11+WARM+PRE+K5+K7+FILT+MD+SEED+SEEDLS,inputs_6x6_3,midpoint,2,master_time_s,0.27799391746520996
20260915_072849,C0+C0p+C3+FLOW+MTC+S11+WARM+PRE+K5+K7+FILT+MD+SEED+SEEDLS,inputs_6x6_3,midpoint,2,sp_time_s,1678.63538646698
20260915_072849,C0+C0p+C3+FLOW+MTC+S11+WARM+PRE+K5+K7+FILT+MD+SEED+SEEDLS,inputs_6x6_3,midpoint,2,master_time_share,0.00016557966641587768
20260915_072849,C0+C0p+C3+FLOW+MTC+S11+WARM+PRE+K5+K7+FILT+MD+SEED+SEEDLS,inputs_6x6_3,midpoint,2,sp_time_share,0.9998344203335842
20260915_072849,C0+C0p+C3+FLOW+MTC+S11+WARM+PRE+K5+K7+FILT+MD+SEED+SEEDLS,inputs_6x6_3,midpoint,2,t_to_gap_10pct,120.0405683517456
20260915_072849,C0+C0p+C3+FLOW+MTC+S11+WARM+PRE+K5+K7+FILT+MD+SEED+SEEDLS,inputs_6x6_3,midpoint,2,t_to_gap_5pct,120.0405683517456
20260915_072849,C0+C0p+C3+FLOW+MTC+S11+WARM+PRE+K5+K7+FILT+MD+SEED+SEEDLS,inputs_6x6_3,midpoint,2,t_to_gap_3pct,720.7547280788422
20260915_072849,C0+C0p+C3+FLOW+MTC+S11+WARM+PRE+K5+K7+FILT+MD+SEED+SEEDLS,inputs_6x6_3,midpoint,2,t_to_gap_1pct,
20260915_073923,C0+C0p+C3+FLOW+MTC+S11+WARM+PRE+K5+K7+FILT+MD+SEED+SEEDLS,inputs_6x6_5,midpoint,2,status,INCONCLUSIVE
20260915_073923,C0+C0p+C3+FLOW+MTC+S11+WARM+PRE+K5+K7+FILT+MD+SEED+SEEDLS,inputs_6x6_5,midpoint,2,LB,1612.5157954549613
20260915_073923,C0+C0p+C3+FLOW+MTC+S11+WARM+PRE+K5+K7+FILT+MD+SEED+SEEDLS,inputs_6x6_5,midpoint,2,UB,1722.887553641156
20260915_073923,C0+C0p+C3+FLOW+MTC+S11+WARM+PRE+K5+K7+FILT+MD+SEED+SEEDLS,inputs_6x6_5,midpoint,2,gap,0.06406207877753524
20260915_073923,C0+C0p+C3+FLOW+MTC+S11+WARM+PRE+K5+K7+FILT+MD+SEED+SEEDLS,inputs_6x6_5,midpoint,2,iterations,44
20260915_073923,C0+C0p+C3+FLOW+MTC+S11+WARM+PRE+K5+K7+FILT+MD+SEED+SEEDLS,inputs_6x6_5,midpoint,2,runtime_s,1800.1352498531342
20260915_073923,C0+C0p+C3+FLOW+MTC+S11+WARM+PRE+K5+K7+FILT+MD+SEED+SEEDLS,inputs_6x6_5,midpoint,2,wall_s,1800.1386964321136
20260915_073923,C0+C0p+C3+FLOW+MTC+S11+WARM+PRE+K5+K7+FILT+MD+SEED+SEEDLS,inputs_6x6_5,midpoint,2,n_sp_calls,16
20260915_073923,C0+C0p+C3+FLOW+MTC+S11+WARM+PRE+K5+K7+FILT+MD+SEED+SEEDLS,inputs_6x6_5,midpoint,2,incumbent_value,1612.5157954549613
20260915_073923,C0+C0p+C3+FLOW+MTC+S11+WARM+PRE+K5+K7+FILT+MD+SEED+SEEDLS,inputs_6x6_5,midpoint,2,certified,0
20260915_073923,C0+C0p+C3+FLOW+MTC+S11+WARM+PRE+K5+K7+FILT+MD+SEED+SEEDLS,inputs_6x6_5,midpoint,2,n_Nf,32
20260915_073923,C0+C0p+C3+FLOW+MTC+S11+WARM+PRE+K5+K7+FILT+MD+SEED+SEEDLS,inputs_6x6_5,midpoint,2,n_K,380
20260915_073923,C0+C0p+C3+FLOW+MTC+S11+WARM+PRE+K5+K7+FILT+MD+SEED+SEEDLS,inputs_6x6_5,midpoint,2,sp_engine,strong_resource
20260915_073923,C0+C0p+C3+FLOW+MTC+S11+WARM+PRE+K5+K7+FILT+MD+SEED+SEEDLS,inputs_6x6_5,midpoint,2,sp_mip_gap,0.0
20260915_073923,C0+C0p+C3+FLOW+MTC+S11+WARM+PRE+K5+K7+FILT+MD+SEED+SEEDLS,inputs_6x6_5,midpoint,2,sp_tighten,0
20260915_073923,C0+C0p+C3+FLOW+MTC+S11+WARM+PRE+K5+K7+FILT+MD+SEED+SEEDLS,inputs_6x6_5,midpoint,2,sp_tight_gap,0.0
20260915_073923,C0+C0p+C3+FLOW+MTC+S11+WARM+PRE+K5+K7+FILT+MD+SEED+SEEDLS,inputs_6x6_5,midpoint,2,seed_localsearch,1
20260915_073923,C0+C0p+C3+FLOW+MTC+S11+WARM+PRE+K5+K7+FILT+MD+SEED+SEEDLS,inputs_6x6_5,midpoint,2,seed_budget_s,120.0
20260915_073923,C0+C0p+C3+FLOW+MTC+S11+WARM+PRE+K5+K7+FILT+MD+SEED+SEEDLS,inputs_6x6_5,midpoint,2,bigm_threshold,18
20260915_073923,C0+C0p+C3+FLOW+MTC+S11+WARM+PRE+K5+K7+FILT+MD+SEED+SEEDLS,inputs_6x6_5,midpoint,2,bigm_margin,1.0
20260915_073923,C0+C0p+C3+FLOW+MTC+S11+WARM+PRE+K5+K7+FILT+MD+SEED+SEEDLS,inputs_6x6_5,midpoint,2,bigm_method,global_sum
20260915_073923,C0+C0p+C3+FLOW+MTC+S11+WARM+PRE+K5+K7+FILT+MD+SEED+SEEDLS,inputs_6x6_5,midpoint,2,bigm_nodes_in_dp,0
20260915_073923,C0+C0p+C3+FLOW+MTC+S11+WARM+PRE+K5+K7+FILT+MD+SEED+SEEDLS,inputs_6x6_5,midpoint,2,bigm_dp_completed,False
20260915_073923,C0+C0p+C3+FLOW+MTC+S11+WARM+PRE+K5+K7+FILT+MD+SEED+SEEDLS,inputs_6x6_5,midpoint,2,M_d,248.80657179055044
20260915_073923,C0+C0p+C3+FLOW+MTC+S11+WARM+PRE+K5+K7+FILT+MD+SEED+SEEDLS,inputs_6x6_5,midpoint,2,ts_ub,204.4618227744626
20260915_073923,C0+C0p+C3+FLOW+MTC+S11+WARM+PRE+K5+K7+FILT+MD+SEED+SEEDLS,inputs_6x6_5,midpoint,2,te_ub,233.80657179055044
20260915_073923,C0+C0p+C3+FLOW+MTC+S11+WARM+PRE+K5+K7+FILT+MD+SEED+SEEDLS,inputs_6x6_5,midpoint,2,seed_LB,1612.5157954549613
20260915_073923,C0+C0p+C3+FLOW+MTC+S11+WARM+PRE+K5+K7+FILT+MD+SEED+SEEDLS,inputs_6x6_5,midpoint,2,seed_time_s,120.10496211051941
20260915_073923,C0+C0p+C3+FLOW+MTC+S11+WARM+PRE+K5+K7+FILT+MD+SEED+SEEDLS,inputs_6x6_5,midpoint,2,seed_source,containment
20260915_073923,C0+C0p+C3+FLOW+MTC+S11+WARM+PRE+K5+K7+FILT+MD+SEED+SEEDLS,inputs_6x6_5,midpoint,2,spcall_OPTIMAL,1
20260915_073923,C0+C0p+C3+FLOW+MTC+S11+WARM+PRE+K5+K7+FILT+MD+SEED+SEEDLS,inputs_6x6_5,midpoint,2,spcall_INFEASIBLE_PROVEN,11
20260915_073923,C0+C0p+C3+FLOW+MTC+S11+WARM+PRE+K5+K7+FILT+MD+SEED+SEEDLS,inputs_6x6_5,midpoint,2,spcall_TIME_LIMIT_WITH_INCUMBENT,1
20260915_073923,C0+C0p+C3+FLOW+MTC+S11+WARM+PRE+K5+K7+FILT+MD+SEED+SEEDLS,inputs_6x6_5,midpoint,2,spcall_TIME_LIMIT_NO_INCUMBENT,3
20260915_073923,C0+C0p+C3+FLOW+MTC+S11+WARM+PRE+K5+K7+FILT+MD+SEED+SEEDLS,inputs_6x6_5,midpoint,2,cut_singleton_infeasible,30
20260915_073923,C0+C0p+C3+FLOW+MTC+S11+WARM+PRE+K5+K7+FILT+MD+SEED+SEEDLS,inputs_6x6_5,midpoint,2,cut_cell_optimality,154
20260915_073923,C0+C0p+C3+FLOW+MTC+S11+WARM+PRE+K5+K7+FILT+MD+SEED+SEEDLS,inputs_6x6_5,midpoint,2,cut_conflict_infeasible,11
20260915_073923,C0+C0p+C3+FLOW+MTC+S11+WARM+PRE+K5+K7+FILT+MD+SEED+SEEDLS,inputs_6x6_5,midpoint,2,singleton_cache_enabled,1
20260915_073923,C0+C0p+C3+FLOW+MTC+S11+WARM+PRE+K5+K7+FILT+MD+SEED+SEEDLS,inputs_6x6_5,midpoint,2,single_sp_requests,986
20260915_073923,C0+C0p+C3+FLOW+MTC+S11+WARM+PRE+K5+K7+FILT+MD+SEED+SEEDLS,inputs_6x6_5,midpoint,2,single_sp_solves,175
20260915_073923,C0+C0p+C3+FLOW+MTC+S11+WARM+PRE+K5+K7+FILT+MD+SEED+SEEDLS,inputs_6x6_5,midpoint,2,single_sp_cache_hits,811
20260915_073923,C0+C0p+C3+FLOW+MTC+S11+WARM+PRE+K5+K7+FILT+MD+SEED+SEEDLS,inputs_6x6_5,midpoint,2,single_sp_build_time_s,2.6207494735717773
20260915_073923,C0+C0p+C3+FLOW+MTC+S11+WARM+PRE+K5+K7+FILT+MD+SEED+SEEDLS,inputs_6x6_5,midpoint,2,single_sp_solve_time_s,4.198930025100708
20260915_073923,C0+C0p+C3+FLOW+MTC+S11+WARM+PRE+K5+K7+FILT+MD+SEED+SEEDLS,inputs_6x6_5,midpoint,2,single_sp_time_s,6.819679498672485
20260915_073923,C0+C0p+C3+FLOW+MTC+S11+WARM+PRE+K5+K7+FILT+MD+SEED+SEEDLS,inputs_6x6_5,midpoint,2,cache_lookup_time_s,0.0025779083371162415
20260915_073923,C0+C0p+C3+FLOW+MTC+S11+WARM+PRE+K5+K7+FILT+MD+SEED+SEEDLS,inputs_6x6_5,midpoint,2,est_prevented_solve_time_s,77.3017840385437
20260915_073923,C0+C0p+C3+FLOW+MTC+S11+WARM+PRE+K5+K7+FILT+MD+SEED+SEEDLS,inputs_6x6_5,midpoint,2,single_sp_status_FEASIBLE_VERIFIED,174
20260915_073923,C0+C0p+C3+FLOW+MTC+S11+WARM+PRE+K5+K7+FILT+MD+SEED+SEEDLS,inputs_6x6_5,midpoint,2,single_sp_status_INFEASIBLE_PROVEN,1
20260915_073923,C0+C0p+C3+FLOW+MTC+S11+WARM+PRE+K5+K7+FILT+MD+SEED+SEEDLS,inputs_6x6_5,midpoint,2,single_sp_status_UNKNOWN,0
20260915_073923,C0+C0p+C3+FLOW+MTC+S11+WARM+PRE+K5+K7+FILT+MD+SEED+SEEDLS,inputs_6x6_5,midpoint,2,dup_cuts_prevented,0
20260915_073923,C0+C0p+C3+FLOW+MTC+S11+WARM+PRE+K5+K7+FILT+MD+SEED+SEEDLS,inputs_6x6_5,midpoint,2,single_sp_distinct,175
20260915_073923,C0+C0p+C3+FLOW+MTC+S11+WARM+PRE+K5+K7+FILT+MD+SEED+SEEDLS,inputs_6x6_5,midpoint,2,master_time_s,5.839805603027344
20260915_073923,C0+C0p+C3+FLOW+MTC+S11+WARM+PRE+K5+K7+FILT+MD+SEED+SEEDLS,inputs_6x6_5,midpoint,2,sp_time_s,1001.7886037826538
20260915_073923,C0+C0p+C3+FLOW+MTC+S11+WARM+PRE+K5+K7+FILT+MD+SEED+SEEDLS,inputs_6x6_5,midpoint,2,master_time_share,0.0057955944360358865
20260915_073923,C0+C0p+C3+FLOW+MTC+S11+WARM+PRE+K5+K7+FILT+MD+SEED+SEEDLS,inputs_6x6_5,midpoint,2,sp_time_share,0.9942044055639642
20260915_073923,C0+C0p+C3+FLOW+MTC+S11+WARM+PRE+K5+K7+FILT+MD+SEED+SEEDLS,inputs_6x6_5,midpoint,2,t_to_gap_10pct,184.34842777252197
20260915_073923,C0+C0p+C3+FLOW+MTC+S11+WARM+PRE+K5+K7+FILT+MD+SEED+SEEDLS,inputs_6x6_5,midpoint,2,t_to_gap_5pct,
20260915_073923,C0+C0p+C3+FLOW+MTC+S11+WARM+PRE+K5+K7+FILT+MD+SEED+SEEDLS,inputs_6x6_5,midpoint,2,t_to_gap_3pct,
20260915_073923,C0+C0p+C3+FLOW+MTC+S11+WARM+PRE+K5+K7+FILT+MD+SEED+SEEDLS,inputs_6x6_5,midpoint,2,t_to_gap_1pct,
20260915_073934,C0+C0p+C3+FLOW+MTC+S11+WARM+PRE+K5+K7+FILT+MD+SEED+SEEDLS,inputs_7x7,midpoint,2,status,INCONCLUSIVE
20260915_073934,C0+C0p+C3+FLOW+MTC+S11+WARM+PRE+K5+K7+FILT+MD+SEED+SEEDLS,inputs_7x7,midpoint,2,LB,2552.6524394687544
20260915_073934,C0+C0p+C3+FLOW+MTC+S11+WARM+PRE+K5+K7+FILT+MD+SEED+SEEDLS,inputs_7x7,midpoint,2,UB,2641.8349246273133
20260915_073934,C0+C0p+C3+FLOW+MTC+S11+WARM+PRE+K5+K7+FILT+MD+SEED+SEEDLS,inputs_7x7,midpoint,2,gap,0.03375778112674467
20260915_073934,C0+C0p+C3+FLOW+MTC+S11+WARM+PRE+K5+K7+FILT+MD+SEED+SEEDLS,inputs_7x7,midpoint,2,iterations,6
20260915_073934,C0+C0p+C3+FLOW+MTC+S11+WARM+PRE+K5+K7+FILT+MD+SEED+SEEDLS,inputs_7x7,midpoint,2,runtime_s,1800.359757900238
20260915_073934,C0+C0p+C3+FLOW+MTC+S11+WARM+PRE+K5+K7+FILT+MD+SEED+SEEDLS,inputs_7x7,midpoint,2,wall_s,1800.36394739151
20260915_073934,C0+C0p+C3+FLOW+MTC+S11+WARM+PRE+K5+K7+FILT+MD+SEED+SEEDLS,inputs_7x7,midpoint,2,n_sp_calls,8
20260915_073934,C0+C0p+C3+FLOW+MTC+S11+WARM+PRE+K5+K7+FILT+MD+SEED+SEEDLS,inputs_7x7,midpoint,2,incumbent_value,2552.6524394687544
20260915_073934,C0+C0p+C3+FLOW+MTC+S11+WARM+PRE+K5+K7+FILT+MD+SEED+SEEDLS,inputs_7x7,midpoint,2,certified,0
20260915_073934,C0+C0p+C3+FLOW+MTC+S11+WARM+PRE+K5+K7+FILT+MD+SEED+SEEDLS,inputs_7x7,midpoint,2,n_Nf,44
20260915_073934,C0+C0p+C3+FLOW+MTC+S11+WARM+PRE+K5+K7+FILT+MD+SEED+SEEDLS,inputs_7x7,midpoint,2,n_K,375
20260915_073934,C0+C0p+C3+FLOW+MTC+S11+WARM+PRE+K5+K7+FILT+MD+SEED+SEEDLS,inputs_7x7,midpoint,2,sp_engine,strong_resource
20260915_073934,C0+C0p+C3+FLOW+MTC+S11+WARM+PRE+K5+K7+FILT+MD+SEED+SEEDLS,inputs_7x7,midpoint,2,sp_mip_gap,0.0
20260915_073934,C0+C0p+C3+FLOW+MTC+S11+WARM+PRE+K5+K7+FILT+MD+SEED+SEEDLS,inputs_7x7,midpoint,2,sp_tighten,0
20260915_073934,C0+C0p+C3+FLOW+MTC+S11+WARM+PRE+K5+K7+FILT+MD+SEED+SEEDLS,inputs_7x7,midpoint,2,sp_tight_gap,0.0
20260915_073934,C0+C0p+C3+FLOW+MTC+S11+WARM+PRE+K5+K7+FILT+MD+SEED+SEEDLS,inputs_7x7,midpoint,2,seed_localsearch,1
20260915_073934,C0+C0p+C3+FLOW+MTC+S11+WARM+PRE+K5+K7+FILT+MD+SEED+SEEDLS,inputs_7x7,midpoint,2,seed_budget_s,120.0
20260915_073934,C0+C0p+C3+FLOW+MTC+S11+WARM+PRE+K5+K7+FILT+MD+SEED+SEEDLS,inputs_7x7,midpoint,2,bigm_threshold,18
20260915_073934,C0+C0p+C3+FLOW+MTC+S11+WARM+PRE+K5+K7+FILT+MD+SEED+SEEDLS,inputs_7x7,midpoint,2,bigm_margin,1.0
20260915_073934,C0+C0p+C3+FLOW+MTC+S11+WARM+PRE+K5+K7+FILT+MD+SEED+SEEDLS,inputs_7x7,midpoint,2,bigm_method,global_sum
20260915_073934,C0+C0p+C3+FLOW+MTC+S11+WARM+PRE+K5+K7+FILT+MD+SEED+SEEDLS,inputs_7x7,midpoint,2,bigm_nodes_in_dp,0
20260915_073934,C0+C0p+C3+FLOW+MTC+S11+WARM+PRE+K5+K7+FILT+MD+SEED+SEEDLS,inputs_7x7,midpoint,2,bigm_dp_completed,False
20260915_073934,C0+C0p+C3+FLOW+MTC+S11+WARM+PRE+K5+K7+FILT+MD+SEED+SEEDLS,inputs_7x7,midpoint,2,M_d,375.15544965089066
20260915_073934,C0+C0p+C3+FLOW+MTC+S11+WARM+PRE+K5+K7+FILT+MD+SEED+SEEDLS,inputs_7x7,midpoint,2,ts_ub,329.30649698408683
20260915_073934,C0+C0p+C3+FLOW+MTC+S11+WARM+PRE+K5+K7+FILT+MD+SEED+SEEDLS,inputs_7x7,midpoint,2,te_ub,358.15544965089066
20260915_073934,C0+C0p+C3+FLOW+MTC+S11+WARM+PRE+K5+K7+FILT+MD+SEED+SEEDLS,inputs_7x7,midpoint,2,seed_LB,2552.6524394687544
20260915_073934,C0+C0p+C3+FLOW+MTC+S11+WARM+PRE+K5+K7+FILT+MD+SEED+SEEDLS,inputs_7x7,midpoint,2,seed_time_s,120.10047316551208
20260915_073934,C0+C0p+C3+FLOW+MTC+S11+WARM+PRE+K5+K7+FILT+MD+SEED+SEEDLS,inputs_7x7,midpoint,2,seed_source,containment
20260915_073934,C0+C0p+C3+FLOW+MTC+S11+WARM+PRE+K5+K7+FILT+MD+SEED+SEEDLS,inputs_7x7,midpoint,2,spcall_OPTIMAL,1
20260915_073934,C0+C0p+C3+FLOW+MTC+S11+WARM+PRE+K5+K7+FILT+MD+SEED+SEEDLS,inputs_7x7,midpoint,2,spcall_TIME_LIMIT_WITH_INCUMBENT,5
20260915_073934,C0+C0p+C3+FLOW+MTC+S11+WARM+PRE+K5+K7+FILT+MD+SEED+SEEDLS,inputs_7x7,midpoint,2,spcall_TIME_LIMIT_NO_INCUMBENT,2
20260915_073934,C0+C0p+C3+FLOW+MTC+S11+WARM+PRE+K5+K7+FILT+MD+SEED+SEEDLS,inputs_7x7,midpoint,2,cut_cell_optimality,118
20260915_073934,C0+C0p+C3+FLOW+MTC+S11+WARM+PRE+K5+K7+FILT+MD+SEED+SEEDLS,inputs_7x7,midpoint,2,cut_dual_bound,4
20260915_073934,C0+C0p+C3+FLOW+MTC+S11+WARM+PRE+K5+K7+FILT+MD+SEED+SEEDLS,inputs_7x7,midpoint,2,singleton_cache_enabled,1
20260915_073934,C0+C0p+C3+FLOW+MTC+S11+WARM+PRE+K5+K7+FILT+MD+SEED+SEEDLS,inputs_7x7,midpoint,2,single_sp_requests,150
20260915_073934,C0+C0p+C3+FLOW+MTC+S11+WARM+PRE+K5+K7+FILT+MD+SEED+SEEDLS,inputs_7x7,midpoint,2,single_sp_solves,110
20260915_073934,C0+C0p+C3+FLOW+MTC+S11+WARM+PRE+K5+K7+FILT+MD+SEED+SEEDLS,inputs_7x7,midpoint,2,single_sp_cache_hits,40
20260915_073934,C0+C0p+C3+FLOW+MTC+S11+WARM+PRE+K5+K7+FILT+MD+SEED+SEEDLS,inputs_7x7,midpoint,2,single_sp_build_time_s,1.654069185256958
20260915_073934,C0+C0p+C3+FLOW+MTC+S11+WARM+PRE+K5+K7+FILT+MD+SEED+SEEDLS,inputs_7x7,midpoint,2,single_sp_solve_time_s,2.590416193008423
20260915_073934,C0+C0p+C3+FLOW+MTC+S11+WARM+PRE+K5+K7+FILT+MD+SEED+SEEDLS,inputs_7x7,midpoint,2,single_sp_time_s,4.244485378265381
20260915_073934,C0+C0p+C3+FLOW+MTC+S11+WARM+PRE+K5+K7+FILT+MD+SEED+SEEDLS,inputs_7x7,midpoint,2,cache_lookup_time_s,0.0008453866466879845
20260915_073934,C0+C0p+C3+FLOW+MTC+S11+WARM+PRE+K5+K7+FILT+MD+SEED+SEEDLS,inputs_7x7,midpoint,2,est_prevented_solve_time_s,3.9186930656433105
20260915_073934,C0+C0p+C3+FLOW+MTC+S11+WARM+PRE+K5+K7+FILT+MD+SEED+SEEDLS,inputs_7x7,midpoint,2,single_sp_status_FEASIBLE_VERIFIED,110
20260915_073934,C0+C0p+C3+FLOW+MTC+S11+WARM+PRE+K5+K7+FILT+MD+SEED+SEEDLS,inputs_7x7,midpoint,2,single_sp_status_INFEASIBLE_PROVEN,0
20260915_073934,C0+C0p+C3+FLOW+MTC+S11+WARM+PRE+K5+K7+FILT+MD+SEED+SEEDLS,inputs_7x7,midpoint,2,single_sp_status_UNKNOWN,0
20260915_073934,C0+C0p+C3+FLOW+MTC+S11+WARM+PRE+K5+K7+FILT+MD+SEED+SEEDLS,inputs_7x7,midpoint,2,dup_cuts_prevented,0
20260915_073934,C0+C0p+C3+FLOW+MTC+S11+WARM+PRE+K5+K7+FILT+MD+SEED+SEEDLS,inputs_7x7,midpoint,2,single_sp_distinct,110
20260915_073934,C0+C0p+C3+FLOW+MTC+S11+WARM+PRE+K5+K7+FILT+MD+SEED+SEEDLS,inputs_7x7,midpoint,2,master_time_s,4.877468109130859
20260915_073934,C0+C0p+C3+FLOW+MTC+S11+WARM+PRE+K5+K7+FILT+MD+SEED+SEEDLS,inputs_7x7,midpoint,2,sp_time_s,1669.4604499340057
20260915_073934,C0+C0p+C3+FLOW+MTC+S11+WARM+PRE+K5+K7+FILT+MD+SEED+SEEDLS,inputs_7x7,midpoint,2,master_time_share,0.0029130727176216284
20260915_073934,C0+C0p+C3+FLOW+MTC+S11+WARM+PRE+K5+K7+FILT+MD+SEED+SEEDLS,inputs_7x7,midpoint,2,sp_time_share,0.9970869272823784
20260915_073934,C0+C0p+C3+FLOW+MTC+S11+WARM+PRE+K5+K7+FILT+MD+SEED+SEEDLS,inputs_7x7,midpoint,2,t_to_gap_10pct,421.37390875816345
20260915_073934,C0+C0p+C3+FLOW+MTC+S11+WARM+PRE+K5+K7+FILT+MD+SEED+SEEDLS,inputs_7x7,midpoint,2,t_to_gap_5pct,722.2381546497345
20260915_073934,C0+C0p+C3+FLOW+MTC+S11+WARM+PRE+K5+K7+FILT+MD+SEED+SEEDLS,inputs_7x7,midpoint,2,t_to_gap_3pct,
20260915_073934,C0+C0p+C3+FLOW+MTC+S11+WARM+PRE+K5+K7+FILT+MD+SEED+SEEDLS,inputs_7x7,midpoint,2,t_to_gap_1pct,
20260915_074554,C0+C0p+C3+FLOW+MTC+S11+WARM+PRE+K5+K7+FILT+MD+SEED+SEEDLS,inputs_8x8,midpoint,2,status,TIME_LIMIT
20260915_074554,C0+C0p+C3+FLOW+MTC+S11+WARM+PRE+K5+K7+FILT+MD+SEED+SEEDLS,inputs_8x8,midpoint,2,LB,2990.7801090319567
20260915_074554,C0+C0p+C3+FLOW+MTC+S11+WARM+PRE+K5+K7+FILT+MD+SEED+SEEDLS,inputs_8x8,midpoint,2,UB,3050.6420245292643
20260915_074554,C0+C0p+C3+FLOW+MTC+S11+WARM+PRE+K5+K7+FILT+MD+SEED+SEEDLS,inputs_8x8,midpoint,2,gap,0.01962272695910451
20260915_074554,C0+C0p+C3+FLOW+MTC+S11+WARM+PRE+K5+K7+FILT+MD+SEED+SEEDLS,inputs_8x8,midpoint,2,iterations,6
20260915_074554,C0+C0p+C3+FLOW+MTC+S11+WARM+PRE+K5+K7+FILT+MD+SEED+SEEDLS,inputs_8x8,midpoint,2,runtime_s,1800.6020979881287
20260915_074554,C0+C0p+C3+FLOW+MTC+S11+WARM+PRE+K5+K7+FILT+MD+SEED+SEEDLS,inputs_8x8,midpoint,2,wall_s,1800.609925031662
20260915_074554,C0+C0p+C3+FLOW+MTC+S11+WARM+PRE+K5+K7+FILT+MD+SEED+SEEDLS,inputs_8x8,midpoint,2,n_sp_calls,8
20260915_074554,C0+C0p+C3+FLOW+MTC+S11+WARM+PRE+K5+K7+FILT+MD+SEED+SEEDLS,inputs_8x8,midpoint,2,incumbent_value,2990.7801090319567
20260915_074554,C0+C0p+C3+FLOW+MTC+S11+WARM+PRE+K5+K7+FILT+MD+SEED+SEEDLS,inputs_8x8,midpoint,2,certified,0
20260915_074554,C0+C0p+C3+FLOW+MTC+S11+WARM+PRE+K5+K7+FILT+MD+SEED+SEEDLS,inputs_8x8,midpoint,2,n_Nf,58
20260915_074554,C0+C0p+C3+FLOW+MTC+S11+WARM+PRE+K5+K7+FILT+MD+SEED+SEEDLS,inputs_8x8,midpoint,2,n_K,525
20260915_074554,C0+C0p+C3+FLOW+MTC+S11+WARM+PRE+K5+K7+FILT+MD+SEED+SEEDLS,inputs_8x8,midpoint,2,sp_engine,strong_resource
20260915_074554,C0+C0p+C3+FLOW+MTC+S11+WARM+PRE+K5+K7+FILT+MD+SEED+SEEDLS,inputs_8x8,midpoint,2,sp_mip_gap,0.0
20260915_074554,C0+C0p+C3+FLOW+MTC+S11+WARM+PRE+K5+K7+FILT+MD+SEED+SEEDLS,inputs_8x8,midpoint,2,sp_tighten,0
20260915_074554,C0+C0p+C3+FLOW+MTC+S11+WARM+PRE+K5+K7+FILT+MD+SEED+SEEDLS,inputs_8x8,midpoint,2,sp_tight_gap,0.0
20260915_074554,C0+C0p+C3+FLOW+MTC+S11+WARM+PRE+K5+K7+FILT+MD+SEED+SEEDLS,inputs_8x8,midpoint,2,seed_localsearch,1
20260915_074554,C0+C0p+C3+FLOW+MTC+S11+WARM+PRE+K5+K7+FILT+MD+SEED+SEEDLS,inputs_8x8,midpoint,2,seed_budget_s,120.0
20260915_074554,C0+C0p+C3+FLOW+MTC+S11+WARM+PRE+K5+K7+FILT+MD+SEED+SEEDLS,inputs_8x8,midpoint,2,bigm_threshold,18
20260915_074554,C0+C0p+C3+FLOW+MTC+S11+WARM+PRE+K5+K7+FILT+MD+SEED+SEEDLS,inputs_8x8,midpoint,2,bigm_margin,1.0
20260915_074554,C0+C0p+C3+FLOW+MTC+S11+WARM+PRE+K5+K7+FILT+MD+SEED+SEEDLS,inputs_8x8,midpoint,2,bigm_method,global_sum
20260915_074554,C0+C0p+C3+FLOW+MTC+S11+WARM+PRE+K5+K7+FILT+MD+SEED+SEEDLS,inputs_8x8,midpoint,2,bigm_nodes_in_dp,0
20260915_074554,C0+C0p+C3+FLOW+MTC+S11+WARM+PRE+K5+K7+FILT+MD+SEED+SEEDLS,inputs_8x8,midpoint,2,bigm_dp_completed,False
20260915_074554,C0+C0p+C3+FLOW+MTC+S11+WARM+PRE+K5+K7+FILT+MD+SEED+SEEDLS,inputs_8x8,midpoint,2,M_d,451.3784592856163
20260915_074554,C0+C0p+C3+FLOW+MTC+S11+WARM+PRE+K5+K7+FILT+MD+SEED+SEEDLS,inputs_8x8,midpoint,2,ts_ub,406.0337102695285
20260915_074554,C0+C0p+C3+FLOW+MTC+S11+WARM+PRE+K5+K7+FILT+MD+SEED+SEEDLS,inputs_8x8,midpoint,2,te_ub,435.3784592856163
20260915_074554,C0+C0p+C3+FLOW+MTC+S11+WARM+PRE+K5+K7+FILT+MD+SEED+SEEDLS,inputs_8x8,midpoint,2,seed_LB,2967.8509818072
20260915_074554,C0+C0p+C3+FLOW+MTC+S11+WARM+PRE+K5+K7+FILT+MD+SEED+SEEDLS,inputs_8x8,midpoint,2,seed_time_s,120.12194776535034
20260915_074554,C0+C0p+C3+FLOW+MTC+S11+WARM+PRE+K5+K7+FILT+MD+SEED+SEEDLS,inputs_8x8,midpoint,2,seed_source,containment
20260915_074554,C0+C0p+C3+FLOW+MTC+S11+WARM+PRE+K5+K7+FILT+MD+SEED+SEEDLS,inputs_8x8,midpoint,2,spcall_OPTIMAL,1
20260915_074554,C0+C0p+C3+FLOW+MTC+S11+WARM+PRE+K5+K7+FILT+MD+SEED+SEEDLS,inputs_8x8,midpoint,2,spcall_TIME_LIMIT_WITH_INCUMBENT,7
20260915_074554,C0+C0p+C3+FLOW+MTC+S11+WARM+PRE+K5+K7+FILT+MD+SEED+SEEDLS,inputs_8x8,midpoint,2,cut_cell_optimality,136
20260915_074554,C0+C0p+C3+FLOW+MTC+S11+WARM+PRE+K5+K7+FILT+MD+SEED+SEEDLS,inputs_8x8,midpoint,2,cut_dual_bound,6
20260915_074554,C0+C0p+C3+FLOW+MTC+S11+WARM+PRE+K5+K7+FILT+MD+SEED+SEEDLS,inputs_8x8,midpoint,2,singleton_cache_enabled,1
20260915_074554,C0+C0p+C3+FLOW+MTC+S11+WARM+PRE+K5+K7+FILT+MD+SEED+SEEDLS,inputs_8x8,midpoint,2,single_sp_requests,170
20260915_074554,C0+C0p+C3+FLOW+MTC+S11+WARM+PRE+K5+K7+FILT+MD+SEED+SEEDLS,inputs_8x8,midpoint,2,single_sp_solves,137
20260915_074554,C0+C0p+C3+FLOW+MTC+S11+WARM+PRE+K5+K7+FILT+MD+SEED+SEEDLS,inputs_8x8,midpoint,2,single_sp_cache_hits,33
20260915_074554,C0+C0p+C3+FLOW+MTC+S11+WARM+PRE+K5+K7+FILT+MD+SEED+SEEDLS,inputs_8x8,midpoint,2,single_sp_build_time_s,2.8907384872436523
20260915_074554,C0+C0p+C3+FLOW+MTC+S11+WARM+PRE+K5+K7+FILT+MD+SEED+SEEDLS,inputs_8x8,midpoint,2,single_sp_solve_time_s,3.997784376144409
20260915_074554,C0+C0p+C3+FLOW+MTC+S11+WARM+PRE+K5+K7+FILT+MD+SEED+SEEDLS,inputs_8x8,midpoint,2,single_sp_time_s,6.8885228633880615
20260915_074554,C0+C0p+C3+FLOW+MTC+S11+WARM+PRE+K5+K7+FILT+MD+SEED+SEEDLS,inputs_8x8,midpoint,2,cache_lookup_time_s,0.0011087851598858833
20260915_074554,C0+C0p+C3+FLOW+MTC+S11+WARM+PRE+K5+K7+FILT+MD+SEED+SEEDLS,inputs_8x8,midpoint,2,est_prevented_solve_time_s,2.8681907653808594
20260915_074554,C0+C0p+C3+FLOW+MTC+S11+WARM+PRE+K5+K7+FILT+MD+SEED+SEEDLS,inputs_8x8,midpoint,2,single_sp_status_FEASIBLE_VERIFIED,137
20260915_074554,C0+C0p+C3+FLOW+MTC+S11+WARM+PRE+K5+K7+FILT+MD+SEED+SEEDLS,inputs_8x8,midpoint,2,single_sp_status_INFEASIBLE_PROVEN,0
20260915_074554,C0+C0p+C3+FLOW+MTC+S11+WARM+PRE+K5+K7+FILT+MD+SEED+SEEDLS,inputs_8x8,midpoint,2,single_sp_status_UNKNOWN,0
20260915_074554,C0+C0p+C3+FLOW+MTC+S11+WARM+PRE+K5+K7+FILT+MD+SEED+SEEDLS,inputs_8x8,midpoint,2,dup_cuts_prevented,0
20260915_074554,C0+C0p+C3+FLOW+MTC+S11+WARM+PRE+K5+K7+FILT+MD+SEED+SEEDLS,inputs_8x8,midpoint,2,single_sp_distinct,137
20260915_074554,C0+C0p+C3+FLOW+MTC+S11+WARM+PRE+K5+K7+FILT+MD+SEED+SEEDLS,inputs_8x8,midpoint,2,master_time_s,14.005971193313599
20260915_074554,C0+C0p+C3+FLOW+MTC+S11+WARM+PRE+K5+K7+FILT+MD+SEED+SEEDLS,inputs_8x8,midpoint,2,sp_time_s,1656.8813755512238
20260915_074554,C0+C0p+C3+FLOW+MTC+S11+WARM+PRE+K5+K7+FILT+MD+SEED+SEEDLS,inputs_8x8,midpoint,2,master_time_share,0.008382355172299343
20260915_074554,C0+C0p+C3+FLOW+MTC+S11+WARM+PRE+K5+K7+FILT+MD+SEED+SEEDLS,inputs_8x8,midpoint,2,sp_time_share,0.9916176448277007
20260915_074554,C0+C0p+C3+FLOW+MTC+S11+WARM+PRE+K5+K7+FILT+MD+SEED+SEEDLS,inputs_8x8,midpoint,2,t_to_gap_10pct,421.05525946617126
20260915_074554,C0+C0p+C3+FLOW+MTC+S11+WARM+PRE+K5+K7+FILT+MD+SEED+SEEDLS,inputs_8x8,midpoint,2,t_to_gap_5pct,421.05525946617126
20260915_074554,C0+C0p+C3+FLOW+MTC+S11+WARM+PRE+K5+K7+FILT+MD+SEED+SEEDLS,inputs_8x8,midpoint,2,t_to_gap_3pct,421.05525946617126
20260915_074554,C0+C0p+C3+FLOW+MTC+S11+WARM+PRE+K5+K7+FILT+MD+SEED+SEEDLS,inputs_8x8,midpoint,2,t_to_gap_1pct,
20260915_075350,C0+C0p+C3+FLOW+MTC+S11+WARM+PRE+K5+K7+FILT+MD+SEED+SEEDLS,inputs_9x9,midpoint,2,status,TIME_LIMIT
20260915_075350,C0+C0p+C3+FLOW+MTC+S11+WARM+PRE+K5+K7+FILT+MD+SEED+SEEDLS,inputs_9x9,midpoint,2,LB,4321.546329045601
20260915_075350,C0+C0p+C3+FLOW+MTC+S11+WARM+PRE+K5+K7+FILT+MD+SEED+SEEDLS,inputs_9x9,midpoint,2,UB,4534.059824608057
20260915_075350,C0+C0p+C3+FLOW+MTC+S11+WARM+PRE+K5+K7+FILT+MD+SEED+SEEDLS,inputs_9x9,midpoint,2,gap,0.04687046571575106
20260915_075350,C0+C0p+C3+FLOW+MTC+S11+WARM+PRE+K5+K7+FILT+MD+SEED+SEEDLS,inputs_9x9,midpoint,2,iterations,232
20260915_075350,C0+C0p+C3+FLOW+MTC+S11+WARM+PRE+K5+K7+FILT+MD+SEED+SEEDLS,inputs_9x9,midpoint,2,runtime_s,1800.0015437602997
20260915_075350,C0+C0p+C3+FLOW+MTC+S11+WARM+PRE+K5+K7+FILT+MD+SEED+SEEDLS,inputs_9x9,midpoint,2,wall_s,1800.017319202423
20260915_075350,C0+C0p+C3+FLOW+MTC+S11+WARM+PRE+K5+K7+FILT+MD+SEED+SEEDLS,inputs_9x9,midpoint,2,n_sp_calls,3
20260915_075350,C0+C0p+C3+FLOW+MTC+S11+WARM+PRE+K5+K7+FILT+MD+SEED+SEEDLS,inputs_9x9,midpoint,2,incumbent_value,4321.546329045601
20260915_075350,C0+C0p+C3+FLOW+MTC+S11+WARM+PRE+K5+K7+FILT+MD+SEED+SEEDLS,inputs_9x9,midpoint,2,certified,0
20260915_075350,C0+C0p+C3+FLOW+MTC+S11+WARM+PRE+K5+K7+FILT+MD+SEED+SEEDLS,inputs_9x9,midpoint,2,n_Nf,75
20260915_075350,C0+C0p+C3+FLOW+MTC+S11+WARM+PRE+K5+K7+FILT+MD+SEED+SEEDLS,inputs_9x9,midpoint,2,n_K,855
20260915_075350,C0+C0p+C3+FLOW+MTC+S11+WARM+PRE+K5+K7+FILT+MD+SEED+SEEDLS,inputs_9x9,midpoint,2,sp_engine,strong_resource
20260915_075350,C0+C0p+C3+FLOW+MTC+S11+WARM+PRE+K5+K7+FILT+MD+SEED+SEEDLS,inputs_9x9,midpoint,2,sp_mip_gap,0.0
20260915_075350,C0+C0p+C3+FLOW+MTC+S11+WARM+PRE+K5+K7+FILT+MD+SEED+SEEDLS,inputs_9x9,midpoint,2,sp_tighten,0
20260915_075350,C0+C0p+C3+FLOW+MTC+S11+WARM+PRE+K5+K7+FILT+MD+SEED+SEEDLS,inputs_9x9,midpoint,2,sp_tight_gap,0.0
20260915_075350,C0+C0p+C3+FLOW+MTC+S11+WARM+PRE+K5+K7+FILT+MD+SEED+SEEDLS,inputs_9x9,midpoint,2,seed_localsearch,1
20260915_075350,C0+C0p+C3+FLOW+MTC+S11+WARM+PRE+K5+K7+FILT+MD+SEED+SEEDLS,inputs_9x9,midpoint,2,seed_budget_s,120.0
20260915_075350,C0+C0p+C3+FLOW+MTC+S11+WARM+PRE+K5+K7+FILT+MD+SEED+SEEDLS,inputs_9x9,midpoint,2,bigm_threshold,18
20260915_075350,C0+C0p+C3+FLOW+MTC+S11+WARM+PRE+K5+K7+FILT+MD+SEED+SEEDLS,inputs_9x9,midpoint,2,bigm_margin,1.0
20260915_075350,C0+C0p+C3+FLOW+MTC+S11+WARM+PRE+K5+K7+FILT+MD+SEED+SEEDLS,inputs_9x9,midpoint,2,bigm_method,global_sum
20260915_075350,C0+C0p+C3+FLOW+MTC+S11+WARM+PRE+K5+K7+FILT+MD+SEED+SEEDLS,inputs_9x9,midpoint,2,bigm_nodes_in_dp,0
20260915_075350,C0+C0p+C3+FLOW+MTC+S11+WARM+PRE+K5+K7+FILT+MD+SEED+SEEDLS,inputs_9x9,midpoint,2,bigm_dp_completed,False
20260915_075350,C0+C0p+C3+FLOW+MTC+S11+WARM+PRE+K5+K7+FILT+MD+SEED+SEEDLS,inputs_9x9,midpoint,2,M_d,504.502085034314
20260915_075350,C0+C0p+C3+FLOW+MTC+S11+WARM+PRE+K5+K7+FILT+MD+SEED+SEEDLS,inputs_9x9,midpoint,2,ts_ub,455.1573360182262
20260915_075350,C0+C0p+C3+FLOW+MTC+S11+WARM+PRE+K5+K7+FILT+MD+SEED+SEEDLS,inputs_9x9,midpoint,2,te_ub,484.502085034314
20260915_075350,C0+C0p+C3+FLOW+MTC+S11+WARM+PRE+K5+K7+FILT+MD+SEED+SEEDLS,inputs_9x9,midpoint,2,seed_LB,4215.381150417533
20260915_075350,C0+C0p+C3+FLOW+MTC+S11+WARM+PRE+K5+K7+FILT+MD+SEED+SEEDLS,inputs_9x9,midpoint,2,seed_time_s,120.1135048866272
20260915_075350,C0+C0p+C3+FLOW+MTC+S11+WARM+PRE+K5+K7+FILT+MD+SEED+SEEDLS,inputs_9x9,midpoint,2,seed_source,containment
20260915_075350,C0+C0p+C3+FLOW+MTC+S11+WARM+PRE+K5+K7+FILT+MD+SEED+SEEDLS,inputs_9x9,midpoint,2,spcall_OPTIMAL,1
20260915_075350,C0+C0p+C3+FLOW+MTC+S11+WARM+PRE+K5+K7+FILT+MD+SEED+SEEDLS,inputs_9x9,midpoint,2,spcall_TIME_LIMIT_WITH_INCUMBENT,2
20260915_075350,C0+C0p+C3+FLOW+MTC+S11+WARM+PRE+K5+K7+FILT+MD+SEED+SEEDLS,inputs_9x9,midpoint,2,cut_singleton_infeasible,230
20260915_075350,C0+C0p+C3+FLOW+MTC+S11+WARM+PRE+K5+K7+FILT+MD+SEED+SEEDLS,inputs_9x9,midpoint,2,cut_cell_optimality,17
20260915_075350,C0+C0p+C3+FLOW+MTC+S11+WARM+PRE+K5+K7+FILT+MD+SEED+SEEDLS,inputs_9x9,midpoint,2,cut_dual_bound,1
20260915_075350,C0+C0p+C3+FLOW+MTC+S11+WARM+PRE+K5+K7+FILT+MD+SEED+SEEDLS,inputs_9x9,midpoint,2,singleton_cache_enabled,1
20260915_075350,C0+C0p+C3+FLOW+MTC+S11+WARM+PRE+K5+K7+FILT+MD+SEED+SEEDLS,inputs_9x9,midpoint,2,single_sp_requests,9284
20260915_075350,C0+C0p+C3+FLOW+MTC+S11+WARM+PRE+K5+K7+FILT+MD+SEED+SEEDLS,inputs_9x9,midpoint,2,single_sp_solves,1773
20260915_075350,C0+C0p+C3+FLOW+MTC+S11+WARM+PRE+K5+K7+FILT+MD+SEED+SEEDLS,inputs_9x9,midpoint,2,single_sp_cache_hits,7511
20260915_075350,C0+C0p+C3+FLOW+MTC+S11+WARM+PRE+K5+K7+FILT+MD+SEED+SEEDLS,inputs_9x9,midpoint,2,single_sp_build_time_s,61.9554762840271
20260915_075350,C0+C0p+C3+FLOW+MTC+S11+WARM+PRE+K5+K7+FILT+MD+SEED+SEEDLS,inputs_9x9,midpoint,2,single_sp_solve_time_s,108.50255393981934
20260915_075350,C0+C0p+C3+FLOW+MTC+S11+WARM+PRE+K5+K7+FILT+MD+SEED+SEEDLS,inputs_9x9,midpoint,2,single_sp_time_s,170.45803022384644
20260915_075350,C0+C0p+C3+FLOW+MTC+S11+WARM+PRE+K5+K7+FILT+MD+SEED+SEEDLS,inputs_9x9,midpoint,2,cache_lookup_time_s,0.027406755834817886
20260915_075350,C0+C0p+C3+FLOW+MTC+S11+WARM+PRE+K5+K7+FILT+MD+SEED+SEEDLS,inputs_9x9,midpoint,2,est_prevented_solve_time_s,1286.4915702342987
20260915_075350,C0+C0p+C3+FLOW+MTC+S11+WARM+PRE+K5+K7+FILT+MD+SEED+SEEDLS,inputs_9x9,midpoint,2,single_sp_status_FEASIBLE_VERIFIED,1772
20260915_075350,C0+C0p+C3+FLOW+MTC+S11+WARM+PRE+K5+K7+FILT+MD+SEED+SEEDLS,inputs_9x9,midpoint,2,single_sp_status_INFEASIBLE_PROVEN,1
20260915_075350,C0+C0p+C3+FLOW+MTC+S11+WARM+PRE+K5+K7+FILT+MD+SEED+SEEDLS,inputs_9x9,midpoint,2,single_sp_status_UNKNOWN,0
20260915_075350,C0+C0p+C3+FLOW+MTC+S11+WARM+PRE+K5+K7+FILT+MD+SEED+SEEDLS,inputs_9x9,midpoint,2,dup_cuts_prevented,0
20260915_075350,C0+C0p+C3+FLOW+MTC+S11+WARM+PRE+K5+K7+FILT+MD+SEED+SEEDLS,inputs_9x9,midpoint,2,single_sp_distinct,1773
20260915_075350,C0+C0p+C3+FLOW+MTC+S11+WARM+PRE+K5+K7+FILT+MD+SEED+SEEDLS,inputs_9x9,midpoint,2,master_time_s,1206.287980556488
20260915_075350,C0+C0p+C3+FLOW+MTC+S11+WARM+PRE+K5+K7+FILT+MD+SEED+SEEDLS,inputs_9x9,midpoint,2,sp_time_s,300.0027937889099
20260915_075350,C0+C0p+C3+FLOW+MTC+S11+WARM+PRE+K5+K7+FILT+MD+SEED+SEEDLS,inputs_9x9,midpoint,2,master_time_share,0.8008334121814662
20260915_075350,C0+C0p+C3+FLOW+MTC+S11+WARM+PRE+K5+K7+FILT+MD+SEED+SEEDLS,inputs_9x9,midpoint,2,sp_time_share,0.19916658781853375
20260915_075350,C0+C0p+C3+FLOW+MTC+S11+WARM+PRE+K5+K7+FILT+MD+SEED+SEEDLS,inputs_9x9,midpoint,2,t_to_gap_10pct,120.13034772872925
20260915_075350,C0+C0p+C3+FLOW+MTC+S11+WARM+PRE+K5+K7+FILT+MD+SEED+SEEDLS,inputs_9x9,midpoint,2,t_to_gap_5pct,426.0087535381317
20260915_075350,C0+C0p+C3+FLOW+MTC+S11+WARM+PRE+K5+K7+FILT+MD+SEED+SEEDLS,inputs_9x9,midpoint,2,t_to_gap_3pct,
20260915_075350,C0+C0p+C3+FLOW+MTC+S11+WARM+PRE+K5+K7+FILT+MD+SEED+SEEDLS,inputs_9x9,midpoint,2,t_to_gap_1pct,
20260915_075850,C0+C0p+C3+FLOW+MTC+S11+WARM+PRE+K5+K7+FILT+MD+SEED+SEEDLS,inputs_10x10,midpoint,2,status,TIME_LIMIT
20260915_075850,C0+C0p+C3+FLOW+MTC+S11+WARM+PRE+K5+K7+FILT+MD+SEED+SEEDLS,inputs_10x10,midpoint,2,LB,5225.915664042304
20260915_075850,C0+C0p+C3+FLOW+MTC+S11+WARM+PRE+K5+K7+FILT+MD+SEED+SEEDLS,inputs_10x10,midpoint,2,UB,5606.6108147160285
20260915_075850,C0+C0p+C3+FLOW+MTC+S11+WARM+PRE+K5+K7+FILT+MD+SEED+SEEDLS,inputs_10x10,midpoint,2,gap,0.06790111945606948
20260915_075850,C0+C0p+C3+FLOW+MTC+S11+WARM+PRE+K5+K7+FILT+MD+SEED+SEEDLS,inputs_10x10,midpoint,2,iterations,52
20260915_075850,C0+C0p+C3+FLOW+MTC+S11+WARM+PRE+K5+K7+FILT+MD+SEED+SEEDLS,inputs_10x10,midpoint,2,runtime_s,1800.0025751590729
20260915_075850,C0+C0p+C3+FLOW+MTC+S11+WARM+PRE+K5+K7+FILT+MD+SEED+SEEDLS,inputs_10x10,midpoint,2,wall_s,1800.006941318512
20260915_075850,C0+C0p+C3+FLOW+MTC+S11+WARM+PRE+K5+K7+FILT+MD+SEED+SEEDLS,inputs_10x10,midpoint,2,n_sp_calls,3
20260915_075850,C0+C0p+C3+FLOW+MTC+S11+WARM+PRE+K5+K7+FILT+MD+SEED+SEEDLS,inputs_10x10,midpoint,2,incumbent_value,5225.915664042304
20260915_075850,C0+C0p+C3+FLOW+MTC+S11+WARM+PRE+K5+K7+FILT+MD+SEED+SEEDLS,inputs_10x10,midpoint,2,certified,0
20260915_075850,C0+C0p+C3+FLOW+MTC+S11+WARM+PRE+K5+K7+FILT+MD+SEED+SEEDLS,inputs_10x10,midpoint,2,n_Nf,90
20260915_075850,C0+C0p+C3+FLOW+MTC+S11+WARM+PRE+K5+K7+FILT+MD+SEED+SEEDLS,inputs_10x10,midpoint,2,n_K,77
20260915_075850,C0+C0p+C3+FLOW+MTC+S11+WARM+PRE+K5+K7+FILT+MD+SEED+SEEDLS,inputs_10x10,midpoint,2,sp_engine,strong_resource
20260915_075850,C0+C0p+C3+FLOW+MTC+S11+WARM+PRE+K5+K7+FILT+MD+SEED+SEEDLS,inputs_10x10,midpoint,2,sp_mip_gap,0.0
20260915_075850,C0+C0p+C3+FLOW+MTC+S11+WARM+PRE+K5+K7+FILT+MD+SEED+SEEDLS,inputs_10x10,midpoint,2,sp_tighten,0
20260915_075850,C0+C0p+C3+FLOW+MTC+S11+WARM+PRE+K5+K7+FILT+MD+SEED+SEEDLS,inputs_10x10,midpoint,2,sp_tight_gap,0.0
20260915_075850,C0+C0p+C3+FLOW+MTC+S11+WARM+PRE+K5+K7+FILT+MD+SEED+SEEDLS,inputs_10x10,midpoint,2,seed_localsearch,1
20260915_075850,C0+C0p+C3+FLOW+MTC+S11+WARM+PRE+K5+K7+FILT+MD+SEED+SEEDLS,inputs_10x10,midpoint,2,seed_budget_s,120.0
20260915_075850,C0+C0p+C3+FLOW+MTC+S11+WARM+PRE+K5+K7+FILT+MD+SEED+SEEDLS,inputs_10x10,midpoint,2,bigm_threshold,18
20260915_075850,C0+C0p+C3+FLOW+MTC+S11+WARM+PRE+K5+K7+FILT+MD+SEED+SEEDLS,inputs_10x10,midpoint,2,bigm_margin,1.0
20260915_075850,C0+C0p+C3+FLOW+MTC+S11+WARM+PRE+K5+K7+FILT+MD+SEED+SEEDLS,inputs_10x10,midpoint,2,bigm_method,global_sum
20260915_075850,C0+C0p+C3+FLOW+MTC+S11+WARM+PRE+K5+K7+FILT+MD+SEED+SEEDLS,inputs_10x10,midpoint,2,bigm_nodes_in_dp,0
20260915_075850,C0+C0p+C3+FLOW+MTC+S11+WARM+PRE+K5+K7+FILT+MD+SEED+SEEDLS,inputs_10x10,midpoint,2,bigm_dp_completed,False
20260915_075850,C0+C0p+C3+FLOW+MTC+S11+WARM+PRE+K5+K7+FILT+MD+SEED+SEEDLS,inputs_10x10,midpoint,2,M_d,928.6015036075818
20260915_075850,C0+C0p+C3+FLOW+MTC+S11+WARM+PRE+K5+K7+FILT+MD+SEED+SEEDLS,inputs_10x10,midpoint,2,ts_ub,876.256754591494
20260915_075850,C0+C0p+C3+FLOW+MTC+S11+WARM+PRE+K5+K7+FILT+MD+SEED+SEEDLS,inputs_10x10,midpoint,2,te_ub,905.6015036075818
20260915_075850,C0+C0p+C3+FLOW+MTC+S11+WARM+PRE+K5+K7+FILT+MD+SEED+SEEDLS,inputs_10x10,midpoint,2,seed_LB,5225.915664042304
20260915_075850,C0+C0p+C3+FLOW+MTC+S11+WARM+PRE+K5+K7+FILT+MD+SEED+SEEDLS,inputs_10x10,midpoint,2,seed_time_s,120.01476907730103
20260915_075850,C0+C0p+C3+FLOW+MTC+S11+WARM+PRE+K5+K7+FILT+MD+SEED+SEEDLS,inputs_10x10,midpoint,2,seed_source,localsearch
20260915_075850,C0+C0p+C3+FLOW+MTC+S11+WARM+PRE+K5+K7+FILT+MD+SEED+SEEDLS,inputs_10x10,midpoint,2,spcall_INFEASIBLE_PROVEN,1
20260915_075850,C0+C0p+C3+FLOW+MTC+S11+WARM+PRE+K5+K7+FILT+MD+SEED+SEEDLS,inputs_10x10,midpoint,2,spcall_TIME_LIMIT_WITH_INCUMBENT,2
20260915_075850,C0+C0p+C3+FLOW+MTC+S11+WARM+PRE+K5+K7+FILT+MD+SEED+SEEDLS,inputs_10x10,midpoint,2,cut_singleton_infeasible,294
20260915_075850,C0+C0p+C3+FLOW+MTC+S11+WARM+PRE+K5+K7+FILT+MD+SEED+SEEDLS,inputs_10x10,midpoint,2,cut_cell_optimality,25
20260915_075850,C0+C0p+C3+FLOW+MTC+S11+WARM+PRE+K5+K7+FILT+MD+SEED+SEEDLS,inputs_10x10,midpoint,2,cut_conflict_infeasible,1
20260915_075850,C0+C0p+C3+FLOW+MTC+S11+WARM+PRE+K5+K7+FILT+MD+SEED+SEEDLS,inputs_10x10,midpoint,2,cut_propagation,2
20260915_075850,C0+C0p+C3+FLOW+MTC+S11+WARM+PRE+K5+K7+FILT+MD+SEED+SEEDLS,inputs_10x10,midpoint,2,singleton_cache_enabled,1
20260915_075850,C0+C0p+C3+FLOW+MTC+S11+WARM+PRE+K5+K7+FILT+MD+SEED+SEEDLS,inputs_10x10,midpoint,2,single_sp_requests,2595
20260915_075850,C0+C0p+C3+FLOW+MTC+S11+WARM+PRE+K5+K7+FILT+MD+SEED+SEEDLS,inputs_10x10,midpoint,2,single_sp_solves,1740
20260915_075850,C0+C0p+C3+FLOW+MTC+S11+WARM+PRE+K5+K7+FILT+MD+SEED+SEEDLS,inputs_10x10,midpoint,2,single_sp_cache_hits,855
20260915_075850,C0+C0p+C3+FLOW+MTC+S11+WARM+PRE+K5+K7+FILT+MD+SEED+SEEDLS,inputs_10x10,midpoint,2,single_sp_build_time_s,4.894462823867798
20260915_075850,C0+C0p+C3+FLOW+MTC+S11+WARM+PRE+K5+K7+FILT+MD+SEED+SEEDLS,inputs_10x10,midpoint,2,single_sp_solve_time_s,2.7669880390167236
20260915_075850,C0+C0p+C3+FLOW+MTC+S11+WARM+PRE+K5+K7+FILT+MD+SEED+SEEDLS,inputs_10x10,midpoint,2,single_sp_time_s,7.6614508628845215
20260915_075850,C0+C0p+C3+FLOW+MTC+S11+WARM+PRE+K5+K7+FILT+MD+SEED+SEEDLS,inputs_10x10,midpoint,2,cache_lookup_time_s,0.009003539569675922
20260915_075850,C0+C0p+C3+FLOW+MTC+S11+WARM+PRE+K5+K7+FILT+MD+SEED+SEEDLS,inputs_10x10,midpoint,2,est_prevented_solve_time_s,1.4029688835144043
20260915_075850,C0+C0p+C3+FLOW+MTC+S11+WARM+PRE+K5+K7+FILT+MD+SEED+SEEDLS,inputs_10x10,midpoint,2,single_sp_status_FEASIBLE_VERIFIED,1734
20260915_075850,C0+C0p+C3+FLOW+MTC+S11+WARM+PRE+K5+K7+FILT+MD+SEED+SEEDLS,inputs_10x10,midpoint,2,single_sp_status_INFEASIBLE_PROVEN,6
20260915_075850,C0+C0p+C3+FLOW+MTC+S11+WARM+PRE+K5+K7+FILT+MD+SEED+SEEDLS,inputs_10x10,midpoint,2,single_sp_status_UNKNOWN,0
20260915_075850,C0+C0p+C3+FLOW+MTC+S11+WARM+PRE+K5+K7+FILT+MD+SEED+SEEDLS,inputs_10x10,midpoint,2,dup_cuts_prevented,0
20260915_075850,C0+C0p+C3+FLOW+MTC+S11+WARM+PRE+K5+K7+FILT+MD+SEED+SEEDLS,inputs_10x10,midpoint,2,single_sp_distinct,1740
20260915_075850,C0+C0p+C3+FLOW+MTC+S11+WARM+PRE+K5+K7+FILT+MD+SEED+SEEDLS,inputs_10x10,midpoint,2,master_time_s,1596.158097743988
20260915_075850,C0+C0p+C3+FLOW+MTC+S11+WARM+PRE+K5+K7+FILT+MD+SEED+SEEDLS,inputs_10x10,midpoint,2,sp_time_s,15.859643697738647
20260915_075850,C0+C0p+C3+FLOW+MTC+S11+WARM+PRE+K5+K7+FILT+MD+SEED+SEEDLS,inputs_10x10,midpoint,2,master_time_share,0.9901616196335691
20260915_075850,C0+C0p+C3+FLOW+MTC+S11+WARM+PRE+K5+K7+FILT+MD+SEED+SEEDLS,inputs_10x10,midpoint,2,sp_time_share,0.00983838036643095
20260915_075850,C0+C0p+C3+FLOW+MTC+S11+WARM+PRE+K5+K7+FILT+MD+SEED+SEEDLS,inputs_10x10,midpoint,2,t_to_gap_10pct,120.02296781539917
20260915_075850,C0+C0p+C3+FLOW+MTC+S11+WARM+PRE+K5+K7+FILT+MD+SEED+SEEDLS,inputs_10x10,midpoint,2,t_to_gap_5pct,
20260915_075850,C0+C0p+C3+FLOW+MTC+S11+WARM+PRE+K5+K7+FILT+MD+SEED+SEEDLS,inputs_10x10,midpoint,2,t_to_gap_3pct,
20260915_075850,C0+C0p+C3+FLOW+MTC+S11+WARM+PRE+K5+K7+FILT+MD+SEED+SEEDLS,inputs_10x10,midpoint,2,t_to_gap_1pct,
20260915_080924,C0+C0p+C3+FLOW+MTC+S11+WARM+PRE+K5+K7+FILT+MD+SEED+SEEDLS,inputs_11x11,midpoint,2,status,TIME_LIMIT
20260915_080924,C0+C0p+C3+FLOW+MTC+S11+WARM+PRE+K5+K7+FILT+MD+SEED+SEEDLS,inputs_11x11,midpoint,2,LB,6623.333450055562
20260915_080924,C0+C0p+C3+FLOW+MTC+S11+WARM+PRE+K5+K7+FILT+MD+SEED+SEEDLS,inputs_11x11,midpoint,2,UB,7028.531749317357
20260915_080924,C0+C0p+C3+FLOW+MTC+S11+WARM+PRE+K5+K7+FILT+MD+SEED+SEEDLS,inputs_11x11,midpoint,2,gap,0.057650489990480544
20260915_080924,C0+C0p+C3+FLOW+MTC+S11+WARM+PRE+K5+K7+FILT+MD+SEED+SEEDLS,inputs_11x11,midpoint,2,iterations,16
20260915_080924,C0+C0p+C3+FLOW+MTC+S11+WARM+PRE+K5+K7+FILT+MD+SEED+SEEDLS,inputs_11x11,midpoint,2,runtime_s,1800.0052137374878
20260915_080924,C0+C0p+C3+FLOW+MTC+S11+WARM+PRE+K5+K7+FILT+MD+SEED+SEEDLS,inputs_11x11,midpoint,2,wall_s,1800.0099544525146
20260915_080924,C0+C0p+C3+FLOW+MTC+S11+WARM+PRE+K5+K7+FILT+MD+SEED+SEEDLS,inputs_11x11,midpoint,2,n_sp_calls,3
20260915_080924,C0+C0p+C3+FLOW+MTC+S11+WARM+PRE+K5+K7+FILT+MD+SEED+SEEDLS,inputs_11x11,midpoint,2,incumbent_value,6623.333450055562
20260915_080924,C0+C0p+C3+FLOW+MTC+S11+WARM+PRE+K5+K7+FILT+MD+SEED+SEEDLS,inputs_11x11,midpoint,2,certified,0
20260915_080924,C0+C0p+C3+FLOW+MTC+S11+WARM+PRE+K5+K7+FILT+MD+SEED+SEEDLS,inputs_11x11,midpoint,2,n_Nf,111
20260915_080924,C0+C0p+C3+FLOW+MTC+S11+WARM+PRE+K5+K7+FILT+MD+SEED+SEEDLS,inputs_11x11,midpoint,2,n_K,92
20260915_080924,C0+C0p+C3+FLOW+MTC+S11+WARM+PRE+K5+K7+FILT+MD+SEED+SEEDLS,inputs_11x11,midpoint,2,sp_engine,strong_resource
20260915_080924,C0+C0p+C3+FLOW+MTC+S11+WARM+PRE+K5+K7+FILT+MD+SEED+SEEDLS,inputs_11x11,midpoint,2,sp_mip_gap,0.0
20260915_080924,C0+C0p+C3+FLOW+MTC+S11+WARM+PRE+K5+K7+FILT+MD+SEED+SEEDLS,inputs_11x11,midpoint,2,sp_tighten,0
20260915_080924,C0+C0p+C3+FLOW+MTC+S11+WARM+PRE+K5+K7+FILT+MD+SEED+SEEDLS,inputs_11x11,midpoint,2,sp_tight_gap,0.0
20260915_080924,C0+C0p+C3+FLOW+MTC+S11+WARM+PRE+K5+K7+FILT+MD+SEED+SEEDLS,inputs_11x11,midpoint,2,seed_localsearch,1
20260915_080924,C0+C0p+C3+FLOW+MTC+S11+WARM+PRE+K5+K7+FILT+MD+SEED+SEEDLS,inputs_11x11,midpoint,2,seed_budget_s,120.0
20260915_080924,C0+C0p+C3+FLOW+MTC+S11+WARM+PRE+K5+K7+FILT+MD+SEED+SEEDLS,inputs_11x11,midpoint,2,bigm_threshold,18
20260915_080924,C0+C0p+C3+FLOW+MTC+S11+WARM+PRE+K5+K7+FILT+MD+SEED+SEEDLS,inputs_11x11,midpoint,2,bigm_margin,1.0
20260915_080924,C0+C0p+C3+FLOW+MTC+S11+WARM+PRE+K5+K7+FILT+MD+SEED+SEEDLS,inputs_11x11,midpoint,2,bigm_method,global_sum
20260915_080924,C0+C0p+C3+FLOW+MTC+S11+WARM+PRE+K5+K7+FILT+MD+SEED+SEEDLS,inputs_11x11,midpoint,2,bigm_nodes_in_dp,0
20260915_080924,C0+C0p+C3+FLOW+MTC+S11+WARM+PRE+K5+K7+FILT+MD+SEED+SEEDLS,inputs_11x11,midpoint,2,bigm_dp_completed,False
20260915_080924,C0+C0p+C3+FLOW+MTC+S11+WARM+PRE+K5+K7+FILT+MD+SEED+SEEDLS,inputs_11x11,midpoint,2,M_d,1086.4577509947378
20260915_080924,C0+C0p+C3+FLOW+MTC+S11+WARM+PRE+K5+K7+FILT+MD+SEED+SEEDLS,inputs_11x11,midpoint,2,ts_ub,1033.11300197865
20260915_080924,C0+C0p+C3+FLOW+MTC+S11+WARM+PRE+K5+K7+FILT+MD+SEED+SEEDLS,inputs_11x11,midpoint,2,te_ub,1062.4577509947378
20260915_080924,C0+C0p+C3+FLOW+MTC+S11+WARM+PRE+K5+K7+FILT+MD+SEED+SEEDLS,inputs_11x11,midpoint,2,seed_LB,6623.333450055562
20260915_080924,C0+C0p+C3+FLOW+MTC+S11+WARM+PRE+K5+K7+FILT+MD+SEED+SEEDLS,inputs_11x11,midpoint,2,seed_time_s,120.02295136451721
20260915_080924,C0+C0p+C3+FLOW+MTC+S11+WARM+PRE+K5+K7+FILT+MD+SEED+SEEDLS,inputs_11x11,midpoint,2,seed_source,localsearch
20260915_080924,C0+C0p+C3+FLOW+MTC+S11+WARM+PRE+K5+K7+FILT+MD+SEED+SEEDLS,inputs_11x11,midpoint,2,spcall_TIME_LIMIT_WITH_INCUMBENT,3
20260915_080924,C0+C0p+C3+FLOW+MTC+S11+WARM+PRE+K5+K7+FILT+MD+SEED+SEEDLS,inputs_11x11,midpoint,2,cut_singleton_infeasible,79
20260915_080924,C0+C0p+C3+FLOW+MTC+S11+WARM+PRE+K5+K7+FILT+MD+SEED+SEEDLS,inputs_11x11,midpoint,2,cut_cell_optimality,32
20260915_080924,C0+C0p+C3+FLOW+MTC+S11+WARM+PRE+K5+K7+FILT+MD+SEED+SEEDLS,inputs_11x11,midpoint,2,cut_dual_bound,1
20260915_080924,C0+C0p+C3+FLOW+MTC+S11+WARM+PRE+K5+K7+FILT+MD+SEED+SEEDLS,inputs_11x11,midpoint,2,singleton_cache_enabled,1
20260915_080924,C0+C0p+C3+FLOW+MTC+S11+WARM+PRE+K5+K7+FILT+MD+SEED+SEEDLS,inputs_11x11,midpoint,2,single_sp_requests,728
20260915_080924,C0+C0p+C3+FLOW+MTC+S11+WARM+PRE+K5+K7+FILT+MD+SEED+SEEDLS,inputs_11x11,midpoint,2,single_sp_solves,472
20260915_080924,C0+C0p+C3+FLOW+MTC+S11+WARM+PRE+K5+K7+FILT+MD+SEED+SEEDLS,inputs_11x11,midpoint,2,single_sp_cache_hits,256
20260915_080924,C0+C0p+C3+FLOW+MTC+S11+WARM+PRE+K5+K7+FILT+MD+SEED+SEEDLS,inputs_11x11,midpoint,2,single_sp_build_time_s,1.5444979667663574
20260915_080924,C0+C0p+C3+FLOW+MTC+S11+WARM+PRE+K5+K7+FILT+MD+SEED+SEEDLS,inputs_11x11,midpoint,2,single_sp_solve_time_s,0.9467995166778564
20260915_080924,C0+C0p+C3+FLOW+MTC+S11+WARM+PRE+K5+K7+FILT+MD+SEED+SEEDLS,inputs_11x11,midpoint,2,single_sp_time_s,2.491297483444214
20260915_080924,C0+C0p+C3+FLOW+MTC+S11+WARM+PRE+K5+K7+FILT+MD+SEED+SEEDLS,inputs_11x11,midpoint,2,cache_lookup_time_s,0.0022911373525857925
20260915_080924,C0+C0p+C3+FLOW+MTC+S11+WARM+PRE+K5+K7+FILT+MD+SEED+SEEDLS,inputs_11x11,midpoint,2,est_prevented_solve_time_s,0.9841761589050293
20260915_080924,C0+C0p+C3+FLOW+MTC+S11+WARM+PRE+K5+K7+FILT+MD+SEED+SEEDLS,inputs_11x11,midpoint,2,single_sp_status_FEASIBLE_VERIFIED,464
20260915_080924,C0+C0p+C3+FLOW+MTC+S11+WARM+PRE+K5+K7+FILT+MD+SEED+SEEDLS,inputs_11x11,midpoint,2,single_sp_status_INFEASIBLE_PROVEN,8
20260915_080924,C0+C0p+C3+FLOW+MTC+S11+WARM+PRE+K5+K7+FILT+MD+SEED+SEEDLS,inputs_11x11,midpoint,2,single_sp_status_UNKNOWN,0
20260915_080924,C0+C0p+C3+FLOW+MTC+S11+WARM+PRE+K5+K7+FILT+MD+SEED+SEEDLS,inputs_11x11,midpoint,2,dup_cuts_prevented,0
20260915_080924,C0+C0p+C3+FLOW+MTC+S11+WARM+PRE+K5+K7+FILT+MD+SEED+SEEDLS,inputs_11x11,midpoint,2,single_sp_distinct,472
20260915_080924,C0+C0p+C3+FLOW+MTC+S11+WARM+PRE+K5+K7+FILT+MD+SEED+SEEDLS,inputs_11x11,midpoint,2,master_time_s,1377.3377208709717
20260915_080924,C0+C0p+C3+FLOW+MTC+S11+WARM+PRE+K5+K7+FILT+MD+SEED+SEEDLS,inputs_11x11,midpoint,2,sp_time_s,300.00096249580383
20260915_080924,C0+C0p+C3+FLOW+MTC+S11+WARM+PRE+K5+K7+FILT+MD+SEED+SEEDLS,inputs_11x11,midpoint,2,master_time_share,0.8211446707389839
20260915_080924,C0+C0p+C3+FLOW+MTC+S11+WARM+PRE+K5+K7+FILT+MD+SEED+SEEDLS,inputs_11x11,midpoint,2,sp_time_share,0.17885532926101608
20260915_080924,C0+C0p+C3+FLOW+MTC+S11+WARM+PRE+K5+K7+FILT+MD+SEED+SEEDLS,inputs_11x11,midpoint,2,t_to_gap_10pct,120.03194451332092
20260915_080924,C0+C0p+C3+FLOW+MTC+S11+WARM+PRE+K5+K7+FILT+MD+SEED+SEEDLS,inputs_11x11,midpoint,2,t_to_gap_5pct,
20260915_080924,C0+C0p+C3+FLOW+MTC+S11+WARM+PRE+K5+K7+FILT+MD+SEED+SEEDLS,inputs_11x11,midpoint,2,t_to_gap_3pct,
20260915_080924,C0+C0p+C3+FLOW+MTC+S11+WARM+PRE+K5+K7+FILT+MD+SEED+SEEDLS,inputs_11x11,midpoint,2,t_to_gap_1pct,
20260915_080935,C0+C0p+C3+FLOW+MTC+S11+WARM+PRE+K5+K7+FILT+MD+SEED+SEEDLS,inputs_12x12,midpoint,2,status,TIME_LIMIT
20260915_080935,C0+C0p+C3+FLOW+MTC+S11+WARM+PRE+K5+K7+FILT+MD+SEED+SEEDLS,inputs_12x12,midpoint,2,LB,9622.082409018809
20260915_080935,C0+C0p+C3+FLOW+MTC+S11+WARM+PRE+K5+K7+FILT+MD+SEED+SEEDLS,inputs_12x12,midpoint,2,UB,10270.319534367865
20260915_080935,C0+C0p+C3+FLOW+MTC+S11+WARM+PRE+K5+K7+FILT+MD+SEED+SEEDLS,inputs_12x12,midpoint,2,gap,0.06311752260285981
20260915_080935,C0+C0p+C3+FLOW+MTC+S11+WARM+PRE+K5+K7+FILT+MD+SEED+SEEDLS,inputs_12x12,midpoint,2,iterations,8
20260915_080935,C0+C0p+C3+FLOW+MTC+S11+WARM+PRE+K5+K7+FILT+MD+SEED+SEEDLS,inputs_12x12,midpoint,2,runtime_s,1800.0039811134338
20260915_080935,C0+C0p+C3+FLOW+MTC+S11+WARM+PRE+K5+K7+FILT+MD+SEED+SEEDLS,inputs_12x12,midpoint,2,wall_s,1800.0142195224762
20260915_080935,C0+C0p+C3+FLOW+MTC+S11+WARM+PRE+K5+K7+FILT+MD+SEED+SEEDLS,inputs_12x12,midpoint,2,n_sp_calls,3
20260915_080935,C0+C0p+C3+FLOW+MTC+S11+WARM+PRE+K5+K7+FILT+MD+SEED+SEEDLS,inputs_12x12,midpoint,2,incumbent_value,9622.082409018809
20260915_080935,C0+C0p+C3+FLOW+MTC+S11+WARM+PRE+K5+K7+FILT+MD+SEED+SEEDLS,inputs_12x12,midpoint,2,certified,0
20260915_080935,C0+C0p+C3+FLOW+MTC+S11+WARM+PRE+K5+K7+FILT+MD+SEED+SEEDLS,inputs_12x12,midpoint,2,n_Nf,134
20260915_080935,C0+C0p+C3+FLOW+MTC+S11+WARM+PRE+K5+K7+FILT+MD+SEED+SEEDLS,inputs_12x12,midpoint,2,n_K,102
20260915_080935,C0+C0p+C3+FLOW+MTC+S11+WARM+PRE+K5+K7+FILT+MD+SEED+SEEDLS,inputs_12x12,midpoint,2,sp_engine,strong_resource
20260915_080935,C0+C0p+C3+FLOW+MTC+S11+WARM+PRE+K5+K7+FILT+MD+SEED+SEEDLS,inputs_12x12,midpoint,2,sp_mip_gap,0.0
20260915_080935,C0+C0p+C3+FLOW+MTC+S11+WARM+PRE+K5+K7+FILT+MD+SEED+SEEDLS,inputs_12x12,midpoint,2,sp_tighten,0
20260915_080935,C0+C0p+C3+FLOW+MTC+S11+WARM+PRE+K5+K7+FILT+MD+SEED+SEEDLS,inputs_12x12,midpoint,2,sp_tight_gap,0.0
20260915_080935,C0+C0p+C3+FLOW+MTC+S11+WARM+PRE+K5+K7+FILT+MD+SEED+SEEDLS,inputs_12x12,midpoint,2,seed_localsearch,1
20260915_080935,C0+C0p+C3+FLOW+MTC+S11+WARM+PRE+K5+K7+FILT+MD+SEED+SEEDLS,inputs_12x12,midpoint,2,seed_budget_s,120.0
20260915_080935,C0+C0p+C3+FLOW+MTC+S11+WARM+PRE+K5+K7+FILT+MD+SEED+SEEDLS,inputs_12x12,midpoint,2,bigm_threshold,18
20260915_080935,C0+C0p+C3+FLOW+MTC+S11+WARM+PRE+K5+K7+FILT+MD+SEED+SEEDLS,inputs_12x12,midpoint,2,bigm_margin,1.0
20260915_080935,C0+C0p+C3+FLOW+MTC+S11+WARM+PRE+K5+K7+FILT+MD+SEED+SEEDLS,inputs_12x12,midpoint,2,bigm_method,global_sum
20260915_080935,C0+C0p+C3+FLOW+MTC+S11+WARM+PRE+K5+K7+FILT+MD+SEED+SEEDLS,inputs_12x12,midpoint,2,bigm_nodes_in_dp,0
20260915_080935,C0+C0p+C3+FLOW+MTC+S11+WARM+PRE+K5+K7+FILT+MD+SEED+SEEDLS,inputs_12x12,midpoint,2,bigm_dp_completed,False
20260915_080935,C0+C0p+C3+FLOW+MTC+S11+WARM+PRE+K5+K7+FILT+MD+SEED+SEEDLS,inputs_12x12,midpoint,2,M_d,1398.372736774622
20260915_080935,C0+C0p+C3+FLOW+MTC+S11+WARM+PRE+K5+K7+FILT+MD+SEED+SEEDLS,inputs_12x12,midpoint,2,ts_ub,1344.027987758534
20260915_080935,C0+C0p+C3+FLOW+MTC+S11+WARM+PRE+K5+K7+FILT+MD+SEED+SEEDLS,inputs_12x12,midpoint,2,te_ub,1373.372736774622
20260915_080935,C0+C0p+C3+FLOW+MTC+S11+WARM+PRE+K5+K7+FILT+MD+SEED+SEEDLS,inputs_12x12,midpoint,2,seed_LB,9622.082409018809
20260915_080935,C0+C0p+C3+FLOW+MTC+S11+WARM+PRE+K5+K7+FILT+MD+SEED+SEEDLS,inputs_12x12,midpoint,2,seed_time_s,120.02764439582825
20260915_080935,C0+C0p+C3+FLOW+MTC+S11+WARM+PRE+K5+K7+FILT+MD+SEED+SEEDLS,inputs_12x12,midpoint,2,seed_source,localsearch
20260915_080935,C0+C0p+C3+FLOW+MTC+S11+WARM+PRE+K5+K7+FILT+MD+SEED+SEEDLS,inputs_12x12,midpoint,2,spcall_INFEASIBLE_PROVEN,1
20260915_080935,C0+C0p+C3+FLOW+MTC+S11+WARM+PRE+K5+K7+FILT+MD+SEED+SEEDLS,inputs_12x12,midpoint,2,spcall_TIME_LIMIT_WITH_INCUMBENT,2
20260915_080935,C0+C0p+C3+FLOW+MTC+S11+WARM+PRE+K5+K7+FILT+MD+SEED+SEEDLS,inputs_12x12,midpoint,2,cut_singleton_infeasible,42
20260915_080935,C0+C0p+C3+FLOW+MTC+S11+WARM+PRE+K5+K7+FILT+MD+SEED+SEEDLS,inputs_12x12,midpoint,2,cut_cell_optimality,31
20260915_080935,C0+C0p+C3+FLOW+MTC+S11+WARM+PRE+K5+K7+FILT+MD+SEED+SEEDLS,inputs_12x12,midpoint,2,cut_conflict_infeasible,1
20260915_080935,C0+C0p+C3+FLOW+MTC+S11+WARM+PRE+K5+K7+FILT+MD+SEED+SEEDLS,inputs_12x12,midpoint,2,singleton_cache_enabled,1
20260915_080935,C0+C0p+C3+FLOW+MTC+S11+WARM+PRE+K5+K7+FILT+MD+SEED+SEEDLS,inputs_12x12,midpoint,2,single_sp_requests,370
20260915_080935,C0+C0p+C3+FLOW+MTC+S11+WARM+PRE+K5+K7+FILT+MD+SEED+SEEDLS,inputs_12x12,midpoint,2,single_sp_solves,286
20260915_080935,C0+C0p+C3+FLOW+MTC+S11+WARM+PRE+K5+K7+FILT+MD+SEED+SEEDLS,inputs_12x12,midpoint,2,single_sp_cache_hits,84
20260915_080935,C0+C0p+C3+FLOW+MTC+S11+WARM+PRE+K5+K7+FILT+MD+SEED+SEEDLS,inputs_12x12,midpoint,2,single_sp_build_time_s,1.0416591167449951
20260915_080935,C0+C0p+C3+FLOW+MTC+S11+WARM+PRE+K5+K7+FILT+MD+SEED+SEEDLS,inputs_12x12,midpoint,2,single_sp_solve_time_s,0.8631601333618164
20260915_080935,C0+C0p+C3+FLOW+MTC+S11+WARM+PRE+K5+K7+FILT+MD+SEED+SEEDLS,inputs_12x12,midpoint,2,single_sp_time_s,1.9048192501068115
20260915_080935,C0+C0p+C3+FLOW+MTC+S11+WARM+PRE+K5+K7+FILT+MD+SEED+SEEDLS,inputs_12x12,midpoint,2,cache_lookup_time_s,0.0013477783650159836
20260915_080935,C0+C0p+C3+FLOW+MTC+S11+WARM+PRE+K5+K7+FILT+MD+SEED+SEEDLS,inputs_12x12,midpoint,2,est_prevented_solve_time_s,0.3713655471801758
20260915_080935,C0+C0p+C3+FLOW+MTC+S11+WARM+PRE+K5+K7+FILT+MD+SEED+SEEDLS,inputs_12x12,midpoint,2,single_sp_status_FEASIBLE_VERIFIED,279
20260915_080935,C0+C0p+C3+FLOW+MTC+S11+WARM+PRE+K5+K7+FILT+MD+SEED+SEEDLS,inputs_12x12,midpoint,2,single_sp_status_INFEASIBLE_PROVEN,7
20260915_080935,C0+C0p+C3+FLOW+MTC+S11+WARM+PRE+K5+K7+FILT+MD+SEED+SEEDLS,inputs_12x12,midpoint,2,single_sp_status_UNKNOWN,0
20260915_080935,C0+C0p+C3+FLOW+MTC+S11+WARM+PRE+K5+K7+FILT+MD+SEED+SEEDLS,inputs_12x12,midpoint,2,dup_cuts_prevented,0
20260915_080935,C0+C0p+C3+FLOW+MTC+S11+WARM+PRE+K5+K7+FILT+MD+SEED+SEEDLS,inputs_12x12,midpoint,2,single_sp_distinct,286
20260915_080935,C0+C0p+C3+FLOW+MTC+S11+WARM+PRE+K5+K7+FILT+MD+SEED+SEEDLS,inputs_12x12,midpoint,2,master_time_s,1617.7522790431976
20260915_080935,C0+C0p+C3+FLOW+MTC+S11+WARM+PRE+K5+K7+FILT+MD+SEED+SEEDLS,inputs_12x12,midpoint,2,sp_time_s,0.1533362865447998
20260915_080935,C0+C0p+C3+FLOW+MTC+S11+WARM+PRE+K5+K7+FILT+MD+SEED+SEEDLS,inputs_12x12,midpoint,2,master_time_share,0.9999052254438752
20260915_080935,C0+C0p+C3+FLOW+MTC+S11+WARM+PRE+K5+K7+FILT+MD+SEED+SEEDLS,inputs_12x12,midpoint,2,sp_time_share,9.477455612486308e-05
20260915_080935,C0+C0p+C3+FLOW+MTC+S11+WARM+PRE+K5+K7+FILT+MD+SEED+SEEDLS,inputs_12x12,midpoint,2,t_to_gap_10pct,120.04074192047119
20260915_080935,C0+C0p+C3+FLOW+MTC+S11+WARM+PRE+K5+K7+FILT+MD+SEED+SEEDLS,inputs_12x12,midpoint,2,t_to_gap_5pct,
20260915_080935,C0+C0p+C3+FLOW+MTC+S11+WARM+PRE+K5+K7+FILT+MD+SEED+SEEDLS,inputs_12x12,midpoint,2,t_to_gap_3pct,
20260915_080935,C0+C0p+C3+FLOW+MTC+S11+WARM+PRE+K5+K7+FILT+MD+SEED+SEEDLS,inputs_12x12,midpoint,2,t_to_gap_1pct,
20260915_081555,C0+C0p+C3+FLOW+MTC+S11+WARM+PRE+K5+K7+FILT+MD+SEED+SEEDLS,inputs_9x9_v57,midpoint,2,status,TIME_LIMIT
20260915_081555,C0+C0p+C3+FLOW+MTC+S11+WARM+PRE+K5+K7+FILT+MD+SEED+SEEDLS,inputs_9x9_v57,midpoint,2,LB,1800.079507619138
20260915_081555,C0+C0p+C3+FLOW+MTC+S11+WARM+PRE+K5+K7+FILT+MD+SEED+SEEDLS,inputs_9x9_v57,midpoint,2,UB,4432.17263907184
20260915_081555,C0+C0p+C3+FLOW+MTC+S11+WARM+PRE+K5+K7+FILT+MD+SEED+SEEDLS,inputs_9x9_v57,midpoint,2,gap,0.5938606967268089
20260915_081555,C0+C0p+C3+FLOW+MTC+S11+WARM+PRE+K5+K7+FILT+MD+SEED+SEEDLS,inputs_9x9_v57,midpoint,2,iterations,85
20260915_081555,C0+C0p+C3+FLOW+MTC+S11+WARM+PRE+K5+K7+FILT+MD+SEED+SEEDLS,inputs_9x9_v57,midpoint,2,runtime_s,1800.0015456676483
20260915_081555,C0+C0p+C3+FLOW+MTC+S11+WARM+PRE+K5+K7+FILT+MD+SEED+SEEDLS,inputs_9x9_v57,midpoint,2,wall_s,1800.0046463012695
20260915_081555,C0+C0p+C3+FLOW+MTC+S11+WARM+PRE+K5+K7+FILT+MD+SEED+SEEDLS,inputs_9x9_v57,midpoint,2,n_sp_calls,1
20260915_081555,C0+C0p+C3+FLOW+MTC+S11+WARM+PRE+K5+K7+FILT+MD+SEED+SEEDLS,inputs_9x9_v57,midpoint,2,incumbent_value,1800.079507619138
20260915_081555,C0+C0p+C3+FLOW+MTC+S11+WARM+PRE+K5+K7+FILT+MD+SEED+SEEDLS,inputs_9x9_v57,midpoint,2,certified,0
20260915_081555,C0+C0p+C3+FLOW+MTC+S11+WARM+PRE+K5+K7+FILT+MD+SEED+SEEDLS,inputs_9x9_v57,midpoint,2,n_Nf,75
20260915_081555,C0+C0p+C3+FLOW+MTC+S11+WARM+PRE+K5+K7+FILT+MD+SEED+SEEDLS,inputs_9x9_v57,midpoint,2,n_K,57
20260915_081555,C0+C0p+C3+FLOW+MTC+S11+WARM+PRE+K5+K7+FILT+MD+SEED+SEEDLS,inputs_9x9_v57,midpoint,2,sp_engine,strong_resource
20260915_081555,C0+C0p+C3+FLOW+MTC+S11+WARM+PRE+K5+K7+FILT+MD+SEED+SEEDLS,inputs_9x9_v57,midpoint,2,sp_mip_gap,0.0
20260915_081555,C0+C0p+C3+FLOW+MTC+S11+WARM+PRE+K5+K7+FILT+MD+SEED+SEEDLS,inputs_9x9_v57,midpoint,2,sp_tighten,0
20260915_081555,C0+C0p+C3+FLOW+MTC+S11+WARM+PRE+K5+K7+FILT+MD+SEED+SEEDLS,inputs_9x9_v57,midpoint,2,sp_tight_gap,0.0
20260915_081555,C0+C0p+C3+FLOW+MTC+S11+WARM+PRE+K5+K7+FILT+MD+SEED+SEEDLS,inputs_9x9_v57,midpoint,2,seed_localsearch,1
20260915_081555,C0+C0p+C3+FLOW+MTC+S11+WARM+PRE+K5+K7+FILT+MD+SEED+SEEDLS,inputs_9x9_v57,midpoint,2,seed_budget_s,120.0
20260915_081555,C0+C0p+C3+FLOW+MTC+S11+WARM+PRE+K5+K7+FILT+MD+SEED+SEEDLS,inputs_9x9_v57,midpoint,2,bigm_threshold,18
20260915_081555,C0+C0p+C3+FLOW+MTC+S11+WARM+PRE+K5+K7+FILT+MD+SEED+SEEDLS,inputs_9x9_v57,midpoint,2,bigm_margin,1.0
20260915_081555,C0+C0p+C3+FLOW+MTC+S11+WARM+PRE+K5+K7+FILT+MD+SEED+SEEDLS,inputs_9x9_v57,midpoint,2,bigm_method,global_sum
20260915_081555,C0+C0p+C3+FLOW+MTC+S11+WARM+PRE+K5+K7+FILT+MD+SEED+SEEDLS,inputs_9x9_v57,midpoint,2,bigm_nodes_in_dp,0
20260915_081555,C0+C0p+C3+FLOW+MTC+S11+WARM+PRE+K5+K7+FILT+MD+SEED+SEEDLS,inputs_9x9_v57,midpoint,2,bigm_dp_completed,False
20260915_081555,C0+C0p+C3+FLOW+MTC+S11+WARM+PRE+K5+K7+FILT+MD+SEED+SEEDLS,inputs_9x9_v57,midpoint,2,M_d,504.502085034314
20260915_081555,C0+C0p+C3+FLOW+MTC+S11+WARM+PRE+K5+K7+FILT+MD+SEED+SEEDLS,inputs_9x9_v57,midpoint,2,ts_ub,455.1573360182262
20260915_081555,C0+C0p+C3+FLOW+MTC+S11+WARM+PRE+K5+K7+FILT+MD+SEED+SEEDLS,inputs_9x9_v57,midpoint,2,te_ub,484.502085034314
20260915_081555,C0+C0p+C3+FLOW+MTC+S11+WARM+PRE+K5+K7+FILT+MD+SEED+SEEDLS,inputs_9x9_v57,midpoint,2,seed_LB,1800.079507619138
20260915_081555,C0+C0p+C3+FLOW+MTC+S11+WARM+PRE+K5+K7+FILT+MD+SEED+SEEDLS,inputs_9x9_v57,midpoint,2,seed_time_s,120.01618432998657
20260915_081555,C0+C0p+C3+FLOW+MTC+S11+WARM+PRE+K5+K7+FILT+MD+SEED+SEEDLS,inputs_9x9_v57,midpoint,2,seed_source,localsearch
20260915_081555,C0+C0p+C3+FLOW+MTC+S11+WARM+PRE+K5+K7+FILT+MD+SEED+SEEDLS,inputs_9x9_v57,midpoint,2,spcall_TIME_LIMIT_WITH_INCUMBENT,1
20260915_081555,C0+C0p+C3+FLOW+MTC+S11+WARM+PRE+K5+K7+FILT+MD+SEED+SEEDLS,inputs_9x9_v57,midpoint,2,cut_singleton_infeasible,551
20260915_081555,C0+C0p+C3+FLOW+MTC+S11+WARM+PRE+K5+K7+FILT+MD+SEED+SEEDLS,inputs_9x9_v57,midpoint,2,singleton_cache_enabled,1
20260915_081555,C0+C0p+C3+FLOW+MTC+S11+WARM+PRE+K5+K7+FILT+MD+SEED+SEEDLS,inputs_9x9_v57,midpoint,2,single_sp_requests,3388
20260915_081555,C0+C0p+C3+FLOW+MTC+S11+WARM+PRE+K5+K7+FILT+MD+SEED+SEEDLS,inputs_9x9_v57,midpoint,2,single_sp_solves,1193
20260915_081555,C0+C0p+C3+FLOW+MTC+S11+WARM+PRE+K5+K7+FILT+MD+SEED+SEEDLS,inputs_9x9_v57,midpoint,2,single_sp_cache_hits,2195
20260915_081555,C0+C0p+C3+FLOW+MTC+S11+WARM+PRE+K5+K7+FILT+MD+SEED+SEEDLS,inputs_9x9_v57,midpoint,2,single_sp_build_time_s,2.559494972229004
20260915_081555,C0+C0p+C3+FLOW+MTC+S11+WARM+PRE+K5+K7+FILT+MD+SEED+SEEDLS,inputs_9x9_v57,midpoint,2,single_sp_solve_time_s,2.976637601852417
20260915_081555,C0+C0p+C3+FLOW+MTC+S11+WARM+PRE+K5+K7+FILT+MD+SEED+SEEDLS,inputs_9x9_v57,midpoint,2,single_sp_time_s,5.536132574081421
20260915_081555,C0+C0p+C3+FLOW+MTC+S11+WARM+PRE+K5+K7+FILT+MD+SEED+SEEDLS,inputs_9x9_v57,midpoint,2,cache_lookup_time_s,0.008598378859460354
20260915_081555,C0+C0p+C3+FLOW+MTC+S11+WARM+PRE+K5+K7+FILT+MD+SEED+SEEDLS,inputs_9x9_v57,midpoint,2,est_prevented_solve_time_s,12.060720920562744
20260915_081555,C0+C0p+C3+FLOW+MTC+S11+WARM+PRE+K5+K7+FILT+MD+SEED+SEEDLS,inputs_9x9_v57,midpoint,2,single_sp_status_FEASIBLE_VERIFIED,1064
20260915_081555,C0+C0p+C3+FLOW+MTC+S11+WARM+PRE+K5+K7+FILT+MD+SEED+SEEDLS,inputs_9x9_v57,midpoint,2,single_sp_status_INFEASIBLE_PROVEN,129
20260915_081555,C0+C0p+C3+FLOW+MTC+S11+WARM+PRE+K5+K7+FILT+MD+SEED+SEEDLS,inputs_9x9_v57,midpoint,2,single_sp_status_UNKNOWN,0
20260915_081555,C0+C0p+C3+FLOW+MTC+S11+WARM+PRE+K5+K7+FILT+MD+SEED+SEEDLS,inputs_9x9_v57,midpoint,2,dup_cuts_prevented,0
20260915_081555,C0+C0p+C3+FLOW+MTC+S11+WARM+PRE+K5+K7+FILT+MD+SEED+SEEDLS,inputs_9x9_v57,midpoint,2,single_sp_distinct,1193
20260915_081555,C0+C0p+C3+FLOW+MTC+S11+WARM+PRE+K5+K7+FILT+MD+SEED+SEEDLS,inputs_9x9_v57,midpoint,2,master_time_s,1674.2905223369598
20260915_081555,C0+C0p+C3+FLOW+MTC+S11+WARM+PRE+K5+K7+FILT+MD+SEED+SEEDLS,inputs_9x9_v57,midpoint,2,sp_time_s,0.0
20260915_081555,C0+C0p+C3+FLOW+MTC+S11+WARM+PRE+K5+K7+FILT+MD+SEED+SEEDLS,inputs_9x9_v57,midpoint,2,master_time_share,1.0
20260915_081555,C0+C0p+C3+FLOW+MTC+S11+WARM+PRE+K5+K7+FILT+MD+SEED+SEEDLS,inputs_9x9_v57,midpoint,2,sp_time_share,0.0
20260915_081555,C0+C0p+C3+FLOW+MTC+S11+WARM+PRE+K5+K7+FILT+MD+SEED+SEEDLS,inputs_9x9_v57,midpoint,2,t_to_gap_10pct,
20260915_081555,C0+C0p+C3+FLOW+MTC+S11+WARM+PRE+K5+K7+FILT+MD+SEED+SEEDLS,inputs_9x9_v57,midpoint,2,t_to_gap_5pct,
20260915_081555,C0+C0p+C3+FLOW+MTC+S11+WARM+PRE+K5+K7+FILT+MD+SEED+SEEDLS,inputs_9x9_v57,midpoint,2,t_to_gap_3pct,
20260915_081555,C0+C0p+C3+FLOW+MTC+S11+WARM+PRE+K5+K7+FILT+MD+SEED+SEEDLS,inputs_9x9_v57,midpoint,2,t_to_gap_1pct,
20260915_082351,C0+C0p+C3+FLOW+MTC+S11+WARM+PRE+K5+K7+FILT+MD+SEED+SEEDLS,inputs_9x9_v114,midpoint,2,status,TIME_LIMIT
20260915_082351,C0+C0p+C3+FLOW+MTC+S11+WARM+PRE+K5+K7+FILT+MD+SEED+SEEDLS,inputs_9x9_v114,midpoint,2,LB,2463.094152101707
20260915_082351,C0+C0p+C3+FLOW+MTC+S11+WARM+PRE+K5+K7+FILT+MD+SEED+SEEDLS,inputs_9x9_v114,midpoint,2,UB,4463.121447288205
20260915_082351,C0+C0p+C3+FLOW+MTC+S11+WARM+PRE+K5+K7+FILT+MD+SEED+SEEDLS,inputs_9x9_v114,midpoint,2,gap,0.4481229827168865
20260915_082351,C0+C0p+C3+FLOW+MTC+S11+WARM+PRE+K5+K7+FILT+MD+SEED+SEEDLS,inputs_9x9_v114,midpoint,2,iterations,276
20260915_082351,C0+C0p+C3+FLOW+MTC+S11+WARM+PRE+K5+K7+FILT+MD+SEED+SEEDLS,inputs_9x9_v114,midpoint,2,runtime_s,1800.001378774643
20260915_082351,C0+C0p+C3+FLOW+MTC+S11+WARM+PRE+K5+K7+FILT+MD+SEED+SEEDLS,inputs_9x9_v114,midpoint,2,wall_s,1800.0042071342468
20260915_082351,C0+C0p+C3+FLOW+MTC+S11+WARM+PRE+K5+K7+FILT+MD+SEED+SEEDLS,inputs_9x9_v114,midpoint,2,n_sp_calls,2
20260915_082351,C0+C0p+C3+FLOW+MTC+S11+WARM+PRE+K5+K7+FILT+MD+SEED+SEEDLS,inputs_9x9_v114,midpoint,2,incumbent_value,2463.094152101707
20260915_082351,C0+C0p+C3+FLOW+MTC+S11+WARM+PRE+K5+K7+FILT+MD+SEED+SEEDLS,inputs_9x9_v114,midpoint,2,certified,0
20260915_082351,C0+C0p+C3+FLOW+MTC+S11+WARM+PRE+K5+K7+FILT+MD+SEED+SEEDLS,inputs_9x9_v114,midpoint,2,n_Nf,75
20260915_082351,C0+C0p+C3+FLOW+MTC+S11+WARM+PRE+K5+K7+FILT+MD+SEED+SEEDLS,inputs_9x9_v114,midpoint,2,n_K,114
20260915_082351,C0+C0p+C3+FLOW+MTC+S11+WARM+PRE+K5+K7+FILT+MD+SEED+SEEDLS,inputs_9x9_v114,midpoint,2,sp_engine,strong_resource
20260915_082351,C0+C0p+C3+FLOW+MTC+S11+WARM+PRE+K5+K7+FILT+MD+SEED+SEEDLS,inputs_9x9_v114,midpoint,2,sp_mip_gap,0.0
20260915_082351,C0+C0p+C3+FLOW+MTC+S11+WARM+PRE+K5+K7+FILT+MD+SEED+SEEDLS,inputs_9x9_v114,midpoint,2,sp_tighten,0
20260915_082351,C0+C0p+C3+FLOW+MTC+S11+WARM+PRE+K5+K7+FILT+MD+SEED+SEEDLS,inputs_9x9_v114,midpoint,2,sp_tight_gap,0.0
20260915_082351,C0+C0p+C3+FLOW+MTC+S11+WARM+PRE+K5+K7+FILT+MD+SEED+SEEDLS,inputs_9x9_v114,midpoint,2,seed_localsearch,1
20260915_082351,C0+C0p+C3+FLOW+MTC+S11+WARM+PRE+K5+K7+FILT+MD+SEED+SEEDLS,inputs_9x9_v114,midpoint,2,seed_budget_s,120.0
20260915_082351,C0+C0p+C3+FLOW+MTC+S11+WARM+PRE+K5+K7+FILT+MD+SEED+SEEDLS,inputs_9x9_v114,midpoint,2,bigm_threshold,18
20260915_082351,C0+C0p+C3+FLOW+MTC+S11+WARM+PRE+K5+K7+FILT+MD+SEED+SEEDLS,inputs_9x9_v114,midpoint,2,bigm_margin,1.0
20260915_082351,C0+C0p+C3+FLOW+MTC+S11+WARM+PRE+K5+K7+FILT+MD+SEED+SEEDLS,inputs_9x9_v114,midpoint,2,bigm_method,global_sum
20260915_082351,C0+C0p+C3+FLOW+MTC+S11+WARM+PRE+K5+K7+FILT+MD+SEED+SEEDLS,inputs_9x9_v114,midpoint,2,bigm_nodes_in_dp,0
20260915_082351,C0+C0p+C3+FLOW+MTC+S11+WARM+PRE+K5+K7+FILT+MD+SEED+SEEDLS,inputs_9x9_v114,midpoint,2,bigm_dp_completed,False
20260915_082351,C0+C0p+C3+FLOW+MTC+S11+WARM+PRE+K5+K7+FILT+MD+SEED+SEEDLS,inputs_9x9_v114,midpoint,2,M_d,504.502085034314
20260915_082351,C0+C0p+C3+FLOW+MTC+S11+WARM+PRE+K5+K7+FILT+MD+SEED+SEEDLS,inputs_9x9_v114,midpoint,2,ts_ub,455.1573360182262
20260915_082351,C0+C0p+C3+FLOW+MTC+S11+WARM+PRE+K5+K7+FILT+MD+SEED+SEEDLS,inputs_9x9_v114,midpoint,2,te_ub,484.502085034314
20260915_082351,C0+C0p+C3+FLOW+MTC+S11+WARM+PRE+K5+K7+FILT+MD+SEED+SEEDLS,inputs_9x9_v114,midpoint,2,seed_LB,2463.094152101707
20260915_082351,C0+C0p+C3+FLOW+MTC+S11+WARM+PRE+K5+K7+FILT+MD+SEED+SEEDLS,inputs_9x9_v114,midpoint,2,seed_time_s,120.0342583656311
20260915_082351,C0+C0p+C3+FLOW+MTC+S11+WARM+PRE+K5+K7+FILT+MD+SEED+SEEDLS,inputs_9x9_v114,midpoint,2,seed_source,localsearch
20260915_082351,C0+C0p+C3+FLOW+MTC+S11+WARM+PRE+K5+K7+FILT+MD+SEED+SEEDLS,inputs_9x9_v114,midpoint,2,spcall_INFEASIBLE_PROVEN,1
20260915_082351,C0+C0p+C3+FLOW+MTC+S11+WARM+PRE+K5+K7+FILT+MD+SEED+SEEDLS,inputs_9x9_v114,midpoint,2,spcall_TIME_LIMIT_WITH_INCUMBENT,1
20260915_082351,C0+C0p+C3+FLOW+MTC+S11+WARM+PRE+K5+K7+FILT+MD+SEED+SEEDLS,inputs_9x9_v114,midpoint,2,cut_singleton_infeasible,302
20260915_082351,C0+C0p+C3+FLOW+MTC+S11+WARM+PRE+K5+K7+FILT+MD+SEED+SEEDLS,inputs_9x9_v114,midpoint,2,cut_cell_optimality,18
20260915_082351,C0+C0p+C3+FLOW+MTC+S11+WARM+PRE+K5+K7+FILT+MD+SEED+SEEDLS,inputs_9x9_v114,midpoint,2,cut_conflict_infeasible,1
20260915_082351,C0+C0p+C3+FLOW+MTC+S11+WARM+PRE+K5+K7+FILT+MD+SEED+SEEDLS,inputs_9x9_v114,midpoint,2,singleton_cache_enabled,1
20260915_082351,C0+C0p+C3+FLOW+MTC+S11+WARM+PRE+K5+K7+FILT+MD+SEED+SEEDLS,inputs_9x9_v114,midpoint,2,single_sp_requests,10453
20260915_082351,C0+C0p+C3+FLOW+MTC+S11+WARM+PRE+K5+K7+FILT+MD+SEED+SEEDLS,inputs_9x9_v114,midpoint,2,single_sp_solves,1148
20260915_082351,C0+C0p+C3+FLOW+MTC+S11+WARM+PRE+K5+K7+FILT+MD+SEED+SEEDLS,inputs_9x9_v114,midpoint,2,single_sp_cache_hits,9305
20260915_082351,C0+C0p+C3+FLOW+MTC+S11+WARM+PRE+K5+K7+FILT+MD+SEED+SEEDLS,inputs_9x9_v114,midpoint,2,single_sp_build_time_s,5.086817502975464
20260915_082351,C0+C0p+C3+FLOW+MTC+S11+WARM+PRE+K5+K7+FILT+MD+SEED+SEEDLS,inputs_9x9_v114,midpoint,2,single_sp_solve_time_s,6.221327781677246
20260915_082351,C0+C0p+C3+FLOW+MTC+S11+WARM+PRE+K5+K7+FILT+MD+SEED+SEEDLS,inputs_9x9_v114,midpoint,2,single_sp_time_s,11.30814528465271
20260915_082351,C0+C0p+C3+FLOW+MTC+S11+WARM+PRE+K5+K7+FILT+MD+SEED+SEEDLS,inputs_9x9_v114,midpoint,2,cache_lookup_time_s,0.019510038197040558
20260915_082351,C0+C0p+C3+FLOW+MTC+S11+WARM+PRE+K5+K7+FILT+MD+SEED+SEEDLS,inputs_9x9_v114,midpoint,2,est_prevented_solve_time_s,68.3790955543518
20260915_082351,C0+C0p+C3+FLOW+MTC+S11+WARM+PRE+K5+K7+FILT+MD+SEED+SEEDLS,inputs_9x9_v114,midpoint,2,single_sp_status_FEASIBLE_VERIFIED,1143
20260915_082351,C0+C0p+C3+FLOW+MTC+S11+WARM+PRE+K5+K7+FILT+MD+SEED+SEEDLS,inputs_9x9_v114,midpoint,2,single_sp_status_INFEASIBLE_PROVEN,5
20260915_082351,C0+C0p+C3+FLOW+MTC+S11+WARM+PRE+K5+K7+FILT+MD+SEED+SEEDLS,inputs_9x9_v114,midpoint,2,single_sp_status_UNKNOWN,0
20260915_082351,C0+C0p+C3+FLOW+MTC+S11+WARM+PRE+K5+K7+FILT+MD+SEED+SEEDLS,inputs_9x9_v114,midpoint,2,dup_cuts_prevented,0
20260915_082351,C0+C0p+C3+FLOW+MTC+S11+WARM+PRE+K5+K7+FILT+MD+SEED+SEEDLS,inputs_9x9_v114,midpoint,2,single_sp_distinct,1148
20260915_082351,C0+C0p+C3+FLOW+MTC+S11+WARM+PRE+K5+K7+FILT+MD+SEED+SEEDLS,inputs_9x9_v114,midpoint,2,master_time_s,1665.8774666786194
20260915_082351,C0+C0p+C3+FLOW+MTC+S11+WARM+PRE+K5+K7+FILT+MD+SEED+SEEDLS,inputs_9x9_v114,midpoint,2,sp_time_s,0.07261419296264648
20260915_082351,C0+C0p+C3+FLOW+MTC+S11+WARM+PRE+K5+K7+FILT+MD+SEED+SEEDLS,inputs_9x9_v114,midpoint,2,master_time_share,0.9999564127438172
20260915_082351,C0+C0p+C3+FLOW+MTC+S11+WARM+PRE+K5+K7+FILT+MD+SEED+SEEDLS,inputs_9x9_v114,midpoint,2,sp_time_share,4.358725618276426e-05
20260915_082351,C0+C0p+C3+FLOW+MTC+S11+WARM+PRE+K5+K7+FILT+MD+SEED+SEEDLS,inputs_9x9_v114,midpoint,2,t_to_gap_10pct,
20260915_082351,C0+C0p+C3+FLOW+MTC+S11+WARM+PRE+K5+K7+FILT+MD+SEED+SEEDLS,inputs_9x9_v114,midpoint,2,t_to_gap_5pct,
20260915_082351,C0+C0p+C3+FLOW+MTC+S11+WARM+PRE+K5+K7+FILT+MD+SEED+SEEDLS,inputs_9x9_v114,midpoint,2,t_to_gap_3pct,
20260915_082351,C0+C0p+C3+FLOW+MTC+S11+WARM+PRE+K5+K7+FILT+MD+SEED+SEEDLS,inputs_9x9_v114,midpoint,2,t_to_gap_1pct,
20260915_082851,C0+C0p+C3+FLOW+MTC+S11+WARM+PRE+K5+K7+FILT+MD+SEED+SEEDLS,inputs_9x9_v209,midpoint,2,status,TIME_LIMIT
20260915_082851,C0+C0p+C3+FLOW+MTC+S11+WARM+PRE+K5+K7+FILT+MD+SEED+SEEDLS,inputs_9x9_v209,midpoint,2,LB,2566.150543874171
20260915_082851,C0+C0p+C3+FLOW+MTC+S11+WARM+PRE+K5+K7+FILT+MD+SEED+SEEDLS,inputs_9x9_v209,midpoint,2,UB,4488.670416854294
20260915_082851,C0+C0p+C3+FLOW+MTC+S11+WARM+PRE+K5+K7+FILT+MD+SEED+SEEDLS,inputs_9x9_v209,midpoint,2,gap,0.42830497551376123
20260915_082851,C0+C0p+C3+FLOW+MTC+S11+WARM+PRE+K5+K7+FILT+MD+SEED+SEEDLS,inputs_9x9_v209,midpoint,2,iterations,268
20260915_082851,C0+C0p+C3+FLOW+MTC+S11+WARM+PRE+K5+K7+FILT+MD+SEED+SEEDLS,inputs_9x9_v209,midpoint,2,runtime_s,1800.0015621185303
20260915_082851,C0+C0p+C3+FLOW+MTC+S11+WARM+PRE+K5+K7+FILT+MD+SEED+SEEDLS,inputs_9x9_v209,midpoint,2,wall_s,1800.0057475566864
20260915_082851,C0+C0p+C3+FLOW+MTC+S11+WARM+PRE+K5+K7+FILT+MD+SEED+SEEDLS,inputs_9x9_v209,midpoint,2,n_sp_calls,2
20260915_082851,C0+C0p+C3+FLOW+MTC+S11+WARM+PRE+K5+K7+FILT+MD+SEED+SEEDLS,inputs_9x9_v209,midpoint,2,incumbent_value,2566.150543874171
20260915_082851,C0+C0p+C3+FLOW+MTC+S11+WARM+PRE+K5+K7+FILT+MD+SEED+SEEDLS,inputs_9x9_v209,midpoint,2,certified,0
20260915_082851,C0+C0p+C3+FLOW+MTC+S11+WARM+PRE+K5+K7+FILT+MD+SEED+SEEDLS,inputs_9x9_v209,midpoint,2,n_Nf,75
20260915_082851,C0+C0p+C3+FLOW+MTC+S11+WARM+PRE+K5+K7+FILT+MD+SEED+SEEDLS,inputs_9x9_v209,midpoint,2,n_K,209
20260915_082851,C0+C0p+C3+FLOW+MTC+S11+WARM+PRE+K5+K7+FILT+MD+SEED+SEEDLS,inputs_9x9_v209,midpoint,2,sp_engine,strong_resource
20260915_082851,C0+C0p+C3+FLOW+MTC+S11+WARM+PRE+K5+K7+FILT+MD+SEED+SEEDLS,inputs_9x9_v209,midpoint,2,sp_mip_gap,0.0
20260915_082851,C0+C0p+C3+FLOW+MTC+S11+WARM+PRE+K5+K7+FILT+MD+SEED+SEEDLS,inputs_9x9_v209,midpoint,2,sp_tighten,0
20260915_082851,C0+C0p+C3+FLOW+MTC+S11+WARM+PRE+K5+K7+FILT+MD+SEED+SEEDLS,inputs_9x9_v209,midpoint,2,sp_tight_gap,0.0
20260915_082851,C0+C0p+C3+FLOW+MTC+S11+WARM+PRE+K5+K7+FILT+MD+SEED+SEEDLS,inputs_9x9_v209,midpoint,2,seed_localsearch,1
20260915_082851,C0+C0p+C3+FLOW+MTC+S11+WARM+PRE+K5+K7+FILT+MD+SEED+SEEDLS,inputs_9x9_v209,midpoint,2,seed_budget_s,120.0
20260915_082851,C0+C0p+C3+FLOW+MTC+S11+WARM+PRE+K5+K7+FILT+MD+SEED+SEEDLS,inputs_9x9_v209,midpoint,2,bigm_threshold,18
20260915_082851,C0+C0p+C3+FLOW+MTC+S11+WARM+PRE+K5+K7+FILT+MD+SEED+SEEDLS,inputs_9x9_v209,midpoint,2,bigm_margin,1.0
20260915_082851,C0+C0p+C3+FLOW+MTC+S11+WARM+PRE+K5+K7+FILT+MD+SEED+SEEDLS,inputs_9x9_v209,midpoint,2,bigm_method,global_sum
20260915_082851,C0+C0p+C3+FLOW+MTC+S11+WARM+PRE+K5+K7+FILT+MD+SEED+SEEDLS,inputs_9x9_v209,midpoint,2,bigm_nodes_in_dp,0
20260915_082851,C0+C0p+C3+FLOW+MTC+S11+WARM+PRE+K5+K7+FILT+MD+SEED+SEEDLS,inputs_9x9_v209,midpoint,2,bigm_dp_completed,False
20260915_082851,C0+C0p+C3+FLOW+MTC+S11+WARM+PRE+K5+K7+FILT+MD+SEED+SEEDLS,inputs_9x9_v209,midpoint,2,M_d,504.502085034314
20260915_082851,C0+C0p+C3+FLOW+MTC+S11+WARM+PRE+K5+K7+FILT+MD+SEED+SEEDLS,inputs_9x9_v209,midpoint,2,ts_ub,455.1573360182262
20260915_082851,C0+C0p+C3+FLOW+MTC+S11+WARM+PRE+K5+K7+FILT+MD+SEED+SEEDLS,inputs_9x9_v209,midpoint,2,te_ub,484.502085034314
20260915_082851,C0+C0p+C3+FLOW+MTC+S11+WARM+PRE+K5+K7+FILT+MD+SEED+SEEDLS,inputs_9x9_v209,midpoint,2,seed_LB,2566.150543874171
20260915_082851,C0+C0p+C3+FLOW+MTC+S11+WARM+PRE+K5+K7+FILT+MD+SEED+SEEDLS,inputs_9x9_v209,midpoint,2,seed_time_s,120.05983567237854
20260915_082851,C0+C0p+C3+FLOW+MTC+S11+WARM+PRE+K5+K7+FILT+MD+SEED+SEEDLS,inputs_9x9_v209,midpoint,2,seed_source,localsearch
20260915_082851,C0+C0p+C3+FLOW+MTC+S11+WARM+PRE+K5+K7+FILT+MD+SEED+SEEDLS,inputs_9x9_v209,midpoint,2,spcall_INFEASIBLE_PROVEN,1
20260915_082851,C0+C0p+C3+FLOW+MTC+S11+WARM+PRE+K5+K7+FILT+MD+SEED+SEEDLS,inputs_9x9_v209,midpoint,2,spcall_TIME_LIMIT_WITH_INCUMBENT,1
20260915_082851,C0+C0p+C3+FLOW+MTC+S11+WARM+PRE+K5+K7+FILT+MD+SEED+SEEDLS,inputs_9x9_v209,midpoint,2,cut_singleton_infeasible,268
20260915_082851,C0+C0p+C3+FLOW+MTC+S11+WARM+PRE+K5+K7+FILT+MD+SEED+SEEDLS,inputs_9x9_v209,midpoint,2,cut_cell_optimality,15
20260915_082851,C0+C0p+C3+FLOW+MTC+S11+WARM+PRE+K5+K7+FILT+MD+SEED+SEEDLS,inputs_9x9_v209,midpoint,2,cut_conflict_infeasible,1
20260915_082851,C0+C0p+C3+FLOW+MTC+S11+WARM+PRE+K5+K7+FILT+MD+SEED+SEEDLS,inputs_9x9_v209,midpoint,2,singleton_cache_enabled,1
20260915_082851,C0+C0p+C3+FLOW+MTC+S11+WARM+PRE+K5+K7+FILT+MD+SEED+SEEDLS,inputs_9x9_v209,midpoint,2,single_sp_requests,10273
20260915_082851,C0+C0p+C3+FLOW+MTC+S11+WARM+PRE+K5+K7+FILT+MD+SEED+SEEDLS,inputs_9x9_v209,midpoint,2,single_sp_solves,1959
20260915_082851,C0+C0p+C3+FLOW+MTC+S11+WARM+PRE+K5+K7+FILT+MD+SEED+SEEDLS,inputs_9x9_v209,midpoint,2,single_sp_cache_hits,8314
20260915_082851,C0+C0p+C3+FLOW+MTC+S11+WARM+PRE+K5+K7+FILT+MD+SEED+SEEDLS,inputs_9x9_v209,midpoint,2,single_sp_build_time_s,15.778056859970093
20260915_082851,C0+C0p+C3+FLOW+MTC+S11+WARM+PRE+K5+K7+FILT+MD+SEED+SEEDLS,inputs_9x9_v209,midpoint,2,single_sp_solve_time_s,19.58420968055725
20260915_082851,C0+C0p+C3+FLOW+MTC+S11+WARM+PRE+K5+K7+FILT+MD+SEED+SEEDLS,inputs_9x9_v209,midpoint,2,single_sp_time_s,35.362266540527344
20260915_082851,C0+C0p+C3+FLOW+MTC+S11+WARM+PRE+K5+K7+FILT+MD+SEED+SEEDLS,inputs_9x9_v209,midpoint,2,cache_lookup_time_s,0.02501339465379715
20260915_082851,C0+C0p+C3+FLOW+MTC+S11+WARM+PRE+K5+K7+FILT+MD+SEED+SEEDLS,inputs_9x9_v209,midpoint,2,est_prevented_solve_time_s,219.95359468460083
20260915_082851,C0+C0p+C3+FLOW+MTC+S11+WARM+PRE+K5+K7+FILT+MD+SEED+SEEDLS,inputs_9x9_v209,midpoint,2,single_sp_status_FEASIBLE_VERIFIED,1956
20260915_082851,C0+C0p+C3+FLOW+MTC+S11+WARM+PRE+K5+K7+FILT+MD+SEED+SEEDLS,inputs_9x9_v209,midpoint,2,single_sp_status_INFEASIBLE_PROVEN,3
20260915_082851,C0+C0p+C3+FLOW+MTC+S11+WARM+PRE+K5+K7+FILT+MD+SEED+SEEDLS,inputs_9x9_v209,midpoint,2,single_sp_status_UNKNOWN,0
20260915_082851,C0+C0p+C3+FLOW+MTC+S11+WARM+PRE+K5+K7+FILT+MD+SEED+SEEDLS,inputs_9x9_v209,midpoint,2,dup_cuts_prevented,0
20260915_082851,C0+C0p+C3+FLOW+MTC+S11+WARM+PRE+K5+K7+FILT+MD+SEED+SEEDLS,inputs_9x9_v209,midpoint,2,single_sp_distinct,1959
20260915_082851,C0+C0p+C3+FLOW+MTC+S11+WARM+PRE+K5+K7+FILT+MD+SEED+SEEDLS,inputs_9x9_v209,midpoint,2,master_time_s,1583.1409349441528
20260915_082851,C0+C0p+C3+FLOW+MTC+S11+WARM+PRE+K5+K7+FILT+MD+SEED+SEEDLS,inputs_9x9_v209,midpoint,2,sp_time_s,0.6091265678405762
20260915_082851,C0+C0p+C3+FLOW+MTC+S11+WARM+PRE+K5+K7+FILT+MD+SEED+SEEDLS,inputs_9x9_v209,midpoint,2,master_time_share,0.9996153897116449
20260915_082851,C0+C0p+C3+FLOW+MTC+S11+WARM+PRE+K5+K7+FILT+MD+SEED+SEEDLS,inputs_9x9_v209,midpoint,2,sp_time_share,0.00038461028835512593
20260915_082851,C0+C0p+C3+FLOW+MTC+S11+WARM+PRE+K5+K7+FILT+MD+SEED+SEEDLS,inputs_9x9_v209,midpoint,2,t_to_gap_10pct,
20260915_082851,C0+C0p+C3+FLOW+MTC+S11+WARM+PRE+K5+K7+FILT+MD+SEED+SEEDLS,inputs_9x9_v209,midpoint,2,t_to_gap_5pct,
20260915_082851,C0+C0p+C3+FLOW+MTC+S11+WARM+PRE+K5+K7+FILT+MD+SEED+SEEDLS,inputs_9x9_v209,midpoint,2,t_to_gap_3pct,
20260915_082851,C0+C0p+C3+FLOW+MTC+S11+WARM+PRE+K5+K7+FILT+MD+SEED+SEEDLS,inputs_9x9_v209,midpoint,2,t_to_gap_1pct,
20260915_083926,C0+C0p+C3+FLOW+MTC+S11+WARM+PRE+K5+K7+FILT+MD+SEED+SEEDLS,inputs_9x9_v437,midpoint,2,status,TIME_LIMIT
20260915_083926,C0+C0p+C3+FLOW+MTC+S11+WARM+PRE+K5+K7+FILT+MD+SEED+SEEDLS,inputs_9x9_v437,midpoint,2,LB,4242.422999941709
20260915_083926,C0+C0p+C3+FLOW+MTC+S11+WARM+PRE+K5+K7+FILT+MD+SEED+SEEDLS,inputs_9x9_v437,midpoint,2,UB,4515.546938918442
20260915_083926,C0+C0p+C3+FLOW+MTC+S11+WARM+PRE+K5+K7+FILT+MD+SEED+SEEDLS,inputs_9x9_v437,midpoint,2,gap,0.060485239699922325
20260915_083926,C0+C0p+C3+FLOW+MTC+S11+WARM+PRE+K5+K7+FILT+MD+SEED+SEEDLS,inputs_9x9_v437,midpoint,2,iterations,255
20260915_083926,C0+C0p+C3+FLOW+MTC+S11+WARM+PRE+K5+K7+FILT+MD+SEED+SEEDLS,inputs_9x9_v437,midpoint,2,runtime_s,1800.0016787052155
20260915_083926,C0+C0p+C3+FLOW+MTC+S11+WARM+PRE+K5+K7+FILT+MD+SEED+SEEDLS,inputs_9x9_v437,midpoint,2,wall_s,1800.0183038711548
20260915_083926,C0+C0p+C3+FLOW+MTC+S11+WARM+PRE+K5+K7+FILT+MD+SEED+SEEDLS,inputs_9x9_v437,midpoint,2,n_sp_calls,3
20260915_083926,C0+C0p+C3+FLOW+MTC+S11+WARM+PRE+K5+K7+FILT+MD+SEED+SEEDLS,inputs_9x9_v437,midpoint,2,incumbent_value,4242.422999941709
20260915_083926,C0+C0p+C3+FLOW+MTC+S11+WARM+PRE+K5+K7+FILT+MD+SEED+SEEDLS,inputs_9x9_v437,midpoint,2,certified,0
20260915_083926,C0+C0p+C3+FLOW+MTC+S11+WARM+PRE+K5+K7+FILT+MD+SEED+SEEDLS,inputs_9x9_v437,midpoint,2,n_Nf,75
20260915_083926,C0+C0p+C3+FLOW+MTC+S11+WARM+PRE+K5+K7+FILT+MD+SEED+SEEDLS,inputs_9x9_v437,midpoint,2,n_K,437
20260915_083926,C0+C0p+C3+FLOW+MTC+S11+WARM+PRE+K5+K7+FILT+MD+SEED+SEEDLS,inputs_9x9_v437,midpoint,2,sp_engine,strong_resource
20260915_083926,C0+C0p+C3+FLOW+MTC+S11+WARM+PRE+K5+K7+FILT+MD+SEED+SEEDLS,inputs_9x9_v437,midpoint,2,sp_mip_gap,0.0
20260915_083926,C0+C0p+C3+FLOW+MTC+S11+WARM+PRE+K5+K7+FILT+MD+SEED+SEEDLS,inputs_9x9_v437,midpoint,2,sp_tighten,0
20260915_083926,C0+C0p+C3+FLOW+MTC+S11+WARM+PRE+K5+K7+FILT+MD+SEED+SEEDLS,inputs_9x9_v437,midpoint,2,sp_tight_gap,0.0
20260915_083926,C0+C0p+C3+FLOW+MTC+S11+WARM+PRE+K5+K7+FILT+MD+SEED+SEEDLS,inputs_9x9_v437,midpoint,2,seed_localsearch,1
20260915_083926,C0+C0p+C3+FLOW+MTC+S11+WARM+PRE+K5+K7+FILT+MD+SEED+SEEDLS,inputs_9x9_v437,midpoint,2,seed_budget_s,120.0
20260915_083926,C0+C0p+C3+FLOW+MTC+S11+WARM+PRE+K5+K7+FILT+MD+SEED+SEEDLS,inputs_9x9_v437,midpoint,2,bigm_threshold,18
20260915_083926,C0+C0p+C3+FLOW+MTC+S11+WARM+PRE+K5+K7+FILT+MD+SEED+SEEDLS,inputs_9x9_v437,midpoint,2,bigm_margin,1.0
20260915_083926,C0+C0p+C3+FLOW+MTC+S11+WARM+PRE+K5+K7+FILT+MD+SEED+SEEDLS,inputs_9x9_v437,midpoint,2,bigm_method,global_sum
20260915_083926,C0+C0p+C3+FLOW+MTC+S11+WARM+PRE+K5+K7+FILT+MD+SEED+SEEDLS,inputs_9x9_v437,midpoint,2,bigm_nodes_in_dp,0
20260915_083926,C0+C0p+C3+FLOW+MTC+S11+WARM+PRE+K5+K7+FILT+MD+SEED+SEEDLS,inputs_9x9_v437,midpoint,2,bigm_dp_completed,False
20260915_083926,C0+C0p+C3+FLOW+MTC+S11+WARM+PRE+K5+K7+FILT+MD+SEED+SEEDLS,inputs_9x9_v437,midpoint,2,M_d,504.502085034314
20260915_083926,C0+C0p+C3+FLOW+MTC+S11+WARM+PRE+K5+K7+FILT+MD+SEED+SEEDLS,inputs_9x9_v437,midpoint,2,ts_ub,455.1573360182262
20260915_083926,C0+C0p+C3+FLOW+MTC+S11+WARM+PRE+K5+K7+FILT+MD+SEED+SEEDLS,inputs_9x9_v437,midpoint,2,te_ub,484.502085034314
20260915_083926,C0+C0p+C3+FLOW+MTC+S11+WARM+PRE+K5+K7+FILT+MD+SEED+SEEDLS,inputs_9x9_v437,midpoint,2,seed_LB,4242.422999941709
20260915_083926,C0+C0p+C3+FLOW+MTC+S11+WARM+PRE+K5+K7+FILT+MD+SEED+SEEDLS,inputs_9x9_v437,midpoint,2,seed_time_s,120.06923818588257
20260915_083926,C0+C0p+C3+FLOW+MTC+S11+WARM+PRE+K5+K7+FILT+MD+SEED+SEEDLS,inputs_9x9_v437,midpoint,2,seed_source,containment
20260915_083926,C0+C0p+C3+FLOW+MTC+S11+WARM+PRE+K5+K7+FILT+MD+SEED+SEEDLS,inputs_9x9_v437,midpoint,2,spcall_INFEASIBLE_PROVEN,1
20260915_083926,C0+C0p+C3+FLOW+MTC+S11+WARM+PRE+K5+K7+FILT+MD+SEED+SEEDLS,inputs_9x9_v437,midpoint,2,spcall_TIME_LIMIT_WITH_INCUMBENT,2
20260915_083926,C0+C0p+C3+FLOW+MTC+S11+WARM+PRE+K5+K7+FILT+MD+SEED+SEEDLS,inputs_9x9_v437,midpoint,2,cut_singleton_infeasible,253
20260915_083926,C0+C0p+C3+FLOW+MTC+S11+WARM+PRE+K5+K7+FILT+MD+SEED+SEEDLS,inputs_9x9_v437,midpoint,2,cut_cell_optimality,17
20260915_083926,C0+C0p+C3+FLOW+MTC+S11+WARM+PRE+K5+K7+FILT+MD+SEED+SEEDLS,inputs_9x9_v437,midpoint,2,cut_conflict_infeasible,1
20260915_083926,C0+C0p+C3+FLOW+MTC+S11+WARM+PRE+K5+K7+FILT+MD+SEED+SEEDLS,inputs_9x9_v437,midpoint,2,singleton_cache_enabled,1
20260915_083926,C0+C0p+C3+FLOW+MTC+S11+WARM+PRE+K5+K7+FILT+MD+SEED+SEEDLS,inputs_9x9_v437,midpoint,2,single_sp_requests,10257
20260915_083926,C0+C0p+C3+FLOW+MTC+S11+WARM+PRE+K5+K7+FILT+MD+SEED+SEEDLS,inputs_9x9_v437,midpoint,2,single_sp_solves,1886
20260915_083926,C0+C0p+C3+FLOW+MTC+S11+WARM+PRE+K5+K7+FILT+MD+SEED+SEEDLS,inputs_9x9_v437,midpoint,2,single_sp_cache_hits,8371
20260915_083926,C0+C0p+C3+FLOW+MTC+S11+WARM+PRE+K5+K7+FILT+MD+SEED+SEEDLS,inputs_9x9_v437,midpoint,2,single_sp_build_time_s,33.392120122909546
20260915_083926,C0+C0p+C3+FLOW+MTC+S11+WARM+PRE+K5+K7+FILT+MD+SEED+SEEDLS,inputs_9x9_v437,midpoint,2,single_sp_solve_time_s,43.31857514381409
20260915_083926,C0+C0p+C3+FLOW+MTC+S11+WARM+PRE+K5+K7+FILT+MD+SEED+SEEDLS,inputs_9x9_v437,midpoint,2,single_sp_time_s,76.71069526672363
20260915_083926,C0+C0p+C3+FLOW+MTC+S11+WARM+PRE+K5+K7+FILT+MD+SEED+SEEDLS,inputs_9x9_v437,midpoint,2,cache_lookup_time_s,0.026738864369690418
20260915_083926,C0+C0p+C3+FLOW+MTC+S11+WARM+PRE+K5+K7+FILT+MD+SEED+SEEDLS,inputs_9x9_v437,midpoint,2,est_prevented_solve_time_s,486.28126645088196
20260915_083926,C0+C0p+C3+FLOW+MTC+S11+WARM+PRE+K5+K7+FILT+MD+SEED+SEEDLS,inputs_9x9_v437,midpoint,2,single_sp_status_FEASIBLE_VERIFIED,1885
20260915_083926,C0+C0p+C3+FLOW+MTC+S11+WARM+PRE+K5+K7+FILT+MD+SEED+SEEDLS,inputs_9x9_v437,midpoint,2,single_sp_status_INFEASIBLE_PROVEN,1
20260915_083926,C0+C0p+C3+FLOW+MTC+S11+WARM+PRE+K5+K7+FILT+MD+SEED+SEEDLS,inputs_9x9_v437,midpoint,2,single_sp_status_UNKNOWN,0
20260915_083926,C0+C0p+C3+FLOW+MTC+S11+WARM+PRE+K5+K7+FILT+MD+SEED+SEEDLS,inputs_9x9_v437,midpoint,2,dup_cuts_prevented,0
20260915_083926,C0+C0p+C3+FLOW+MTC+S11+WARM+PRE+K5+K7+FILT+MD+SEED+SEEDLS,inputs_9x9_v437,midpoint,2,single_sp_distinct,1886
20260915_083926,C0+C0p+C3+FLOW+MTC+S11+WARM+PRE+K5+K7+FILT+MD+SEED+SEEDLS,inputs_9x9_v437,midpoint,2,master_time_s,1458.5921425819397
20260915_083926,C0+C0p+C3+FLOW+MTC+S11+WARM+PRE+K5+K7+FILT+MD+SEED+SEEDLS,inputs_9x9_v437,midpoint,2,sp_time_s,82.91933941841125
20260915_083926,C0+C0p+C3+FLOW+MTC+S11+WARM+PRE+K5+K7+FILT+MD+SEED+SEEDLS,inputs_9x9_v437,midpoint,2,master_time_share,0.946209067926753
20260915_083926,C0+C0p+C3+FLOW+MTC+S11+WARM+PRE+K5+K7+FILT+MD+SEED+SEEDLS,inputs_9x9_v437,midpoint,2,sp_time_share,0.05379093207324704
20260915_083926,C0+C0p+C3+FLOW+MTC+S11+WARM+PRE+K5+K7+FILT+MD+SEED+SEEDLS,inputs_9x9_v437,midpoint,2,t_to_gap_10pct,120.0857446193695
20260915_083926,C0+C0p+C3+FLOW+MTC+S11+WARM+PRE+K5+K7+FILT+MD+SEED+SEEDLS,inputs_9x9_v437,midpoint,2,t_to_gap_5pct,
20260915_083926,C0+C0p+C3+FLOW+MTC+S11+WARM+PRE+K5+K7+FILT+MD+SEED+SEEDLS,inputs_9x9_v437,midpoint,2,t_to_gap_3pct,
20260915_083926,C0+C0p+C3+FLOW+MTC+S11+WARM+PRE+K5+K7+FILT+MD+SEED+SEEDLS,inputs_9x9_v437,midpoint,2,t_to_gap_1pct,
20260915_083936,C0+C0p+C3+FLOW+MTC+S11+WARM+PRE+K5+K7+FILT+MD+SEED+SEEDLS,inputs_10x10_v_low,midpoint,2,status,TIME_LIMIT
20260915_083936,C0+C0p+C3+FLOW+MTC+S11+WARM+PRE+K5+K7+FILT+MD+SEED+SEEDLS,inputs_10x10_v_low,midpoint,2,LB,331.99536298023827
20260915_083936,C0+C0p+C3+FLOW+MTC+S11+WARM+PRE+K5+K7+FILT+MD+SEED+SEEDLS,inputs_10x10_v_low,midpoint,2,UB,5135.967216368854
20260915_083936,C0+C0p+C3+FLOW+MTC+S11+WARM+PRE+K5+K7+FILT+MD+SEED+SEEDLS,inputs_10x10_v_low,midpoint,2,gap,0.9353587456862779
20260915_083936,C0+C0p+C3+FLOW+MTC+S11+WARM+PRE+K5+K7+FILT+MD+SEED+SEEDLS,inputs_10x10_v_low,midpoint,2,iterations,43
20260915_083936,C0+C0p+C3+FLOW+MTC+S11+WARM+PRE+K5+K7+FILT+MD+SEED+SEEDLS,inputs_10x10_v_low,midpoint,2,runtime_s,1800.0044949054718
20260915_083936,C0+C0p+C3+FLOW+MTC+S11+WARM+PRE+K5+K7+FILT+MD+SEED+SEEDLS,inputs_10x10_v_low,midpoint,2,wall_s,1800.0085344314575
20260915_083936,C0+C0p+C3+FLOW+MTC+S11+WARM+PRE+K5+K7+FILT+MD+SEED+SEEDLS,inputs_10x10_v_low,midpoint,2,n_sp_calls,1
20260915_083936,C0+C0p+C3+FLOW+MTC+S11+WARM+PRE+K5+K7+FILT+MD+SEED+SEEDLS,inputs_10x10_v_low,midpoint,2,incumbent_value,331.99536298023827
20260915_083936,C0+C0p+C3+FLOW+MTC+S11+WARM+PRE+K5+K7+FILT+MD+SEED+SEEDLS,inputs_10x10_v_low,midpoint,2,certified,0
20260915_083936,C0+C0p+C3+FLOW+MTC+S11+WARM+PRE+K5+K7+FILT+MD+SEED+SEEDLS,inputs_10x10_v_low,midpoint,2,n_Nf,90
20260915_083936,C0+C0p+C3+FLOW+MTC+S11+WARM+PRE+K5+K7+FILT+MD+SEED+SEEDLS,inputs_10x10_v_low,midpoint,2,n_K,8
20260915_083936,C0+C0p+C3+FLOW+MTC+S11+WARM+PRE+K5+K7+FILT+MD+SEED+SEEDLS,inputs_10x10_v_low,midpoint,2,sp_engine,strong_resource
20260915_083936,C0+C0p+C3+FLOW+MTC+S11+WARM+PRE+K5+K7+FILT+MD+SEED+SEEDLS,inputs_10x10_v_low,midpoint,2,sp_mip_gap,0.0
20260915_083936,C0+C0p+C3+FLOW+MTC+S11+WARM+PRE+K5+K7+FILT+MD+SEED+SEEDLS,inputs_10x10_v_low,midpoint,2,sp_tighten,0
20260915_083936,C0+C0p+C3+FLOW+MTC+S11+WARM+PRE+K5+K7+FILT+MD+SEED+SEEDLS,inputs_10x10_v_low,midpoint,2,sp_tight_gap,0.0
20260915_083936,C0+C0p+C3+FLOW+MTC+S11+WARM+PRE+K5+K7+FILT+MD+SEED+SEEDLS,inputs_10x10_v_low,midpoint,2,seed_localsearch,1
20260915_083936,C0+C0p+C3+FLOW+MTC+S11+WARM+PRE+K5+K7+FILT+MD+SEED+SEEDLS,inputs_10x10_v_low,midpoint,2,seed_budget_s,120.0
20260915_083936,C0+C0p+C3+FLOW+MTC+S11+WARM+PRE+K5+K7+FILT+MD+SEED+SEEDLS,inputs_10x10_v_low,midpoint,2,bigm_threshold,18
20260915_083936,C0+C0p+C3+FLOW+MTC+S11+WARM+PRE+K5+K7+FILT+MD+SEED+SEEDLS,inputs_10x10_v_low,midpoint,2,bigm_margin,1.0
20260915_083936,C0+C0p+C3+FLOW+MTC+S11+WARM+PRE+K5+K7+FILT+MD+SEED+SEEDLS,inputs_10x10_v_low,midpoint,2,bigm_method,global_sum
20260915_083936,C0+C0p+C3+FLOW+MTC+S11+WARM+PRE+K5+K7+FILT+MD+SEED+SEEDLS,inputs_10x10_v_low,midpoint,2,bigm_nodes_in_dp,0
20260915_083936,C0+C0p+C3+FLOW+MTC+S11+WARM+PRE+K5+K7+FILT+MD+SEED+SEEDLS,inputs_10x10_v_low,midpoint,2,bigm_dp_completed,False
20260915_083936,C0+C0p+C3+FLOW+MTC+S11+WARM+PRE+K5+K7+FILT+MD+SEED+SEEDLS,inputs_10x10_v_low,midpoint,2,M_d,603.281698735241
20260915_083936,C0+C0p+C3+FLOW+MTC+S11+WARM+PRE+K5+K7+FILT+MD+SEED+SEEDLS,inputs_10x10_v_low,midpoint,2,ts_ub,550.9369497191532
20260915_083936,C0+C0p+C3+FLOW+MTC+S11+WARM+PRE+K5+K7+FILT+MD+SEED+SEEDLS,inputs_10x10_v_low,midpoint,2,te_ub,580.281698735241
20260915_083936,C0+C0p+C3+FLOW+MTC+S11+WARM+PRE+K5+K7+FILT+MD+SEED+SEEDLS,inputs_10x10_v_low,midpoint,2,seed_LB,331.99536298023827
20260915_083936,C0+C0p+C3+FLOW+MTC+S11+WARM+PRE+K5+K7+FILT+MD+SEED+SEEDLS,inputs_10x10_v_low,midpoint,2,seed_time_s,0.47604846954345703
20260915_083936,C0+C0p+C3+FLOW+MTC+S11+WARM+PRE+K5+K7+FILT+MD+SEED+SEEDLS,inputs_10x10_v_low,midpoint,2,seed_source,localsearch
20260915_083936,C0+C0p+C3+FLOW+MTC+S11+WARM+PRE+K5+K7+FILT+MD+SEED+SEEDLS,inputs_10x10_v_low,midpoint,2,spcall_OPTIMAL,1
20260915_083936,C0+C0p+C3+FLOW+MTC+S11+WARM+PRE+K5+K7+FILT+MD+SEED+SEEDLS,inputs_10x10_v_low,midpoint,2,cut_singleton_infeasible,1074
20260915_083936,C0+C0p+C3+FLOW+MTC+S11+WARM+PRE+K5+K7+FILT+MD+SEED+SEEDLS,inputs_10x10_v_low,midpoint,2,cut_propagation,1
20260915_083936,C0+C0p+C3+FLOW+MTC+S11+WARM+PRE+K5+K7+FILT+MD+SEED+SEEDLS,inputs_10x10_v_low,midpoint,2,singleton_cache_enabled,1
20260915_083936,C0+C0p+C3+FLOW+MTC+S11+WARM+PRE+K5+K7+FILT+MD+SEED+SEEDLS,inputs_10x10_v_low,midpoint,2,single_sp_requests,2637
20260915_083936,C0+C0p+C3+FLOW+MTC+S11+WARM+PRE+K5+K7+FILT+MD+SEED+SEEDLS,inputs_10x10_v_low,midpoint,2,single_sp_solves,1557
20260915_083936,C0+C0p+C3+FLOW+MTC+S11+WARM+PRE+K5+K7+FILT+MD+SEED+SEEDLS,inputs_10x10_v_low,midpoint,2,single_sp_cache_hits,1080
20260915_083936,C0+C0p+C3+FLOW+MTC+S11+WARM+PRE+K5+K7+FILT+MD+SEED+SEEDLS,inputs_10x10_v_low,midpoint,2,single_sp_build_time_s,0.5658977031707764
20260915_083936,C0+C0p+C3+FLOW+MTC+S11+WARM+PRE+K5+K7+FILT+MD+SEED+SEEDLS,inputs_10x10_v_low,midpoint,2,single_sp_solve_time_s,0.6025176048278809
20260915_083936,C0+C0p+C3+FLOW+MTC+S11+WARM+PRE+K5+K7+FILT+MD+SEED+SEEDLS,inputs_10x10_v_low,midpoint,2,single_sp_time_s,1.1684153079986572
20260915_083936,C0+C0p+C3+FLOW+MTC+S11+WARM+PRE+K5+K7+FILT+MD+SEED+SEEDLS,inputs_10x10_v_low,midpoint,2,cache_lookup_time_s,0.006579848937690258
20260915_083936,C0+C0p+C3+FLOW+MTC+S11+WARM+PRE+K5+K7+FILT+MD+SEED+SEEDLS,inputs_10x10_v_low,midpoint,2,est_prevented_solve_time_s,0.4852447509765625
20260915_083936,C0+C0p+C3+FLOW+MTC+S11+WARM+PRE+K5+K7+FILT+MD+SEED+SEEDLS,inputs_10x10_v_low,midpoint,2,single_sp_status_FEASIBLE_VERIFIED,1008
20260915_083936,C0+C0p+C3+FLOW+MTC+S11+WARM+PRE+K5+K7+FILT+MD+SEED+SEEDLS,inputs_10x10_v_low,midpoint,2,single_sp_status_INFEASIBLE_PROVEN,549
20260915_083936,C0+C0p+C3+FLOW+MTC+S11+WARM+PRE+K5+K7+FILT+MD+SEED+SEEDLS,inputs_10x10_v_low,midpoint,2,single_sp_status_UNKNOWN,0
20260915_083936,C0+C0p+C3+FLOW+MTC+S11+WARM+PRE+K5+K7+FILT+MD+SEED+SEEDLS,inputs_10x10_v_low,midpoint,2,dup_cuts_prevented,0
20260915_083936,C0+C0p+C3+FLOW+MTC+S11+WARM+PRE+K5+K7+FILT+MD+SEED+SEEDLS,inputs_10x10_v_low,midpoint,2,single_sp_distinct,1557
20260915_083936,C0+C0p+C3+FLOW+MTC+S11+WARM+PRE+K5+K7+FILT+MD+SEED+SEEDLS,inputs_10x10_v_low,midpoint,2,master_time_s,1798.238695859909
20260915_083936,C0+C0p+C3+FLOW+MTC+S11+WARM+PRE+K5+K7+FILT+MD+SEED+SEEDLS,inputs_10x10_v_low,midpoint,2,sp_time_s,0.0
20260915_083936,C0+C0p+C3+FLOW+MTC+S11+WARM+PRE+K5+K7+FILT+MD+SEED+SEEDLS,inputs_10x10_v_low,midpoint,2,master_time_share,1.0
20260915_083936,C0+C0p+C3+FLOW+MTC+S11+WARM+PRE+K5+K7+FILT+MD+SEED+SEEDLS,inputs_10x10_v_low,midpoint,2,sp_time_share,0.0
20260915_083936,C0+C0p+C3+FLOW+MTC+S11+WARM+PRE+K5+K7+FILT+MD+SEED+SEEDLS,inputs_10x10_v_low,midpoint,2,t_to_gap_10pct,
20260915_083936,C0+C0p+C3+FLOW+MTC+S11+WARM+PRE+K5+K7+FILT+MD+SEED+SEEDLS,inputs_10x10_v_low,midpoint,2,t_to_gap_5pct,
20260915_083936,C0+C0p+C3+FLOW+MTC+S11+WARM+PRE+K5+K7+FILT+MD+SEED+SEEDLS,inputs_10x10_v_low,midpoint,2,t_to_gap_3pct,
20260915_083936,C0+C0p+C3+FLOW+MTC+S11+WARM+PRE+K5+K7+FILT+MD+SEED+SEEDLS,inputs_10x10_v_low,midpoint,2,t_to_gap_1pct,
20260915_084558,C0+C0p+C3+FLOW+MTC+S11+WARM+PRE+K5+K7+FILT+MD+SEED+SEEDLS,inputs_10x10_v_half,midpoint,2,status,TIME_LIMIT
20260915_084558,C0+C0p+C3+FLOW+MTC+S11+WARM+PRE+K5+K7+FILT+MD+SEED+SEEDLS,inputs_10x10_v_half,midpoint,2,LB,962.5122732610872
20260915_084558,C0+C0p+C3+FLOW+MTC+S11+WARM+PRE+K5+K7+FILT+MD+SEED+SEEDLS,inputs_10x10_v_half,midpoint,2,UB,5301.117545831928
20260915_084558,C0+C0p+C3+FLOW+MTC+S11+WARM+PRE+K5+K7+FILT+MD+SEED+SEEDLS,inputs_10x10_v_half,midpoint,2,gap,0.8184321956758203
20260915_084558,C0+C0p+C3+FLOW+MTC+S11+WARM+PRE+K5+K7+FILT+MD+SEED+SEEDLS,inputs_10x10_v_half,midpoint,2,iterations,86
20260915_084558,C0+C0p+C3+FLOW+MTC+S11+WARM+PRE+K5+K7+FILT+MD+SEED+SEEDLS,inputs_10x10_v_half,midpoint,2,runtime_s,1800.0018565654755
20260915_084558,C0+C0p+C3+FLOW+MTC+S11+WARM+PRE+K5+K7+FILT+MD+SEED+SEEDLS,inputs_10x10_v_half,midpoint,2,wall_s,1800.0052604675293
20260915_084558,C0+C0p+C3+FLOW+MTC+S11+WARM+PRE+K5+K7+FILT+MD+SEED+SEEDLS,inputs_10x10_v_half,midpoint,2,n_sp_calls,1
20260915_084558,C0+C0p+C3+FLOW+MTC+S11+WARM+PRE+K5+K7+FILT+MD+SEED+SEEDLS,inputs_10x10_v_half,midpoint,2,incumbent_value,962.5122732610872
20260915_084558,C0+C0p+C3+FLOW+MTC+S11+WARM+PRE+K5+K7+FILT+MD+SEED+SEEDLS,inputs_10x10_v_half,midpoint,2,certified,0
20260915_084558,C0+C0p+C3+FLOW+MTC+S11+WARM+PRE+K5+K7+FILT+MD+SEED+SEEDLS,inputs_10x10_v_half,midpoint,2,n_Nf,90
20260915_084558,C0+C0p+C3+FLOW+MTC+S11+WARM+PRE+K5+K7+FILT+MD+SEED+SEEDLS,inputs_10x10_v_half,midpoint,2,n_K,25
20260915_084558,C0+C0p+C3+FLOW+MTC+S11+WARM+PRE+K5+K7+FILT+MD+SEED+SEEDLS,inputs_10x10_v_half,midpoint,2,sp_engine,strong_resource
20260915_084558,C0+C0p+C3+FLOW+MTC+S11+WARM+PRE+K5+K7+FILT+MD+SEED+SEEDLS,inputs_10x10_v_half,midpoint,2,sp_mip_gap,0.0
20260915_084558,C0+C0p+C3+FLOW+MTC+S11+WARM+PRE+K5+K7+FILT+MD+SEED+SEEDLS,inputs_10x10_v_half,midpoint,2,sp_tighten,0
20260915_084558,C0+C0p+C3+FLOW+MTC+S11+WARM+PRE+K5+K7+FILT+MD+SEED+SEEDLS,inputs_10x10_v_half,midpoint,2,sp_tight_gap,0.0
20260915_084558,C0+C0p+C3+FLOW+MTC+S11+WARM+PRE+K5+K7+FILT+MD+SEED+SEEDLS,inputs_10x10_v_half,midpoint,2,seed_localsearch,1
20260915_084558,C0+C0p+C3+FLOW+MTC+S11+WARM+PRE+K5+K7+FILT+MD+SEED+SEEDLS,inputs_10x10_v_half,midpoint,2,seed_budget_s,120.0
20260915_084558,C0+C0p+C3+FLOW+MTC+S11+WARM+PRE+K5+K7+FILT+MD+SEED+SEEDLS,inputs_10x10_v_half,midpoint,2,bigm_threshold,18
20260915_084558,C0+C0p+C3+FLOW+MTC+S11+WARM+PRE+K5+K7+FILT+MD+SEED+SEEDLS,inputs_10x10_v_half,midpoint,2,bigm_margin,1.0
20260915_084558,C0+C0p+C3+FLOW+MTC+S11+WARM+PRE+K5+K7+FILT+MD+SEED+SEEDLS,inputs_10x10_v_half,midpoint,2,bigm_method,global_sum
20260915_084558,C0+C0p+C3+FLOW+MTC+S11+WARM+PRE+K5+K7+FILT+MD+SEED+SEEDLS,inputs_10x10_v_half,midpoint,2,bigm_nodes_in_dp,0
20260915_084558,C0+C0p+C3+FLOW+MTC+S11+WARM+PRE+K5+K7+FILT+MD+SEED+SEEDLS,inputs_10x10_v_half,midpoint,2,bigm_dp_completed,False
20260915_084558,C0+C0p+C3+FLOW+MTC+S11+WARM+PRE+K5+K7+FILT+MD+SEED+SEEDLS,inputs_10x10_v_half,midpoint,2,M_d,603.281698735241
20260915_084558,C0+C0p+C3+FLOW+MTC+S11+WARM+PRE+K5+K7+FILT+MD+SEED+SEEDLS,inputs_10x10_v_half,midpoint,2,ts_ub,550.9369497191532
20260915_084558,C0+C0p+C3+FLOW+MTC+S11+WARM+PRE+K5+K7+FILT+MD+SEED+SEEDLS,inputs_10x10_v_half,midpoint,2,te_ub,580.281698735241
20260915_084558,C0+C0p+C3+FLOW+MTC+S11+WARM+PRE+K5+K7+FILT+MD+SEED+SEEDLS,inputs_10x10_v_half,midpoint,2,seed_LB,962.5122732610872
20260915_084558,C0+C0p+C3+FLOW+MTC+S11+WARM+PRE+K5+K7+FILT+MD+SEED+SEEDLS,inputs_10x10_v_half,midpoint,2,seed_time_s,13.518361568450928
20260915_084558,C0+C0p+C3+FLOW+MTC+S11+WARM+PRE+K5+K7+FILT+MD+SEED+SEEDLS,inputs_10x10_v_half,midpoint,2,seed_source,localsearch
20260915_084558,C0+C0p+C3+FLOW+MTC+S11+WARM+PRE+K5+K7+FILT+MD+SEED+SEEDLS,inputs_10x10_v_half,midpoint,2,spcall_OPTIMAL,1
20260915_084558,C0+C0p+C3+FLOW+MTC+S11+WARM+PRE+K5+K7+FILT+MD+SEED+SEEDLS,inputs_10x10_v_half,midpoint,2,cut_singleton_infeasible,974
20260915_084558,C0+C0p+C3+FLOW+MTC+S11+WARM+PRE+K5+K7+FILT+MD+SEED+SEEDLS,inputs_10x10_v_half,midpoint,2,singleton_cache_enabled,1
20260915_084558,C0+C0p+C3+FLOW+MTC+S11+WARM+PRE+K5+K7+FILT+MD+SEED+SEEDLS,inputs_10x10_v_half,midpoint,2,single_sp_requests,4293
20260915_084558,C0+C0p+C3+FLOW+MTC+S11+WARM+PRE+K5+K7+FILT+MD+SEED+SEEDLS,inputs_10x10_v_half,midpoint,2,single_sp_solves,1879
20260915_084558,C0+C0p+C3+FLOW+MTC+S11+WARM+PRE+K5+K7+FILT+MD+SEED+SEEDLS,inputs_10x10_v_half,midpoint,2,single_sp_cache_hits,2414
20260915_084558,C0+C0p+C3+FLOW+MTC+S11+WARM+PRE+K5+K7+FILT+MD+SEED+SEEDLS,inputs_10x10_v_half,midpoint,2,single_sp_build_time_s,1.7407567501068115
20260915_084558,C0+C0p+C3+FLOW+MTC+S11+WARM+PRE+K5+K7+FILT+MD+SEED+SEEDLS,inputs_10x10_v_half,midpoint,2,single_sp_solve_time_s,2.2758235931396484
20260915_084558,C0+C0p+C3+FLOW+MTC+S11+WARM+PRE+K5+K7+FILT+MD+SEED+SEEDLS,inputs_10x10_v_half,midpoint,2,single_sp_time_s,4.01658034324646
20260915_084558,C0+C0p+C3+FLOW+MTC+S11+WARM+PRE+K5+K7+FILT+MD+SEED+SEEDLS,inputs_10x10_v_half,midpoint,2,cache_lookup_time_s,0.010422333143651485
20260915_084558,C0+C0p+C3+FLOW+MTC+S11+WARM+PRE+K5+K7+FILT+MD+SEED+SEEDLS,inputs_10x10_v_half,midpoint,2,est_prevented_solve_time_s,4.509790420532227
20260915_084558,C0+C0p+C3+FLOW+MTC+S11+WARM+PRE+K5+K7+FILT+MD+SEED+SEEDLS,inputs_10x10_v_half,midpoint,2,single_sp_status_FEASIBLE_VERIFIED,1555
20260915_084558,C0+C0p+C3+FLOW+MTC+S11+WARM+PRE+K5+K7+FILT+MD+SEED+SEEDLS,inputs_10x10_v_half,midpoint,2,single_sp_status_INFEASIBLE_PROVEN,324
20260915_084558,C0+C0p+C3+FLOW+MTC+S11+WARM+PRE+K5+K7+FILT+MD+SEED+SEEDLS,inputs_10x10_v_half,midpoint,2,single_sp_status_UNKNOWN,0
20260915_084558,C0+C0p+C3+FLOW+MTC+S11+WARM+PRE+K5+K7+FILT+MD+SEED+SEEDLS,inputs_10x10_v_half,midpoint,2,dup_cuts_prevented,0
20260915_084558,C0+C0p+C3+FLOW+MTC+S11+WARM+PRE+K5+K7+FILT+MD+SEED+SEEDLS,inputs_10x10_v_half,midpoint,2,single_sp_distinct,1879
20260915_084558,C0+C0p+C3+FLOW+MTC+S11+WARM+PRE+K5+K7+FILT+MD+SEED+SEEDLS,inputs_10x10_v_half,midpoint,2,master_time_s,1782.2936794757843
20260915_084558,C0+C0p+C3+FLOW+MTC+S11+WARM+PRE+K5+K7+FILT+MD+SEED+SEEDLS,inputs_10x10_v_half,midpoint,2,sp_time_s,0.0
20260915_084558,C0+C0p+C3+FLOW+MTC+S11+WARM+PRE+K5+K7+FILT+MD+SEED+SEEDLS,inputs_10x10_v_half,midpoint,2,master_time_share,1.0
20260915_084558,C0+C0p+C3+FLOW+MTC+S11+WARM+PRE+K5+K7+FILT+MD+SEED+SEEDLS,inputs_10x10_v_half,midpoint,2,sp_time_share,0.0
20260915_084558,C0+C0p+C3+FLOW+MTC+S11+WARM+PRE+K5+K7+FILT+MD+SEED+SEEDLS,inputs_10x10_v_half,midpoint,2,t_to_gap_10pct,
20260915_084558,C0+C0p+C3+FLOW+MTC+S11+WARM+PRE+K5+K7+FILT+MD+SEED+SEEDLS,inputs_10x10_v_half,midpoint,2,t_to_gap_5pct,
20260915_084558,C0+C0p+C3+FLOW+MTC+S11+WARM+PRE+K5+K7+FILT+MD+SEED+SEEDLS,inputs_10x10_v_half,midpoint,2,t_to_gap_3pct,
20260915_084558,C0+C0p+C3+FLOW+MTC+S11+WARM+PRE+K5+K7+FILT+MD+SEED+SEEDLS,inputs_10x10_v_half,midpoint,2,t_to_gap_1pct,
20260915_085352,C0+C0p+C3+FLOW+MTC+S11+WARM+PRE+K5+K7+FILT+MD+SEED+SEEDLS,inputs_10x10_v_hi,midpoint,2,status,TIME_LIMIT
20260915_085352,C0+C0p+C3+FLOW+MTC+S11+WARM+PRE+K5+K7+FILT+MD+SEED+SEEDLS,inputs_10x10_v_hi,midpoint,2,LB,1413.6808582327685
20260915_085352,C0+C0p+C3+FLOW+MTC+S11+WARM+PRE+K5+K7+FILT+MD+SEED+SEEDLS,inputs_10x10_v_hi,midpoint,2,UB,5359.300689798166
20260915_085352,C0+C0p+C3+FLOW+MTC+S11+WARM+PRE+K5+K7+FILT+MD+SEED+SEEDLS,inputs_10x10_v_hi,midpoint,2,gap,0.736219156181362
20260915_085352,C0+C0p+C3+FLOW+MTC+S11+WARM+PRE+K5+K7+FILT+MD+SEED+SEEDLS,inputs_10x10_v_hi,midpoint,2,iterations,243
20260915_085352,C0+C0p+C3+FLOW+MTC+S11+WARM+PRE+K5+K7+FILT+MD+SEED+SEEDLS,inputs_10x10_v_hi,midpoint,2,runtime_s,1800.001837015152
20260915_085352,C0+C0p+C3+FLOW+MTC+S11+WARM+PRE+K5+K7+FILT+MD+SEED+SEEDLS,inputs_10x10_v_hi,midpoint,2,wall_s,1800.0059158802032
20260915_085352,C0+C0p+C3+FLOW+MTC+S11+WARM+PRE+K5+K7+FILT+MD+SEED+SEEDLS,inputs_10x10_v_hi,midpoint,2,n_sp_calls,2
20260915_085352,C0+C0p+C3+FLOW+MTC+S11+WARM+PRE+K5+K7+FILT+MD+SEED+SEEDLS,inputs_10x10_v_hi,midpoint,2,incumbent_value,1413.6808582327685
20260915_085352,C0+C0p+C3+FLOW+MTC+S11+WARM+PRE+K5+K7+FILT+MD+SEED+SEEDLS,inputs_10x10_v_hi,midpoint,2,certified,0
20260915_085352,C0+C0p+C3+FLOW+MTC+S11+WARM+PRE+K5+K7+FILT+MD+SEED+SEEDLS,inputs_10x10_v_hi,midpoint,2,n_Nf,90
20260915_085352,C0+C0p+C3+FLOW+MTC+S11+WARM+PRE+K5+K7+FILT+MD+SEED+SEEDLS,inputs_10x10_v_hi,midpoint,2,n_K,84
20260915_085352,C0+C0p+C3+FLOW+MTC+S11+WARM+PRE+K5+K7+FILT+MD+SEED+SEEDLS,inputs_10x10_v_hi,midpoint,2,sp_engine,strong_resource
20260915_085352,C0+C0p+C3+FLOW+MTC+S11+WARM+PRE+K5+K7+FILT+MD+SEED+SEEDLS,inputs_10x10_v_hi,midpoint,2,sp_mip_gap,0.0
20260915_085352,C0+C0p+C3+FLOW+MTC+S11+WARM+PRE+K5+K7+FILT+MD+SEED+SEEDLS,inputs_10x10_v_hi,midpoint,2,sp_tighten,0
20260915_085352,C0+C0p+C3+FLOW+MTC+S11+WARM+PRE+K5+K7+FILT+MD+SEED+SEEDLS,inputs_10x10_v_hi,midpoint,2,sp_tight_gap,0.0
20260915_085352,C0+C0p+C3+FLOW+MTC+S11+WARM+PRE+K5+K7+FILT+MD+SEED+SEEDLS,inputs_10x10_v_hi,midpoint,2,seed_localsearch,1
20260915_085352,C0+C0p+C3+FLOW+MTC+S11+WARM+PRE+K5+K7+FILT+MD+SEED+SEEDLS,inputs_10x10_v_hi,midpoint,2,seed_budget_s,120.0
20260915_085352,C0+C0p+C3+FLOW+MTC+S11+WARM+PRE+K5+K7+FILT+MD+SEED+SEEDLS,inputs_10x10_v_hi,midpoint,2,bigm_threshold,18
20260915_085352,C0+C0p+C3+FLOW+MTC+S11+WARM+PRE+K5+K7+FILT+MD+SEED+SEEDLS,inputs_10x10_v_hi,midpoint,2,bigm_margin,1.0
20260915_085352,C0+C0p+C3+FLOW+MTC+S11+WARM+PRE+K5+K7+FILT+MD+SEED+SEEDLS,inputs_10x10_v_hi,midpoint,2,bigm_method,global_sum
20260915_085352,C0+C0p+C3+FLOW+MTC+S11+WARM+PRE+K5+K7+FILT+MD+SEED+SEEDLS,inputs_10x10_v_hi,midpoint,2,bigm_nodes_in_dp,0
20260915_085352,C0+C0p+C3+FLOW+MTC+S11+WARM+PRE+K5+K7+FILT+MD+SEED+SEEDLS,inputs_10x10_v_hi,midpoint,2,bigm_dp_completed,False
20260915_085352,C0+C0p+C3+FLOW+MTC+S11+WARM+PRE+K5+K7+FILT+MD+SEED+SEEDLS,inputs_10x10_v_hi,midpoint,2,M_d,603.281698735241
20260915_085352,C0+C0p+C3+FLOW+MTC+S11+WARM+PRE+K5+K7+FILT+MD+SEED+SEEDLS,inputs_10x10_v_hi,midpoint,2,ts_ub,550.9369497191532
20260915_085352,C0+C0p+C3+FLOW+MTC+S11+WARM+PRE+K5+K7+FILT+MD+SEED+SEEDLS,inputs_10x10_v_hi,midpoint,2,te_ub,580.281698735241
20260915_085352,C0+C0p+C3+FLOW+MTC+S11+WARM+PRE+K5+K7+FILT+MD+SEED+SEEDLS,inputs_10x10_v_hi,midpoint,2,seed_LB,1413.6808582327685
20260915_085352,C0+C0p+C3+FLOW+MTC+S11+WARM+PRE+K5+K7+FILT+MD+SEED+SEEDLS,inputs_10x10_v_hi,midpoint,2,seed_time_s,120.02213835716248
20260915_085352,C0+C0p+C3+FLOW+MTC+S11+WARM+PRE+K5+K7+FILT+MD+SEED+SEEDLS,inputs_10x10_v_hi,midpoint,2,seed_source,localsearch
20260915_085352,C0+C0p+C3+FLOW+MTC+S11+WARM+PRE+K5+K7+FILT+MD+SEED+SEEDLS,inputs_10x10_v_hi,midpoint,2,spcall_INFEASIBLE_PROVEN,1
20260915_085352,C0+C0p+C3+FLOW+MTC+S11+WARM+PRE+K5+K7+FILT+MD+SEED+SEEDLS,inputs_10x10_v_hi,midpoint,2,spcall_TIME_LIMIT_WITH_INCUMBENT,1
20260915_085352,C0+C0p+C3+FLOW+MTC+S11+WARM+PRE+K5+K7+FILT+MD+SEED+SEEDLS,inputs_10x10_v_hi,midpoint,2,cut_singleton_infeasible,698
20260915_085352,C0+C0p+C3+FLOW+MTC+S11+WARM+PRE+K5+K7+FILT+MD+SEED+SEEDLS,inputs_10x10_v_hi,midpoint,2,cut_cell_optimality,34
20260915_085352,C0+C0p+C3+FLOW+MTC+S11+WARM+PRE+K5+K7+FILT+MD+SEED+SEEDLS,inputs_10x10_v_hi,midpoint,2,cut_conflict_infeasible,1
20260915_085352,C0+C0p+C3+FLOW+MTC+S11+WARM+PRE+K5+K7+FILT+MD+SEED+SEEDLS,inputs_10x10_v_hi,midpoint,2,cut_propagation,1
20260915_085352,C0+C0p+C3+FLOW+MTC+S11+WARM+PRE+K5+K7+FILT+MD+SEED+SEEDLS,inputs_10x10_v_hi,midpoint,2,singleton_cache_enabled,1
20260915_085352,C0+C0p+C3+FLOW+MTC+S11+WARM+PRE+K5+K7+FILT+MD+SEED+SEEDLS,inputs_10x10_v_hi,midpoint,2,single_sp_requests,11536
20260915_085352,C0+C0p+C3+FLOW+MTC+S11+WARM+PRE+K5+K7+FILT+MD+SEED+SEEDLS,inputs_10x10_v_hi,midpoint,2,single_sp_solves,2323
20260915_085352,C0+C0p+C3+FLOW+MTC+S11+WARM+PRE+K5+K7+FILT+MD+SEED+SEEDLS,inputs_10x10_v_hi,midpoint,2,single_sp_cache_hits,9213
20260915_085352,C0+C0p+C3+FLOW+MTC+S11+WARM+PRE+K5+K7+FILT+MD+SEED+SEEDLS,inputs_10x10_v_hi,midpoint,2,single_sp_build_time_s,7.427547454833984
20260915_085352,C0+C0p+C3+FLOW+MTC+S11+WARM+PRE+K5+K7+FILT+MD+SEED+SEEDLS,inputs_10x10_v_hi,midpoint,2,single_sp_solve_time_s,7.297321557998657
20260915_085352,C0+C0p+C3+FLOW+MTC+S11+WARM+PRE+K5+K7+FILT+MD+SEED+SEEDLS,inputs_10x10_v_hi,midpoint,2,single_sp_time_s,14.724869012832642
20260915_085352,C0+C0p+C3+FLOW+MTC+S11+WARM+PRE+K5+K7+FILT+MD+SEED+SEEDLS,inputs_10x10_v_hi,midpoint,2,cache_lookup_time_s,0.024195440113544464
20260915_085352,C0+C0p+C3+FLOW+MTC+S11+WARM+PRE+K5+K7+FILT+MD+SEED+SEEDLS,inputs_10x10_v_hi,midpoint,2,est_prevented_solve_time_s,68.80469727516174
20260915_085352,C0+C0p+C3+FLOW+MTC+S11+WARM+PRE+K5+K7+FILT+MD+SEED+SEEDLS,inputs_10x10_v_hi,midpoint,2,single_sp_status_FEASIBLE_VERIFIED,2303
20260915_085352,C0+C0p+C3+FLOW+MTC+S11+WARM+PRE+K5+K7+FILT+MD+SEED+SEEDLS,inputs_10x10_v_hi,midpoint,2,single_sp_status_INFEASIBLE_PROVEN,20
20260915_085352,C0+C0p+C3+FLOW+MTC+S11+WARM+PRE+K5+K7+FILT+MD+SEED+SEEDLS,inputs_10x10_v_hi,midpoint,2,single_sp_status_UNKNOWN,0
20260915_085352,C0+C0p+C3+FLOW+MTC+S11+WARM+PRE+K5+K7+FILT+MD+SEED+SEEDLS,inputs_10x10_v_hi,midpoint,2,dup_cuts_prevented,0
20260915_085352,C0+C0p+C3+FLOW+MTC+S11+WARM+PRE+K5+K7+FILT+MD+SEED+SEEDLS,inputs_10x10_v_hi,midpoint,2,single_sp_distinct,2323
20260915_085352,C0+C0p+C3+FLOW+MTC+S11+WARM+PRE+K5+K7+FILT+MD+SEED+SEEDLS,inputs_10x10_v_hi,midpoint,2,master_time_s,1660.727576971054
20260915_085352,C0+C0p+C3+FLOW+MTC+S11+WARM+PRE+K5+K7+FILT+MD+SEED+SEEDLS,inputs_10x10_v_hi,midpoint,2,sp_time_s,0.32466650009155273
20260915_085352,C0+C0p+C3+FLOW+MTC+S11+WARM+PRE+K5+K7+FILT+MD+SEED+SEEDLS,inputs_10x10_v_hi,midpoint,2,master_time_share,0.9998045416684709
20260915_085352,C0+C0p+C3+FLOW+MTC+S11+WARM+PRE+K5+K7+FILT+MD+SEED+SEEDLS,inputs_10x10_v_hi,midpoint,2,sp_time_share,0.00019545833152910855
20260915_085352,C0+C0p+C3+FLOW+MTC+S11+WARM+PRE+K5+K7+FILT+MD+SEED+SEEDLS,inputs_10x10_v_hi,midpoint,2,t_to_gap_10pct,
20260915_085352,C0+C0p+C3+FLOW+MTC+S11+WARM+PRE+K5+K7+FILT+MD+SEED+SEEDLS,inputs_10x10_v_hi,midpoint,2,t_to_gap_5pct,
20260915_085352,C0+C0p+C3+FLOW+MTC+S11+WARM+PRE+K5+K7+FILT+MD+SEED+SEEDLS,inputs_10x10_v_hi,midpoint,2,t_to_gap_3pct,
20260915_085352,C0+C0p+C3+FLOW+MTC+S11+WARM+PRE+K5+K7+FILT+MD+SEED+SEEDLS,inputs_10x10_v_hi,midpoint,2,t_to_gap_1pct,
20260915_085852,C0+C0p+C3+FLOW+MTC+S11+WARM+PRE+K5+K7+FILT+MD+SEED+SEEDLS,inputs_10x10_v_full,midpoint,2,status,TIME_LIMIT
20260915_085852,C0+C0p+C3+FLOW+MTC+S11+WARM+PRE+K5+K7+FILT+MD+SEED+SEEDLS,inputs_10x10_v_full,midpoint,2,LB,1322.3831454598876
20260915_085852,C0+C0p+C3+FLOW+MTC+S11+WARM+PRE+K5+K7+FILT+MD+SEED+SEEDLS,inputs_10x10_v_full,midpoint,2,UB,5334.602623089077
20260915_085852,C0+C0p+C3+FLOW+MTC+S11+WARM+PRE+K5+K7+FILT+MD+SEED+SEEDLS,inputs_10x10_v_full,midpoint,2,gap,0.7521121555078186
20260915_085852,C0+C0p+C3+FLOW+MTC+S11+WARM+PRE+K5+K7+FILT+MD+SEED+SEEDLS,inputs_10x10_v_full,midpoint,2,iterations,164
20260915_085852,C0+C0p+C3+FLOW+MTC+S11+WARM+PRE+K5+K7+FILT+MD+SEED+SEEDLS,inputs_10x10_v_full,midpoint,2,runtime_s,1800.0016148090363
20260915_085852,C0+C0p+C3+FLOW+MTC+S11+WARM+PRE+K5+K7+FILT+MD+SEED+SEEDLS,inputs_10x10_v_full,midpoint,2,wall_s,1800.0053663253784
20260915_085852,C0+C0p+C3+FLOW+MTC+S11+WARM+PRE+K5+K7+FILT+MD+SEED+SEEDLS,inputs_10x10_v_full,midpoint,2,n_sp_calls,1
20260915_085852,C0+C0p+C3+FLOW+MTC+S11+WARM+PRE+K5+K7+FILT+MD+SEED+SEEDLS,inputs_10x10_v_full,midpoint,2,incumbent_value,1322.3831454598876
20260915_085852,C0+C0p+C3+FLOW+MTC+S11+WARM+PRE+K5+K7+FILT+MD+SEED+SEEDLS,inputs_10x10_v_full,midpoint,2,certified,0
20260915_085852,C0+C0p+C3+FLOW+MTC+S11+WARM+PRE+K5+K7+FILT+MD+SEED+SEEDLS,inputs_10x10_v_full,midpoint,2,n_Nf,90
20260915_085852,C0+C0p+C3+FLOW+MTC+S11+WARM+PRE+K5+K7+FILT+MD+SEED+SEEDLS,inputs_10x10_v_full,midpoint,2,n_K,42
20260915_085852,C0+C0p+C3+FLOW+MTC+S11+WARM+PRE+K5+K7+FILT+MD+SEED+SEEDLS,inputs_10x10_v_full,midpoint,2,sp_engine,strong_resource
20260915_085852,C0+C0p+C3+FLOW+MTC+S11+WARM+PRE+K5+K7+FILT+MD+SEED+SEEDLS,inputs_10x10_v_full,midpoint,2,sp_mip_gap,0.0
20260915_085852,C0+C0p+C3+FLOW+MTC+S11+WARM+PRE+K5+K7+FILT+MD+SEED+SEEDLS,inputs_10x10_v_full,midpoint,2,sp_tighten,0
20260915_085852,C0+C0p+C3+FLOW+MTC+S11+WARM+PRE+K5+K7+FILT+MD+SEED+SEEDLS,inputs_10x10_v_full,midpoint,2,sp_tight_gap,0.0
20260915_085852,C0+C0p+C3+FLOW+MTC+S11+WARM+PRE+K5+K7+FILT+MD+SEED+SEEDLS,inputs_10x10_v_full,midpoint,2,seed_localsearch,1
20260915_085852,C0+C0p+C3+FLOW+MTC+S11+WARM+PRE+K5+K7+FILT+MD+SEED+SEEDLS,inputs_10x10_v_full,midpoint,2,seed_budget_s,120.0
20260915_085852,C0+C0p+C3+FLOW+MTC+S11+WARM+PRE+K5+K7+FILT+MD+SEED+SEEDLS,inputs_10x10_v_full,midpoint,2,bigm_threshold,18
20260915_085852,C0+C0p+C3+FLOW+MTC+S11+WARM+PRE+K5+K7+FILT+MD+SEED+SEEDLS,inputs_10x10_v_full,midpoint,2,bigm_margin,1.0
20260915_085852,C0+C0p+C3+FLOW+MTC+S11+WARM+PRE+K5+K7+FILT+MD+SEED+SEEDLS,inputs_10x10_v_full,midpoint,2,bigm_method,global_sum
20260915_085852,C0+C0p+C3+FLOW+MTC+S11+WARM+PRE+K5+K7+FILT+MD+SEED+SEEDLS,inputs_10x10_v_full,midpoint,2,bigm_nodes_in_dp,0
20260915_085852,C0+C0p+C3+FLOW+MTC+S11+WARM+PRE+K5+K7+FILT+MD+SEED+SEEDLS,inputs_10x10_v_full,midpoint,2,bigm_dp_completed,False
20260915_085852,C0+C0p+C3+FLOW+MTC+S11+WARM+PRE+K5+K7+FILT+MD+SEED+SEEDLS,inputs_10x10_v_full,midpoint,2,M_d,603.281698735241
20260915_085852,C0+C0p+C3+FLOW+MTC+S11+WARM+PRE+K5+K7+FILT+MD+SEED+SEEDLS,inputs_10x10_v_full,midpoint,2,ts_ub,550.9369497191532
20260915_085852,C0+C0p+C3+FLOW+MTC+S11+WARM+PRE+K5+K7+FILT+MD+SEED+SEEDLS,inputs_10x10_v_full,midpoint,2,te_ub,580.281698735241
20260915_085852,C0+C0p+C3+FLOW+MTC+S11+WARM+PRE+K5+K7+FILT+MD+SEED+SEEDLS,inputs_10x10_v_full,midpoint,2,seed_LB,1322.3831454598876
20260915_085852,C0+C0p+C3+FLOW+MTC+S11+WARM+PRE+K5+K7+FILT+MD+SEED+SEEDLS,inputs_10x10_v_full,midpoint,2,seed_time_s,120.01679611206055
20260915_085852,C0+C0p+C3+FLOW+MTC+S11+WARM+PRE+K5+K7+FILT+MD+SEED+SEEDLS,inputs_10x10_v_full,midpoint,2,seed_source,localsearch
20260915_085852,C0+C0p+C3+FLOW+MTC+S11+WARM+PRE+K5+K7+FILT+MD+SEED+SEEDLS,inputs_10x10_v_full,midpoint,2,spcall_TIME_LIMIT_WITH_INCUMBENT,1
20260915_085852,C0+C0p+C3+FLOW+MTC+S11+WARM+PRE+K5+K7+FILT+MD+SEED+SEEDLS,inputs_10x10_v_full,midpoint,2,cut_singleton_infeasible,770
20260915_085852,C0+C0p+C3+FLOW+MTC+S11+WARM+PRE+K5+K7+FILT+MD+SEED+SEEDLS,inputs_10x10_v_full,midpoint,2,singleton_cache_enabled,1
20260915_085852,C0+C0p+C3+FLOW+MTC+S11+WARM+PRE+K5+K7+FILT+MD+SEED+SEEDLS,inputs_10x10_v_full,midpoint,2,single_sp_requests,7469
20260915_085852,C0+C0p+C3+FLOW+MTC+S11+WARM+PRE+K5+K7+FILT+MD+SEED+SEEDLS,inputs_10x10_v_full,midpoint,2,single_sp_solves,2353
20260915_085852,C0+C0p+C3+FLOW+MTC+S11+WARM+PRE+K5+K7+FILT+MD+SEED+SEEDLS,inputs_10x10_v_full,midpoint,2,single_sp_cache_hits,5116
20260915_085852,C0+C0p+C3+FLOW+MTC+S11+WARM+PRE+K5+K7+FILT+MD+SEED+SEEDLS,inputs_10x10_v_full,midpoint,2,single_sp_build_time_s,3.791290283203125
20260915_085852,C0+C0p+C3+FLOW+MTC+S11+WARM+PRE+K5+K7+FILT+MD+SEED+SEEDLS,inputs_10x10_v_full,midpoint,2,single_sp_solve_time_s,4.610453128814697
20260915_085852,C0+C0p+C3+FLOW+MTC+S11+WARM+PRE+K5+K7+FILT+MD+SEED+SEEDLS,inputs_10x10_v_full,midpoint,2,single_sp_time_s,8.401743412017822
20260915_085852,C0+C0p+C3+FLOW+MTC+S11+WARM+PRE+K5+K7+FILT+MD+SEED+SEEDLS,inputs_10x10_v_full,midpoint,2,cache_lookup_time_s,0.017525759525597095
20260915_085852,C0+C0p+C3+FLOW+MTC+S11+WARM+PRE+K5+K7+FILT+MD+SEED+SEEDLS,inputs_10x10_v_full,midpoint,2,est_prevented_solve_time_s,19.17350172996521
20260915_085852,C0+C0p+C3+FLOW+MTC+S11+WARM+PRE+K5+K7+FILT+MD+SEED+SEEDLS,inputs_10x10_v_full,midpoint,2,single_sp_status_FEASIBLE_VERIFIED,2167
20260915_085852,C0+C0p+C3+FLOW+MTC+S11+WARM+PRE+K5+K7+FILT+MD+SEED+SEEDLS,inputs_10x10_v_full,midpoint,2,single_sp_status_INFEASIBLE_PROVEN,186
20260915_085852,C0+C0p+C3+FLOW+MTC+S11+WARM+PRE+K5+K7+FILT+MD+SEED+SEEDLS,inputs_10x10_v_full,midpoint,2,single_sp_status_UNKNOWN,0
20260915_085852,C0+C0p+C3+FLOW+MTC+S11+WARM+PRE+K5+K7+FILT+MD+SEED+SEEDLS,inputs_10x10_v_full,midpoint,2,dup_cuts_prevented,0
20260915_085852,C0+C0p+C3+FLOW+MTC+S11+WARM+PRE+K5+K7+FILT+MD+SEED+SEEDLS,inputs_10x10_v_full,midpoint,2,single_sp_distinct,2353
20260915_085852,C0+C0p+C3+FLOW+MTC+S11+WARM+PRE+K5+K7+FILT+MD+SEED+SEEDLS,inputs_10x10_v_full,midpoint,2,master_time_s,1671.293761253357
20260915_085852,C0+C0p+C3+FLOW+MTC+S11+WARM+PRE+K5+K7+FILT+MD+SEED+SEEDLS,inputs_10x10_v_full,midpoint,2,sp_time_s,0.0
20260915_085852,C0+C0p+C3+FLOW+MTC+S11+WARM+PRE+K5+K7+FILT+MD+SEED+SEEDLS,inputs_10x10_v_full,midpoint,2,master_time_share,1.0
20260915_085852,C0+C0p+C3+FLOW+MTC+S11+WARM+PRE+K5+K7+FILT+MD+SEED+SEEDLS,inputs_10x10_v_full,midpoint,2,sp_time_share,0.0
20260915_085852,C0+C0p+C3+FLOW+MTC+S11+WARM+PRE+K5+K7+FILT+MD+SEED+SEEDLS,inputs_10x10_v_full,midpoint,2,t_to_gap_10pct,
20260915_085852,C0+C0p+C3+FLOW+MTC+S11+WARM+PRE+K5+K7+FILT+MD+SEED+SEEDLS,inputs_10x10_v_full,midpoint,2,t_to_gap_5pct,
20260915_085852,C0+C0p+C3+FLOW+MTC+S11+WARM+PRE+K5+K7+FILT+MD+SEED+SEEDLS,inputs_10x10_v_full,midpoint,2,t_to_gap_3pct,
20260915_085852,C0+C0p+C3+FLOW+MTC+S11+WARM+PRE+K5+K7+FILT+MD+SEED+SEEDLS,inputs_10x10_v_full,midpoint,2,t_to_gap_1pct,
